Kaggle_ID,Date,Hour,Temperature,Humidity,Wind speed,Visibility,Dew point temperature,Solar Radiation,Rainfall,Snowfall,Seasons,Holiday,Functioning Day,Record_id,Rented Bike Count
0,15/05/2018,11,24.8,36,1.8,973,8.7,2.7,0.0,0.0,Sprng,No Holiday,Yes,5137441,943
1,7/9/2018,23,12.9,0,2.4,1688,50.9,0.0,2.4,1.4,Sproing,No Holiday,No,1465289,156
2,8/6/2018,21,21.2,77,1.7,638,16.9,0.0,0.0,0.0,Summr,No Holiday,Yes,13081158,2477
3,3/2/2018,23,-10.0,48,2.6,2000,-18.9,0.0,0.0,0.0,Winteer,No Holiday,Yes,807953,88
4,20/07/2018,18,33.9,42,2.0,1969,19.1,1.25,0.0,0.0,Sumer,No Holiday,Yes,13313822,2584
5,23/06/2018,18,26.3,55,3.2,1119,16.5,0.64,0.0,0.0,Summer,No Holiday,Yes,11877337,2328
6,6/7/2018,1,23.1,66,1.6,2000,16.3,0.0,0.0,0.0,Sumer,No Holiday,Yes,4965018,831
7,11/3/2018,3,4.4,80,1.6,393,1.2,0.0,0.0,0.0,Sprng,No Holiday,Yes,1151402,130
8,20/01/2018,22,1.5,48,2.4,422,-8.3,0.0,0.0,0.0,Wintr,No Holiday,Yes,1613698,225
9,22/05/2018,8,18.2,63,0.8,1731,11.0,1.0,0.0,0.0,Sproing,Holiday,Yes,4164837,719
10,9/1/2018,23,-4.9,80,0.7,690,-7.8,0.0,0.0,0.2,Wonter,No Holiday,Yes,1200126,77
11,7/12/2017,21,-2.2,46,2.2,1975,-12.2,0.0,0.0,0.0,Wintr,No Holiday,Yes,3017933,420
12,4/12/2017,15,-0.1,25,5.8,2000,-17.8,0.88,0.0,0.0,Wintr,No Holiday,Yes,2409351,389
13,17/06/2018,21,22.7,66,0.9,1069,16.0,0.0,0.0,0.0,Summmer,No Holiday,Yes,11098581,2128
14,26/02/2018,11,4.6,37,1.6,1309,-8.8,1.95,0.0,0.0,Winter,No Holiday,Yes,2425606,343
15,30/09/2018,15,21.3,32,3.8,2000,3.9,2.31,0.0,0.0,Auttumn,No Holiday,No,239646,0
16,2/12/2017,23,4.0,56,1.0,1352,-4.0,0.0,0.0,0.0,Wintr,No Holiday,Yes,2268243,349
17,9/12/2017,4,-4.3,49,0.7,2000,-13.4,0.0,0.0,0.0,Wintr,No Holiday,Yes,1161028,75
18,23/09/2018,8,17.0,69,1.2,2000,11.2,0.3,0.0,0.0,Autumn,Holiday,Yes,2715639,426
19,30/12/2017,6,-1.1,81,,253,-3.9,0.0,0.0,0.0,Winteer,No Holiday,Yes,674867,56
20,1/7/2018,8,22.1,93,,805,20.9,0.14,1.0,0.0,Summer,No Holiday,Yes,374571,22
21,25/06/2018,22,27.4,55,0.3,1001,17.5,0.0,0.0,0.0,Summr,No Holiday,Yes,11274078,2098
22,7/1/2018,11,0.5,35,1.4,1558,-13.2,0.75,0.0,0.0,Winter,No Holiday,Yes,1474565,201
23,17/02/2018,8,-7.1,30,1.7,1991,-21.7,0.04,0.0,0.0,Winteer,Holiday,Yes,676937,59
24,6/10/2018,-10,12.4,57,1.8,1385,4.1,0.56,0.2,0.1,Autum,No Holiday,Yes,6889044,1334
25,3/4/2018,23,15.0,94,1.6,163,14.0,0.0,0.0,0.0,Spriing,No Holiday,Yes,3104694,457
26,13/08/2018,-10,12.1,58,1.7,1503,3.6,0.62,0.2,0.1,Sproing,No Holiday,No,2020683,283
27,12/2/2018,23,29.4,2,4.3,2059,-8.5,0.0,1.6,0.0,Autmn,Holiday,No,8491368,1502
28,12/4/2018,7,7.6,54,1.7,1690,-1.1,0.13,0.0,0.0,Sproing,No Holiday,Yes,5499687,1038
29,7/7/2018,5,19.8,63,1.4,2000,12.5,0.0,0.0,0.0,Summmer,No Holiday,Yes,1590004,275
30,20/10/2018,7,7.0,82,0.5,867,4.1,0.0,0.0,0.0,Auttumn,No Holiday,Yes,2499985,423
31,9/8/2018,1,28.8,75,2.1,1975,23.9,0.0,0.0,0.0,Summmer,No Holiday,Yes,4683794,755
32,19/07/2018,16,33.7,43,2.7,1890,19.3,2.55,0.0,0.0,Summmer,No Holiday,Yes,6102944,1034
33,7/8/2018,-10,12.3,59,1.7,1430,5.1,0.6,0.2,0.1,Spriing,Holiday,No,10955626,1994
34,24/07/2018,10,32.4,54,0.9,1631,21.8,1.45,0.0,0.0,Sumer,No Holiday,Yes,3369083,584
35,13/03/2018,15,18.6,47,3.3,1560,7.0,2.08,0.0,0.0,Spring,No Holiday,Yes,4635312,867
36,11/12/2017,9,-5.9,36,5.1,1941,-18.6,0.1,0.0,0.0,Wonter,No Holiday,Yes,2378400,352
37,4/6/2018,22,22.0,64,1.8,1211,14.8,0.0,,0.0,Sumer,No Holiday,Yes,10485049,1966
38,4/10/2018,4,13.3,75,0.4,1792,8.9,0.0,0.0,0.0,Autumn,No Holiday,No,661513,0
39,23/09/2018,22,18.5,40,2.5,2000,4.6,0.0,0.0,0.0,Autumn,Holiday,Yes,6020580,1045
40,10/1/2018,18,-7.8,32,4.5,2000,-21.6,0.02,0.0,0.0,Wonter,No Holiday,Yes,2514355,428
41,9/8/2018,6,27.7,84,1.4,1436,24.7,0.0,0.0,0.0,Summmer,No Holiday,Yes,3732905,620
42,14/02/2018,18,5.1,34,2.3,1440,-9.5,0.09,0.0,0.0,Winteer,No Holiday,Yes,3466152,588
43,20/02/2018,-7,13.1,59,1.8,1461,3.6,0.57,0.2,0.1,Auttumn,Holiday,No,4048158,757
44,4/5/2018,21,13.3,47,1.9,1805,2.2,0.0,0.0,0.0,Sprng,No Holiday,Yes,7479212,1341
45,19/07/2018,-10,12.8,59,1.8,1433,4.2,0.54,0.2,0.1,Winteer,Holiday,No,959345,94
46,4/2/2018,4,-11.2,47,2.3,2000,-20.3,0.0,0.0,0.0,Wintr,No Holiday,Yes,1131839,42
47,4/6/2018,10,25.1,40,2.7,1076,10.5,2.37,0.0,0.0,Summmer,No Holiday,Yes,5467178,937
48,26/12/2017,4,-2.6,72,1.4,1929,-6.9,0.0,0.0,0.0,Winter,No Holiday,Yes,513651,37
49,21/09/2018,20,20.0,82,0.4,2000,16.8,0.0,0.0,0.0,Autum,No Holiday,Yes,8383888,1625
50,19/03/2018,15,9.8,57,3.0,2000,1.6,0.43,0.0,0.0,Spring,No Holiday,Yes,2217460,275
51,22/03/2018,11,6.9,46,2.1,1541,-3.9,2.33,0.0,0.0,Sprng,No Holiday,Yes,3352854,570
52,29/10/2018,2,4.7,81,1.0,1918,1.7,0.0,0.0,0.0,Autmn,No Holiday,Yes,1934096,191
53,16/10/2018,23,12.9,78,0.6,1201,9.1,0.0,,0.0,Auttumn,No Holiday,Yes,5510192,973
54,30/09/2018,20,16.0,39,2.9,2000,2.0,,0.0,0.0,Autumn,No Holiday,No,452762,0
55,11/12/2017,14,-5.4,31,4.1,1945,-19.9,1.13,,0.0,Wintr,No Holiday,Yes,1582977,247
56,15/03/2018,8,14.1,97,1.1,342,13.6,0.0,0.0,0.0,Spring,No Holiday,Yes,618235,38
57,7/4/2018,13,7.4,22,4.5,1964,-12.9,,0.0,0.0,Spriing,No Holiday,Yes,4559277,840
58,16/09/2018,19,21.2,87,2.7,479,18.9,0.01,0.0,0.0,Autumn,No Holiday,Yes,4282947,824
59,22/02/2018,5,-2.4,59,1.1,1984,-9.3,0.0,0.0,0.0,Wonter,No Holiday,Yes,507675,73
60,28/01/2018,19,-6.0,31,3.6,2000,-20.4,0.0,0.0,0.0,Wintr,No Holiday,Yes,1091396,137
61,8/5/2018,14,22.2,42,1.7,2000,8.6,2.29,0.0,0.0,Sproing,No Holiday,Yes,6213729,1173
62,6/5/2018,14,17.2,85,1.3,2000,14.6,0.94,0.0,0.0,Sproing,No Holiday,Yes,2867063,411
63,29/06/2018,14,27.8,57,2.1,760,18.4,,0.0,0.0,Sumer,No Holiday,Yes,6912707,1214
64,24/03/2018,23,6.4,85,2.3,155,4.0,0.0,0.0,0.0,Spring,No Holiday,Yes,2047103,342
65,22/03/2018,22,3.9,66,2.7,990,-1.8,0.0,0.0,0.0,Sproing,No Holiday,Yes,3641409,602
66,9/8/2018,21,27.8,82,0.3,1397,24.4,0.0,0.0,0.0,Summer,No Holiday,Yes,9019729,1708
67,25/04/2018,15,22.8,21,2.1,1542,-0.6,2.75,0.0,0.0,Sprng,No Holiday,Yes,6571137,1202
68,29/12/2017,20,1.7,73,0.5,332,-2.6,0.0,0.0,0.0,Winter,No Holiday,Yes,2042615,281
69,21/10/2018,11,16.8,38,1.5,1326,2.3,2.07,0.0,0.0,Autum,No Holiday,Yes,5599347,1045
70,13/03/2018,-8,12.7,58,1.7,1403,4.8,0.49,0.2,0.1,Summer,Holiday,Yes,2176708,285
71,28/01/2018,11,-4.6,27,2.6,1887,-20.8,0.85,0.0,0.0,Winter,No Holiday,Yes,921310,146
72,17/06/2018,-5,12.4,58,1.6,1439,4.6,0.58,0.1,0.1,Summmer,Holiday,Yes,1803829,316
73,30/12/2017,13,4.0,62,1.0,256,-2.6,0.51,0.0,0.0,Wintr,No Holiday,Yes,1780392,317
74,31/05/2018,22,21.1,59,,1874,12.7,0.0,0.0,0.0,Sproing,No Holiday,Yes,10912758,1990
75,5/9/2018,2,20.6,72,0.9,2000,15.3,0.0,0.0,0.0,Autum,No Holiday,Yes,3577999,516
76,22/08/2018,-9,13.2,59,,1392,3.3,,0.1,0.1,Summer,No Holiday,No,638372,0
77,25/08/2018,16,27.2,58,3.7,1987,18.2,0.99,0.0,0.0,Sumer,No Holiday,Yes,8333957,1642
78,3/4/2018,10,18.9,66,2.0,1298,12.4,0.85,0.0,0.0,Sprng,No Holiday,Yes,4128106,689
79,11/6/2018,23,18.2,93,0.8,460,17.0,0.0,3.5,0.0,Sumer,No Holiday,Yes,2335810,398
80,20/11/2018,14,12.3,16,2.5,1797,-12.8,1.69,0.0,0.0,Autmn,No Holiday,Yes,4390793,842
81,7/4/2018,12,6.0,23,4.2,1990,-13.6,2.0,0.0,0.0,Spriing,No Holiday,Yes,3956197,755
82,1/9/2018,15,30.0,45,0.9,2000,16.7,2.1,0.0,0.0,Autumn,No Holiday,Yes,7461781,1432
83,5/3/2018,0,7.6,88,2.5,1974,5.7,0.0,9.0,0.0,Sprng,No Holiday,Yes,445168,18
84,25/07/2018,-8,12.2,58,1.8,1373,4.2,0.58,0.2,0.0,Sproing,No Holiday,Yes,1181680,53
85,29/12/2017,5,0.7,66,0.7,687,-4.9,0.0,0.0,0.0,Winteer,No Holiday,Yes,499193,68
86,18/04/2018,7,6.4,51,1.0,1398,-3.0,0.19,0.0,0.0,Sprng,No Holiday,Yes,5813417,1078
87,4/6/2018,23,21.4,68,2.7,972,15.2,0.0,0.0,0.0,Summr,No Holiday,Yes,8070712,1438
88,31/08/2018,11,26.7,51,2.7,1925,15.7,2.65,,0.0,Summr,No Holiday,Yes,4756884,893
89,6/4/2018,11,8.3,69,4.1,1217,2.9,1.81,0.0,0.0,Sproing,No Holiday,Yes,3081667,590
90,7/7/2018,19,26.1,51,1.4,2000,15.1,0.32,0.0,0.0,Summer,No Holiday,Yes,12029910,2378
91,8/5/2018,11,21.0,45,1.6,2000,8.6,2.89,0.0,0.0,Sproing,No Holiday,Yes,4737016,900
92,23/11/2018,8,-3.0,43,1.1,2000,-13.8,0.03,,0.0,Auttumn,No Holiday,Yes,8640944,1569
93,8/1/2018,10,1.3,43,0.8,971,-9.9,,0.0,0.0,Winteer,No Holiday,Yes,1801369,252
94,2/9/2018,4,21.1,62,1.8,2000,13.5,0.0,0.0,0.0,Autumn,No Holiday,Yes,1775382,256
95,14/07/2018,9,27.0,70,1.1,1393,21.0,1.15,0.0,0.0,Summmer,No Holiday,Yes,5579197,922
96,4/3/2018,8,-9.7,0,-0.8,309,-22.8,1.07,0.0,0.0,Wonter,No Holiday,No,905594,0
97,7/10/2018,9,16.2,60,1.9,1899,8.4,1.16,0.0,0.0,Autum,No Holiday,Yes,4320444,784
98,16/03/2018,16,11.6,31,1.4,1999,-4.9,2.11,0.0,0.0,Sprng,No Holiday,Yes,5961671,994
99,5/5/2018,4,12.1,51,1.6,1939,2.2,,,0.0,Spriing,No Holiday,Yes,1404940,243
100,4/5/2018,15,19.9,26,3.8,1898,-0.1,3.0,0.0,0.0,Spriing,No Holiday,Yes,7919415,1385
101,22/09/2018,-9,11.8,59,1.7,1439,5.7,0.49,0.2,0.1,Wonter,Holiday,No,7822327,1511
102,12/1/2018,0,-13.6,49,,2000,-22.0,0.0,0.0,0.0,Winter,No Holiday,Yes,1138499,112
103,6/4/2018,19,4.8,48,,1126,-5.3,0.17,0.0,0.0,Spriing,No Holiday,Yes,3972708,714
104,18/11/2018,5,2.3,53,0.6,1763,-6.3,0.0,0.0,0.0,Autumn,No Holiday,Yes,764943,104
105,25/08/2018,14,29.2,52,3.1,1735,18.3,2.68,0.0,0.0,Summer,No Holiday,Yes,6625122,1291
106,11/8/2018,12,33.2,50,2.3,2000,21.3,2.84,0.0,0.0,Summer,No Holiday,Yes,4626890,783
107,14/03/2018,8,14.2,67,0.9,1812,8.1,,0.0,0.0,Spriing,No Holiday,Yes,6996908,1361
108,25/09/2018,11,20.1,40,1.6,1985,6.0,2.47,0.0,0.0,Autum,Holiday,Yes,4487922,872
109,11/7/2018,-8,13.0,57,,1438,4.7,0.48,,0.1,Autumn,No Holiday,No,3562536,617
110,16/03/2018,22,4.9,46,0.8,2000,-5.7,0.0,,0.0,Spriing,No Holiday,Yes,4274306,681
111,4/5/2018,8,11.3,46,1.2,1788,0.0,1.04,0.0,0.0,Spring,No Holiday,Yes,10861419,2104
112,9/1/2018,13,-2.6,45,4.0,1663,-12.9,1.11,0.0,0.3,Winter,No Holiday,Yes,2113635,269
113,16/03/2018,-6,12.6,58,1.7,1376,4.9,0.58,0.2,0.0,Autmn,No Holiday,No,2369204,333
114,5/8/2018,11,,63,2.6,1695,23.3,1.99,0.0,0.0,Summmer,No Holiday,Yes,2750605,460
115,8/2/2018,6,-9.3,61,0.7,1684,-15.4,,0.0,0.0,Wintr,No Holiday,Yes,1341090,103
116,29/10/2018,15,11.0,46,3.4,2000,-0.1,0.57,0.0,0.0,Auttumn,No Holiday,Yes,5255710,969
117,1/9/2018,20,26.9,49,2.1,2000,15.2,0.0,0.0,0.0,Autum,No Holiday,Yes,7931230,1456
118,22/12/2017,14,5.9,55,0.6,779,-2.4,0.48,,0.0,Wonter,Holiday,Yes,2026507,291
119,1/7/2018,16,22.2,97,1.1,1745,21.6,0.25,1.0,0.0,Summr,No Holiday,Yes,1103746,50
120,22/08/2018,8,25.7,66,0.9,1976,18.8,0.64,0.0,0.0,Summer,No Holiday,Yes,10674184,1976
121,20/02/2018,6,-2.1,82,1.8,381,-4.7,0.0,0.0,0.0,Wonter,No Holiday,Yes,1747088,151
122,21/02/2018,18,1.8,16,3.4,2000,-21.4,0.31,0.0,0.0,Wintr,No Holiday,Yes,4704406,744
123,12/10/2018,13,15.8,36,1.5,1888,0.7,,0.0,0.0,Autumn,No Holiday,Yes,6219977,1208
124,6/3/2018,14,9.2,27,2.9,1880,-8.8,2.32,0.0,0.0,Spring,No Holiday,Yes,3214032,565
125,21/07/2018,7,25.3,71,,1226,19.6,0.34,0.0,0.0,Sumer,No Holiday,Yes,3260430,474
126,20/12/2017,15,-0.2,45,1.0,1852,-10.7,0.41,,1.6,Winter,No Holiday,Yes,2045881,242
127,15/10/2018,9,12.8,74,0.5,831,8.2,0.31,0.0,0.0,Autum,No Holiday,Yes,5954303,1154
128,25/03/2018,7,4.7,82,1.3,198,1.8,,0.0,0.0,Sprng,No Holiday,Yes,1113642,132
129,11/5/2018,19,17.1,51,2.5,1223,6.8,,0.0,0.0,Spriing,No Holiday,Yes,10540717,2019
130,8/10/2018,17,20.0,28,0.7,2000,0.9,0.79,0.0,0.0,Autumn,No Holiday,Yes,11385703,2112
131,14/11/2018,16,15.2,40,2.7,1371,1.6,0.87,0.0,0.0,Autum,No Holiday,Yes,6211807,1131
132,16/01/2018,22,4.0,57,0.3,430,-3.7,0.0,0.0,0.0,Wintr,No Holiday,Yes,2629843,334
133,30/09/2018,6,15.5,80,0.4,2000,12.0,,0.0,0.0,Autmn,No Holiday,No,290847,0
134,27/08/2018,11,22.0,96,1.6,602,21.3,0.36,0.5,0.0,Summer,No Holiday,Yes,890222,118
135,3/1/2018,9,-6.8,44,1.7,1858,-17.0,0.16,,0.0,Wintr,No Holiday,Yes,2795082,370
136,16/06/2018,-9,13.1,57,1.8,1468,3.2,0.54,0.1,0.0,Sprng,Holiday,No,8000919,1469
137,23/05/2018,4,15.0,97,1.4,1827,14.5,0.0,0.0,0.0,Spriing,No Holiday,Yes,889894,49
138,7/4/2018,6,1.7,58,3.8,1189,-5.6,0.0,0.0,0.0,Sproing,No Holiday,Yes,958580,126
139,17/01/2018,3,3.0,67,0.8,297,-2.5,0.0,0.0,0.0,Wonter,No Holiday,Yes,643933,92
140,1/5/2018,17,22.0,65,2.4,589,15.1,0.47,0.0,0.0,Spriing,Holiday,Yes,9588337,1893
141,2/9/2018,9,23.4,52,1.3,1997,12.9,1.53,0.0,0.0,Auttumn,No Holiday,Yes,4103633,699
142,26/08/2018,8,22.1,74,1.0,1479,17.2,0.77,0.0,0.0,Summr,No Holiday,Yes,3094073,567
143,8/8/2018,20,31.0,66,2.9,1857,23.8,0.02,0.0,0.0,Sumer,No Holiday,Yes,9226495,1805
144,23/04/2018,22,9.6,90,1.9,2000,8.0,0.0,0.0,0.0,Spriing,No Holiday,Yes,1456531,166
145,19/02/2018,22,1.0,69,0.7,525,-4.0,0.0,0.0,0.0,Wonter,No Holiday,Yes,2709311,368
146,12/5/2018,20,15.7,97,0.3,343,15.2,0.0,1.0,0.0,Sprng,No Holiday,Yes,745769,25
147,18/06/2018,-2,12.4,58,1.8,1439,2.8,0.49,0.1,0.0,Summr,Holiday,Yes,983693,52
148,25/11/2018,-10,12.6,57,1.7,1383,3.4,0.58,0.3,0.1,Sumer,No Holiday,No,6146738,1164
149,7/8/2018,3,27.6,69,0.9,2000,21.3,0.0,0.0,0.0,Sumer,No Holiday,Yes,2204022,282
150,3/5/2018,16,12.8,53,3.3,2000,3.4,0.76,0.0,0.0,Spring,No Holiday,Yes,5660534,945
151,27/01/2018,23,-7.6,42,1.2,1760,-18.3,0.0,0.0,0.0,Winter,No Holiday,Yes,584150,96
152,8/12/2017,19,-3.3,35,1.1,2000,-16.6,0.0,0.0,0.0,Wonter,No Holiday,Yes,3175065,481
153,8/7/2018,23,24.6,60,2.6,2000,16.3,0.0,0.0,0.0,Summr,No Holiday,Yes,6810416,1229
154,1/2/2018,-5,13.4,59,1.8,1443,3.1,0.6,0.1,0.1,Winteer,No Holiday,Yes,3042418,528
155,3/8/2018,7,30.8,58,1.6,1777,21.5,0.22,,0.0,Sumer,No Holiday,Yes,5327298,956
156,27/01/2018,1,-15.1,43,0.8,1905,-24.9,0.0,0.0,0.3,Wonter,No Holiday,Yes,1208897,75
157,27/11/2018,22,6.6,33,2.1,722,-8.5,0.0,0.0,0.0,Autum,No Holiday,Yes,3718328,721
158,15/10/2018,18,18.0,66,2.3,554,11.5,0.1,0.0,0.0,Autumn,No Holiday,Yes,14041500,2643
159,19/07/2018,-8,13.6,60,1.7,1401,4.6,0.49,0.1,0.1,Spring,No Holiday,No,9942189,1922
160,21/03/2018,17,2.5,78,2.0,2000,-0.9,0.25,0.0,0.0,Spring,No Holiday,Yes,1707922,301
161,24/11/2018,9,0.3,97,3.0,34,-0.1,0.0,9.1,7.1,Autumn,No Holiday,Yes,957919,26
162,19/08/2018,1,25.0,57,0.9,2000,15.8,0.0,0.0,0.0,Summer,No Holiday,Yes,5096991,821
163,22/08/2018,11,32.1,49,1.6,1874,20.0,2.63,0.0,0.0,Summer,No Holiday,Yes,4189258,738
164,15/05/2018,4,16.1,74,0.8,440,11.4,0.0,0.0,0.0,Spriing,No Holiday,Yes,1103006,163
165,19/08/2018,3,24.0,59,0.6,2000,15.4,0.0,0.0,0.0,Summer,No Holiday,Yes,2919110,442
166,25/09/2018,18,21.6,37,1.0,2000,6.2,0.24,,0.0,Autmn,Holiday,Yes,9947543,1881
167,4/10/2018,19,22.3,50,1.4,2000,11.3,0.0,0.0,0.0,Autum,No Holiday,No,236931,0
168,22/01/2018,1,-0.2,32,0.7,2000,-14.9,0.0,0.0,0.0,Winter,No Holiday,Yes,1268767,109
169,5/4/2018,-7,12.9,58,1.8,1378,4.2,0.55,0.2,0.1,Auttumn,Holiday,No,6939999,1249
170,26/02/2018,15,10.3,23,2.1,1317,-9.9,2.09,0.0,0.0,Winter,No Holiday,Yes,3636924,540
171,13/04/2018,14,18.7,14,1.6,2000,-9.3,1.25,0.0,0.0,Spriing,No Holiday,Yes,5763076,1049
172,15/02/2018,10,-1.6,26,1.9,1980,-18.6,1.29,0.0,0.0,Wonter,Holiday,Yes,1418641,114
173,9/11/2018,6,11.0,70,3.1,900,5.7,0.0,0.0,0.0,Autmn,No Holiday,No,419213,0
174,28/03/2018,10,14.7,62,2.9,684,7.4,1.59,0.0,0.0,Sprng,No Holiday,Yes,2718858,491
175,1/6/2018,6,17.5,76,1.2,1161,13.2,0.05,0.0,0.0,Summer,No Holiday,Yes,3890364,671
176,3/11/2018,4,6.3,72,1.0,1104,1.6,0.0,0.0,0.0,Autum,No Holiday,No,589094,0
177,5/5/2018,18,,31,3.4,1953,4.5,0.79,0.0,0.0,Sproing,No Holiday,Yes,10452752,1995
178,30/07/2018,7,26.8,59,1.1,2000,18.1,0.28,,0.0,Summmer,No Holiday,Yes,6006921,1155
179,27/06/2018,23,22.3,83,2.6,490,19.2,0.0,0.0,0.0,Summer,No Holiday,Yes,5957580,1084
180,25/09/2018,12,21.7,36,2.0,2000,5.9,2.78,0.0,0.0,Auttumn,Holiday,Yes,6271903,1070
181,18/01/2018,16,3.6,42,2.4,883,-8.1,0.29,0.0,0.0,Winter,No Holiday,Yes,1739617,309
182,22/09/2018,9,,78,1.3,740,15.7,,0.0,0.0,Autmn,No Holiday,Yes,4870041,803
183,20/01/2018,3,-0.9,65,0.2,1359,-6.6,0.0,0.0,0.0,Winter,No Holiday,Yes,940901,113
184,9/5/2018,23,,62,1.4,2000,7.9,0.0,0.0,0.0,Spriing,No Holiday,Yes,5884725,1156
185,27/04/2018,3,10.7,63,1.1,989,3.9,0.0,0.0,0.0,Spriing,No Holiday,Yes,2076340,234
186,29/09/2018,2,15.8,71,1.1,2000,10.5,0.0,0.0,0.0,Autumn,No Holiday,Yes,4126980,709
187,21/02/2018,22,-2.2,55,1.4,2000,-10.0,0.0,0.0,0.0,Wintr,No Holiday,Yes,1838726,298
188,9/1/2018,1,-1.9,69,5.0,791,-6.8,0.0,0.0,1.0,Wintr,No Holiday,Yes,973439,126
189,7/2/2018,-4,12.6,56,1.7,1470,4.4,0.58,,0.1,Autum,Holiday,Yes,4883037,777
190,17/12/2017,13,-4.5,25,3.2,1989,-21.6,1.14,0.0,0.0,Winter,No Holiday,Yes,1439298,216
191,23/01/2018,12,-11.3,27,3.7,1955,-26.6,1.18,0.0,1.0,Wonter,No Holiday,Yes,1584464,196
192,9/2/2018,18,4.1,40,2.1,1327,-8.3,0.1,0.0,0.0,Wonter,No Holiday,Yes,3639532,610
193,5/1/2018,19,-2.5,49,0.6,1436,-11.7,0.0,0.0,0.0,Wintr,No Holiday,Yes,2547835,418
194,2/7/2018,3,21.1,96,2.4,866,20.4,0.0,4.5,0.0,Summr,No Holiday,Yes,411133,20
195,17/05/2018,0,22.0,97,1.6,152,21.4,0.0,0.5,0.0,Spriing,No Holiday,Yes,1602631,131
196,15/11/2018,21,9.6,52,1.3,906,0.2,,0.0,0.0,Autum,No Holiday,Yes,6407399,1133
197,27/12/2017,22,-6.4,36,1.3,2000,-19.0,0.0,0.0,0.0,Wintr,No Holiday,Yes,1411605,245
198,3/8/2018,5,30.5,72,0.5,1084,24.8,0.0,0.0,0.0,Summr,No Holiday,Yes,1935285,267
199,8/7/2018,0,20.7,51,1.7,2000,10.1,0.0,0.0,0.0,Summer,No Holiday,Yes,6187432,1196
200,4/11/2018,22,11.2,67,1.3,940,5.2,0.0,0.0,0.0,Autumn,No Holiday,Yes,5151890,935
201,25/08/2018,5,23.3,79,,1592,19.4,0.0,0.0,0.0,Summmer,No Holiday,Yes,1625786,210
202,9/5/2018,16,21.4,35,2.7,1838,5.2,2.38,0.0,0.0,Spriing,No Holiday,Yes,8532611,1593
203,6/5/2018,9,15.4,97,0.8,413,14.9,0.18,1.0,0.0,Sproing,No Holiday,Yes,970996,13
204,26/03/2018,10,10.0,70,,187,4.7,1.57,0.0,0.0,Sprng,No Holiday,Yes,2354985,410
205,6/1/2018,21,-2.5,47,0.8,1495,-12.2,,0.0,0.0,Wintr,No Holiday,Yes,1191872,216
206,19/03/2018,23,6.9,44,3.3,2000,-4.5,0.0,0.0,0.0,Spring,No Holiday,Yes,1983770,351
207,26/07/2018,13,32.4,54,0.7,896,21.8,1.41,,0.0,Summmer,No Holiday,Yes,3336515,632
208,28/11/2018,16,9.6,17,3.0,1706,-14.3,0.77,0.0,0.0,Autum,No Holiday,Yes,4581740,858
209,28/05/2018,15,28.4,43,3.1,900,14.6,2.28,0.0,0.0,Spriing,No Holiday,Yes,7303846,1315
210,27/01/2018,21,-7.9,35,2.6,1878,-20.7,0.0,,0.0,Wintr,No Holiday,Yes,1480721,106
211,3/2/2018,18,-6.6,36,4.4,2000,-19.2,0.15,0.0,0.0,Wonter,No Holiday,Yes,1371644,168
212,24/06/2018,22,23.9,72,0.8,1098,18.5,0.0,0.0,0.0,Summer,No Holiday,Yes,10036655,1885
213,8/4/2018,21,2.8,88,2.1,592,1.0,0.0,0.0,0.0,Sprng,No Holiday,Yes,1791408,165
214,21/04/2018,17,23.2,12,3.6,2000,-7.8,1.69,0.0,0.0,Sprng,No Holiday,Yes,11166799,2084
215,19/02/2018,8,-1.2,51,0.8,1800,-10.0,0.05,0.0,0.0,Wintr,No Holiday,Yes,4439422,702
216,10/4/2018,3,,48,0.8,1455,-2.2,0.0,0.0,0.0,Spring,No Holiday,Yes,1596669,150
217,26/04/2018,4,10.7,70,0.7,1404,5.4,0.0,0.0,0.0,Spring,No Holiday,Yes,1609629,160
218,5/2/2018,3,-11.3,54,0.6,2000,-18.7,0.0,0.0,0.0,Wintr,No Holiday,Yes,410847,41
219,18/07/2018,18,32.0,50,2.6,1374,20.2,1.25,0.0,0.0,Summer,No Holiday,Yes,14125714,2729
220,10/9/2018,7,18.9,63,1.8,2000,11.6,0.09,0.0,0.0,Auttumn,No Holiday,Yes,8120818,1534
221,7/7/2018,13,27.5,43,2.0,2000,13.7,3.41,0.0,0.0,Sumer,No Holiday,Yes,8089513,1449
222,28/09/2018,21,17.8,66,1.1,2000,11.3,0.0,0.0,0.0,Autum,No Holiday,No,561735,0
223,20/05/2018,9,16.0,34,1.3,2000,0.1,1.0,0.0,0.0,Spring,No Holiday,Yes,3969255,703
224,7/3/2018,10,5.2,52,1.5,1808,-3.8,0.74,0.0,0.0,Sproing,No Holiday,Yes,2381781,427
225,29/10/2018,14,11.3,39,,2000,-2.1,,0.0,0.0,Autumn,No Holiday,Yes,5022857,832
226,15/06/2018,4,18.0,93,1.6,627,16.8,0.0,10.5,0.0,Sumer,No Holiday,Yes,1204605,64
227,25/09/2018,8,12.0,61,1.3,1988,4.6,0.6,0.0,0.0,Autmn,Holiday,Yes,2939872,432
228,10/7/2018,5,20.6,97,0.6,2000,20.1,0.0,0.0,0.0,Summmer,No Holiday,Yes,982817,164
229,22/04/2018,6,14.6,42,0.5,2000,1.8,0.0,0.0,0.0,Sproing,No Holiday,Yes,1202599,143
230,4/12/2017,16,-0.2,23,4.7,2000,-18.8,0.55,0.0,0.0,Winteer,No Holiday,Yes,2182729,353
231,10/11/2018,8,,85,0.3,313,6.9,0.07,0.0,0.0,Autum,No Holiday,Yes,3562536,617
232,29/06/2018,11,24.8,74,1.8,644,19.8,,0.0,0.0,Summer,No Holiday,Yes,4885667,901
233,19/02/2018,19,3.6,55,1.6,728,-4.6,0.0,0.0,0.0,Winteer,No Holiday,Yes,3080873,528
234,3/8/2018,3,31.2,68,1.4,968,24.5,0.0,,0.0,Summr,No Holiday,Yes,1733804,323
235,12/7/2018,-9,,59,,1399,4.8,0.58,0.2,0.1,Sproing,Holiday,No,7507801,1478
236,20/08/2018,4,26.2,65,1.1,1542,19.0,0.0,0.0,0.0,Summmer,No Holiday,Yes,1465424,193
237,1/10/2018,-4,12.2,59,1.7,1472,4.9,0.52,0.1,0.1,Sproing,No Holiday,No,2366784,340
238,22/11/2018,-3,12.4,60,1.8,1440,4.3,0.6,0.2,0.1,Spring,No Holiday,No,1035303,13
239,20/12/2017,10,-5.4,56,1.1,1751,-12.8,0.28,0.0,2.0,Wonter,No Holiday,Yes,1517317,172
240,4/5/2018,19,15.5,46,2.6,1782,3.9,0.34,0.0,0.0,Sprng,No Holiday,Yes,10613832,1932
241,27/05/2018,19,21.7,38,,1857,6.7,0.27,0.0,0.0,Spring,No Holiday,Yes,11318302,2178
242,23/04/2018,8,8.8,95,2.8,519,8.0,,5.0,0.0,Spring,No Holiday,Yes,338994,27
243,4/6/2018,21,22.6,62,1.1,1363,14.9,0.0,0.0,0.0,Sumer,No Holiday,Yes,12948367,2434
244,1/4/2018,21,16.9,81,1.9,472,13.6,0.0,0.0,0.0,Sprng,No Holiday,Yes,5931053,1036
245,11/4/2018,21,11.0,34,2.1,2000,-4.2,0.0,0.0,0.0,Spring,No Holiday,No,593927,0
246,19/10/2018,0,10.3,67,1.5,2000,4.4,0.0,0.0,0.0,Auttumn,No Holiday,Yes,3449336,653
247,15/08/2018,11,35.4,44,1.2,1887,21.2,2.58,0.0,0.0,Summmer,Holiday,Yes,3920102,598
248,13/03/2018,14,18.3,43,2.2,1509,5.4,2.43,0.0,0.0,Spring,No Holiday,Yes,4333065,726
249,21/01/2018,21,-0.1,29,0.5,2000,-16.0,0.0,0.0,0.0,Wintr,No Holiday,Yes,2060950,247
250,27/02/2018,5,0.6,50,0.1,1026,-8.6,,0.0,0.0,Winter,No Holiday,Yes,957524,79
251,27/03/2018,8,9.3,62,0.6,519,2.3,,,0.0,Spriing,No Holiday,Yes,6588934,1229
252,27/12/2017,8,-10.2,35,1.8,2000,-22.7,0.0,0.0,0.0,Winter,No Holiday,Yes,3644630,551
253,16/03/2018,10,6.7,46,2.2,1936,-4.1,1.79,0.0,0.0,Sproing,No Holiday,Yes,3357691,500
254,8/2/2018,0,-8.2,50,1.1,1850,-16.8,0.0,0.0,0.0,Winteer,No Holiday,Yes,1363520,140
255,19/03/2018,17,8.5,59,2.7,1927,0.9,0.16,0.0,0.0,Sprng,No Holiday,Yes,3162810,608
256,21/07/2018,17,36.3,36,3.1,1972,18.8,1.91,0.0,0.0,Summr,No Holiday,Yes,5996839,1057
257,13/11/2018,-9,13.1,59,1.7,1407,3.4,0.49,0.1,0.1,Autum,No Holiday,Yes,2214701,337
258,21/03/2018,-4,13.5,57,1.7,1473,5.1,0.57,0.1,0.1,Summr,No Holiday,No,2317162,337
259,9/5/2018,-10,12.6,56,,1416,3.4,,0.1,0.1,Sproing,No Holiday,No,7353874,1311
260,5/7/2018,-8,12.7,57,1.7,1458,4.3,0.6,0.0,0.1,Summmer,No Holiday,Yes,2291358,308
261,28/08/2018,8,23.4,83,0.8,1998,20.3,,0.0,0.0,Summmer,No Holiday,Yes,9885530,1913
262,2/6/2018,21,22.1,44,2.5,2000,9.2,0.0,0.0,0.0,Sumer,No Holiday,Yes,11792038,2295
263,23/05/2018,-6,13.8,56,1.8,1403,3.9,0.65,0.1,0.1,Autumn,No Holiday,No,3190325,505
264,24/03/2018,14,12.7,55,3.4,378,3.8,,0.0,0.0,Spriing,No Holiday,Yes,4891313,855
265,29/03/2018,16,20.7,38,2.2,741,5.8,1.63,0.0,0.0,Sproing,No Holiday,Yes,5482425,1008
266,28/06/2018,11,26.5,64,1.8,1806,19.1,1.3,0.0,0.0,Sumer,No Holiday,Yes,4994427,950
267,16/06/2018,2,17.9,60,0.8,2000,10.0,0.0,0.0,0.0,Summer,No Holiday,Yes,4612578,784
268,23/12/2017,9,5.2,84,0.7,226,2.7,0.03,0.0,0.0,Winter,No Holiday,Yes,1866810,209
269,25/10/2018,16,20.4,32,0.9,1720,3.1,0.84,0.0,0.0,Autum,No Holiday,Yes,7904053,1555
270,8/12/2017,12,-2.0,30,1.4,1728,-17.3,1.14,0.0,0.0,Wonter,No Holiday,Yes,2648814,374
271,5/9/2018,9,23.4,59,3.0,1974,14.9,1.46,0.0,0.0,Auttumn,No Holiday,Yes,7133333,1237
272,17/04/2018,4,7.6,52,0.4,1935,-1.6,0.0,0.0,0.0,Sproing,No Holiday,Yes,1203223,113
273,1/2/2018,8,-8.6,59,,1948,-15.1,0.01,0.0,1.6,Winteer,No Holiday,Yes,3092010,491
274,19/07/2018,13,32.6,47,2.7,1641,19.8,3.36,0.0,0.0,Sumer,No Holiday,Yes,4421309,779
275,27/02/2018,14,6.3,40,0.8,943,-6.3,0.34,0.0,0.0,Wintr,No Holiday,Yes,2355655,368
276,8/7/2018,18,26.7,48,1.0,2000,14.7,0.53,0.0,0.0,Summr,No Holiday,Yes,12942887,2438
277,16/07/2018,0,26.5,81,0.9,1650,22.9,0.0,0.0,0.0,Summer,No Holiday,Yes,4306655,823
278,10/2/2018,20,-4.4,19,5.8,2000,-24.6,0.0,0.0,0.0,Wintr,No Holiday,Yes,1539262,123
279,30/06/2018,17,27.4,75,2.3,616,22.5,0.46,0.0,0.0,Sumer,No Holiday,Yes,7380062,1353
280,30/10/2018,16,11.0,34,2.3,1999,-4.2,1.16,0.0,0.0,Autumn,No Holiday,Yes,5919344,1122
281,29/12/2017,19,2.7,68,,348,-2.6,,0.0,0.0,Winteer,No Holiday,Yes,2512770,418
282,9/4/2018,14,13.9,26,2.5,1537,-5.3,2.99,0.0,0.0,Spriing,No Holiday,Yes,5583347,972
283,12/4/2018,16,18.8,23,4.2,1956,-2.7,2.39,0.0,0.0,Spring,No Holiday,Yes,6642281,1282
284,19/10/2018,15,19.7,30,,1971,1.6,1.89,0.0,0.0,Autum,No Holiday,Yes,7708031,1439
285,24/06/2018,21,24.5,71,1.7,1295,18.8,0.0,0.0,0.0,Summmer,No Holiday,Yes,11507677,2140
286,22/07/2018,14,37.4,34,2.3,1860,18.8,3.05,0.0,0.0,Summmer,No Holiday,Yes,3586595,595
287,13/03/2018,19,14.1,77,2.0,1240,10.1,0.04,0.0,0.0,Spring,No Holiday,Yes,6879608,1243
288,25/01/2018,20,-13.5,33,2.4,2000,-26.3,,0.0,0.5,Wintr,No Holiday,Yes,1536416,155
289,8/4/2018,0,2.9,46,2.2,2000,-7.6,0.0,0.0,0.0,Spring,No Holiday,Yes,1780277,327
290,14/11/2018,19,11.5,52,2.4,1319,1.9,0.0,0.0,0.0,Autum,No Holiday,Yes,7555698,1487
291,8/1/2018,16,3.5,36,1.7,1702,-10.2,0.16,0.0,0.0,Winteer,No Holiday,Yes,2564902,335
292,12/3/2018,6,2.8,57,0.7,920,-4.8,0.0,0.0,0.0,Sprng,No Holiday,Yes,2166863,291
293,24/03/2018,0,4.7,46,1.7,746,-5.9,0.0,,0.0,Spring,No Holiday,Yes,2226877,397
294,15/02/2018,18,1.1,18,2.5,2000,-20.6,0.2,0.0,0.0,Winteer,Holiday,Yes,1358519,197
295,17/08/2018,1,23.4,47,2.1,2000,11.4,0.0,0.0,0.0,Sumer,No Holiday,Yes,4827135,801
296,26/03/2018,11,12.6,60,2.4,281,5.0,2.23,0.0,0.0,Spring,No Holiday,Yes,3032354,467
297,21/03/2018,8,1.6,42,1.8,2000,-9.9,0.13,0.0,0.0,Spring,No Holiday,Yes,6046930,1122
298,8/4/2018,3,2.0,50,2.0,2000,-7.3,0.0,0.0,0.0,Sproing,No Holiday,Yes,1433259,142
299,14/08/2018,23,30.3,65,0.4,2000,22.9,0.0,0.0,0.0,Summr,No Holiday,Yes,6450780,1169
300,18/11/2018,22,6.8,53,0.4,1498,-2.1,,0.0,0.0,Autum,No Holiday,Yes,3585574,643
301,6/4/2018,18,5.9,43,5.3,859,-5.7,0.62,0.0,0.0,Spring,No Holiday,Yes,6082392,1095
302,18/05/2018,-5,13.1,60,1.6,1488,5.5,0.55,0.1,0.1,Autum,No Holiday,No,10712522,1959
303,18/04/2018,9,11.2,31,1.7,1299,-5.3,1.59,,0.0,Sproing,No Holiday,Yes,5523422,987
304,20/03/2018,17,4.9,43,4.3,2000,-6.6,0.42,0.0,0.0,Spring,No Holiday,Yes,4404893,717
305,11/5/2018,22,16.2,54,,1327,6.8,0.0,0.0,0.0,Spring,No Holiday,Yes,7909513,1527
306,22/05/2018,19,17.6,93,0.3,331,16.4,0.06,1.5,0.0,Spring,Holiday,Yes,631139,38
307,19/05/2018,6,10.5,70,1.0,2000,5.2,0.03,0.0,0.0,Sprng,No Holiday,Yes,1817959,257
308,10/3/2018,20,5.2,69,1.8,1196,0.0,0.0,0.0,0.0,Spring,No Holiday,Yes,2736128,451
309,17/12/2017,17,-3.8,35,2.4,2000,-17.0,0.17,0.0,0.0,Wintr,No Holiday,Yes,1879275,251
310,24/12/2017,20,0.6,67,3.3,506,-4.8,0.0,,0.0,Wintr,Holiday,Yes,1530928,115
311,9/3/2018,2,2.8,74,1.2,415,-1.3,0.0,0.0,0.0,Spring,No Holiday,Yes,1289916,154
312,21/05/2018,-3,12.5,59,1.8,1440,4.8,,0.1,0.1,Winter,Holiday,Yes,257196,11
313,6/8/2018,14,34.0,59,3.2,1180,24.8,1.98,0.0,0.0,Summer,No Holiday,Yes,3315523,601
314,11/6/2018,7,19.1,59,1.1,2000,10.8,0.38,,0.0,Summmer,No Holiday,Yes,8838104,1654
315,23/01/2018,22,-13.9,45,4.0,2000,-23.2,0.0,0.0,0.9,Wintr,No Holiday,Yes,1004022,107
316,27/08/2018,6,20.6,98,0.7,626,20.2,,1.0,0.0,Summer,No Holiday,Yes,903266,57
317,11/10/2018,10,10.2,44,2.3,1986,-1.5,1.8,0.0,0.0,Autumn,No Holiday,Yes,4409214,770
318,14/01/2018,11,12.6,57,12.3,1440,5.1,0.61,0.1,0.1,Wintr,Holiday,No,1170981,79
319,2/11/2018,7,4.1,75,0.8,1143,0.0,0.0,,0.0,Autum,No Holiday,Yes,5960242,1069
320,12/11/2018,4,4.0,68,0.0,2000,-1.3,0.0,0.0,0.0,Auttumn,No Holiday,Yes,1241219,120
321,18/12/2017,12,-1.8,83,1.2,351,-4.3,0.09,1.1,5.1,Winter,No Holiday,Yes,787942,63
322,28/07/2018,6,28.0,85,0.8,647,25.2,0.01,0.0,0.0,Summmer,No Holiday,Yes,2156044,369
323,20/08/2018,13,31.6,46,,1864,18.5,1.77,0.0,0.0,Summr,No Holiday,Yes,5096899,824
324,22/07/2018,15,37.5,33,2.0,1816,18.4,2.32,0.0,0.0,Sumer,No Holiday,Yes,3725262,664
325,18/03/2018,9,6.3,53,0.5,849,-2.5,0.34,0.0,0.0,Spriing,No Holiday,Yes,2492501,409
326,20/10/2018,15,21.3,24,1.5,1832,-0.1,1.91,0.0,0.0,Autumn,No Holiday,Yes,9658929,1760
327,13/06/2018,23,21.5,62,0.1,1827,13.9,0.0,0.0,0.0,Summr,No Holiday,Yes,7447458,1422
328,14/10/2018,5,7.6,79,0.3,765,4.1,0.0,,0.0,Autum,No Holiday,Yes,1052828,138
329,17/01/2018,9,3.0,66,0.7,306,-2.7,0.12,0.0,0.0,Winter,No Holiday,Yes,2366784,340
330,27/03/2018,12,18.0,0,6.5,1404,-26.4,0.0,2.5,0.3,Sprng,No Holiday,No,2238613,380
331,10/9/2018,4,19.4,61,1.6,2000,11.6,,0.0,0.0,Autumn,No Holiday,Yes,1339773,184
332,17/10/2018,22,9.9,50,0.1,2000,0.0,0.0,0.0,0.0,Auttumn,No Holiday,Yes,7658415,1383
333,28/08/2018,10,25.4,75,0.7,1995,20.6,0.96,0.0,0.0,Sumer,No Holiday,Yes,3851465,673
334,7/10/2018,13,20.1,41,3.0,1963,6.4,2.34,0.0,0.0,Autmn,No Holiday,Yes,9280440,1767
335,7/9/2018,18,24.4,34,2.4,2000,7.5,0.84,0.0,0.0,Autmn,No Holiday,Yes,15913950,3115
336,23/03/2018,18,9.7,36,3.6,948,-4.6,0.37,0.0,0.0,Sprng,No Holiday,Yes,8828915,1606
337,13/06/2018,11,24.5,51,1.5,1333,13.6,1.97,0.0,0.0,Sumer,No Holiday,Yes,8463826,1512
338,27/01/2018,-9,12.6,58,1.9,1433,3.7,0.55,0.1,0.1,Wonter,Holiday,Yes,4937610,790
339,10/1/2018,12,-5.6,44,4.5,1830,-15.9,1.1,0.0,0.5,Wonter,No Holiday,Yes,1264044,221
340,18/09/2018,9,20.8,64,1.1,1205,13.7,1.13,0.0,0.0,Auttumn,No Holiday,No,134539,0
341,21/11/2018,17,5.7,61,2.2,1987,-1.2,0.07,0.0,0.0,Autmn,No Holiday,Yes,6216002,1104
342,28/11/2018,2,4.1,34,1.3,928,-10.3,0.0,,0.0,Autumn,No Holiday,Yes,1678652,269
343,17/09/2018,17,27.3,43,2.6,2000,13.6,1.25,0.0,0.0,Autumn,No Holiday,Yes,11492782,2121
344,9/4/2018,12,10.4,44,1.7,1235,-1.3,2.93,0.0,0.0,Sprng,No Holiday,Yes,4368734,818
345,25/06/2018,7,22.1,74,0.3,830,17.2,0.37,0.0,0.0,Summr,No Holiday,Yes,8933713,1628
346,19/01/2018,14,4.7,24,3.6,1552,-14.2,,0.0,0.0,Winteer,No Holiday,Yes,2473373,329
347,8/7/2018,4,18.4,57,1.1,2000,9.7,0.0,0.0,0.0,Summmer,No Holiday,Yes,1751269,299
348,6/3/2018,7,-1.0,78,0.6,1484,-4.3,0.0,0.0,0.0,Sproing,No Holiday,Yes,3746321,605
349,16/06/2018,12,24.8,43,1.2,1943,11.3,3.27,0.0,0.0,Summmer,No Holiday,Yes,8461655,1556
350,23/05/2018,18,21.7,40,3.5,1987,7.4,1.18,0.0,0.0,Spring,No Holiday,Yes,16956916,3229
351,4/4/2018,19,14.3,53,2.1,2000,4.8,0.17,0.0,0.0,Sproing,No Holiday,Yes,7995871,1522
352,28/03/2018,9,12.4,66,,546,6.2,0.91,0.0,0.0,Spriing,No Holiday,Yes,4304775,776
353,21/12/2017,5,-4.3,91,1.5,233,-5.5,0.0,0.0,2.2,Wintr,No Holiday,Yes,490435,50
354,12/7/2018,5,25.9,91,0.4,872,24.3,0.0,0.5,0.0,Summmer,No Holiday,Yes,1746666,240
355,10/10/2018,23,8.5,52,0.6,2000,-0.8,0.0,,0.0,Autum,No Holiday,Yes,4780746,834
356,26/12/2017,19,-5.4,27,3.0,2000,-21.5,0.0,0.0,0.0,Wonter,No Holiday,Yes,2402546,325
357,16/08/2018,22,25.9,45,2.1,2000,13.0,0.0,0.0,0.0,Summr,No Holiday,Yes,10989973,2081
358,31/03/2018,9,12.6,57,,859,4.2,0.98,0.0,0.0,Sprng,No Holiday,Yes,3623049,652
359,9/4/2018,13,12.4,32,1.7,1441,-3.8,3.06,0.0,0.0,Spring,No Holiday,Yes,5189493,863
360,15/09/2018,3,21.6,80,1.2,2000,17.9,0.0,0.0,0.0,Autumn,No Holiday,Yes,2159572,310
361,10/3/2018,15,8.1,36,4.7,1964,-6.1,2.23,0.0,0.0,Spriing,No Holiday,Yes,4880682,894
362,29/09/2018,16,26.6,34,1.3,2000,9.4,,0.0,0.0,Auttumn,No Holiday,Yes,11858549,2249
363,24/06/2018,0,22.0,81,1.6,374,18.5,,0.0,0.0,Summer,No Holiday,Yes,5162722,944
364,25/11/2018,18,7.3,72,0.7,530,2.5,0.0,0.0,0.4,Autumn,No Holiday,Yes,4328089,692
365,19/02/2018,7,-0.9,45,0.9,1820,-11.3,0.0,0.0,0.0,Wonter,No Holiday,Yes,2656953,347
366,12/2/2018,-1,13.0,61,1.7,1433,3.4,0.59,0.1,0.1,Summer,Holiday,Yes,10694270,2050
367,9/2/2018,17,4.8,38,3.0,1582,-8.3,0.47,,0.0,Wonter,No Holiday,Yes,2561315,407
368,8/2/2018,3,-8.6,64,0.9,1754,-14.1,0.0,0.0,0.0,Wonter,No Holiday,Yes,1063033,51
369,14/09/2018,23,22.3,87,1.1,1810,20.0,0.0,0.5,0.0,Auttumn,No Holiday,Yes,4610149,733
370,24/01/2018,16,-11.2,30,4.7,2000,-25.3,0.77,0.0,0.7,Wonter,No Holiday,Yes,782395,128
371,12/7/2018,15,28.0,76,2.3,1437,23.3,1.0,0.0,0.0,Summer,No Holiday,Yes,6645365,1149
372,8/6/2018,0,19.1,82,2.2,874,15.9,0.0,0.0,0.0,Summmer,No Holiday,Yes,4853974,928
373,25/02/2018,18,5.2,30,2.8,1877,-11.0,0.36,0.0,0.0,Winteer,No Holiday,Yes,2578840,421
374,28/12/2017,10,-3.4,33,1.3,1863,-17.4,0.33,0.0,0.0,Winteer,No Holiday,Yes,1465688,217
375,23/06/2018,10,25.8,35,1.5,1900,9.1,1.66,0.0,0.0,Summmer,No Holiday,Yes,6153251,1057
376,7/2/2018,7,-13.2,56,0.9,1665,-20.1,0.0,0.0,0.0,Wintr,No Holiday,Yes,1298982,208
377,3/1/2018,8,-7.0,49,,1971,-15.9,0.0,0.0,0.0,Winter,No Holiday,Yes,4094053,670
378,11/5/2018,3,12.0,86,0.9,297,9.7,0.0,,0.0,Spring,No Holiday,Yes,1397692,256
379,9/3/2018,21,3.5,69,1.4,1177,-1.6,,0.0,0.0,Spriing,No Holiday,Yes,3636882,548
380,15/01/2018,15,7.4,38,1.7,817,-6.0,0.63,0.0,0.0,Wintr,No Holiday,Yes,2271001,356
381,29/10/2018,9,7.5,53,1.6,1981,-1.4,1.01,0.0,0.0,Autumn,No Holiday,Yes,5300522,1023
382,10/3/2018,7,0.9,78,1.1,535,-2.5,0.0,0.0,0.0,Spring,No Holiday,Yes,1985245,221
383,11/10/2018,7,6.3,65,1.0,2000,0.1,0.01,0.0,0.0,Autumn,No Holiday,Yes,6927580,1232
384,27/07/2018,8,28.5,76,0.9,725,23.8,0.59,0.0,0.0,Summer,No Holiday,Yes,9658252,1823
385,18/01/2018,-6,12.0,58,1.8,1419,3.5,,0.2,0.1,Summer,Holiday,Yes,4266003,740
386,21/12/2017,6,-4.8,91,1.1,266,-6.0,0.0,0.0,2.2,Winter,No Holiday,Yes,604588,80
387,18/11/2018,11,7.6,35,,1695,-6.9,1.25,0.0,0.0,Autumn,No Holiday,Yes,3826920,671
388,18/06/2018,21,23.8,48,2.0,2000,12.1,0.0,0.0,0.0,Sumer,No Holiday,Yes,8719127,1714
389,21/12/2017,10,-3.0,71,0.7,608,-7.5,0.67,0.0,2.1,Winter,No Holiday,Yes,1305173,186
390,28/08/2018,18,24.3,97,0.8,105,23.7,0.01,18.5,0.0,Summr,No Holiday,Yes,854467,83
391,23/07/2018,1,30.0,52,1.5,1774,19.0,0.0,0.0,0.0,Summmer,No Holiday,Yes,3079353,577
392,25/01/2018,11,-13.8,25,3.5,1996,-29.6,0.91,0.0,0.6,Wintr,No Holiday,Yes,806725,126
393,26/03/2018,12,14.6,53,2.5,348,5.1,2.65,0.0,0.0,Spring,No Holiday,Yes,2903811,451
394,23/12/2017,2,5.6,76,1.6,641,1.6,0.0,0.0,0.0,Wonter,No Holiday,Yes,1726906,272
395,18/10/2018,12,16.8,50,1.6,2000,6.3,1.94,0.0,0.0,Autum,No Holiday,Yes,6480589,1153
396,6/6/2018,16,27.9,47,2.8,824,15.5,2.36,0.0,0.0,Summmer,Holiday,Yes,10240878,1942
397,24/01/2018,17,-11.8,26,3.5,2000,-27.4,0.39,0.0,0.7,Winter,No Holiday,Yes,1701279,212
398,17/11/2018,2,2.9,77,1.8,853,-0.7,0.0,0.0,0.0,Auttumn,No Holiday,Yes,3052262,443
399,8/3/2018,20,3.3,74,2.6,494,-0.8,0.0,0.0,0.0,Sproing,No Holiday,Yes,3080500,569
400,1/10/2018,18,16.6,61,2.9,2000,9.0,0.16,0.0,0.0,Autumn,No Holiday,Yes,14634563,2903
401,30/05/2018,21,18.2,69,2.0,1286,12.4,0.0,0.0,0.0,Spring,No Holiday,Yes,11438658,2204
402,23/09/2018,4,16.2,69,0.7,2000,10.4,0.0,0.0,0.0,Autmn,Holiday,Yes,1352822,168
403,1/3/2018,9,0.1,78,4.9,615,-3.2,0.09,0.0,0.0,Spriing,Holiday,Yes,1726881,162
404,12/11/2018,14,14.2,33,1.5,1374,-1.8,1.84,0.0,0.0,Autum,No Holiday,Yes,5277391,893
405,17/10/2018,20,12.2,47,1.1,2000,1.2,0.0,0.0,0.0,Autmn,No Holiday,Yes,8071315,1567
406,16/04/2018,3,6.4,67,1.4,1668,0.7,0.0,0.0,0.0,Spriing,No Holiday,Yes,1328147,104
407,28/05/2018,10,23.3,49,1.1,1881,11.9,,,0.0,Sprng,No Holiday,Yes,4681081,867
408,10/1/2018,16,-5.4,30,3.9,2000,-20.2,0.69,0.0,0.2,Wonter,No Holiday,Yes,1818046,209
409,10/11/2018,4,9.5,87,0.6,266,7.4,,0.0,0.0,Auttumn,No Holiday,Yes,1652956,206
410,24/08/2018,12,,81,3.2,1828,22.2,0.8,0.0,0.0,Summer,No Holiday,Yes,2132523,359
411,24/12/2017,1,5.6,78,0.5,197,2.0,0.0,0.0,0.0,Wonter,Holiday,Yes,2193294,259
412,18/12/2017,16,1.8,76,0.8,410,-1.9,0.47,,2.7,Wonter,No Holiday,Yes,1428326,203
413,27/01/2018,10,-12.3,35,,1497,-24.6,0.6,0.0,0.3,Wintr,No Holiday,Yes,654882,90
414,23/08/2018,19,30.0,59,2.2,1970,21.1,0.01,0.0,0.0,Summer,No Holiday,Yes,3443929,576
415,10/5/2018,6,11.4,80,1.0,885,8.0,0.02,0.0,0.0,Spriing,No Holiday,No,588386,0
416,14/02/2018,17,6.6,34,2.8,1300,-8.1,,0.0,0.0,Winteer,No Holiday,Yes,3096795,514
417,23/12/2017,6,5.1,81,1.3,375,2.1,0.0,0.0,0.0,Winter,No Holiday,Yes,845432,60
418,4/3/2018,13,10.8,84,1.2,400,8.1,0.44,0.0,0.0,Sproing,No Holiday,Yes,2893281,412
419,26/07/2018,3,27.7,76,,1376,23.0,0.0,0.0,0.0,Summr,No Holiday,Yes,2415919,364
420,5/4/2018,18,7.6,96,2.0,660,6.9,0.04,,0.0,Sprng,No Holiday,Yes,1079698,69
421,22/03/2018,13,9.9,29,3.2,1641,-7.3,2.91,0.0,0.0,Sproing,No Holiday,Yes,4118893,715
422,16/10/2018,8,10.4,63,0.6,1367,3.6,0.19,0.0,0.0,Auttumn,No Holiday,Yes,11103192,2142
423,17/06/2018,12,,56,0.9,530,15.4,,0.0,0.0,Summer,No Holiday,Yes,7973163,1480
424,11/4/2018,8,9.7,77,1.6,519,5.8,0.68,0.0,0.0,Sprng,No Holiday,No,176765,0
425,23/05/2018,14,22.0,33,3.4,1966,4.9,3.41,0.0,0.0,Spriing,No Holiday,Yes,6396093,1241
426,30/05/2018,19,21.2,52,3.6,1856,10.9,0.55,0.0,0.0,Sprng,No Holiday,Yes,14097745,2627
427,25/04/2018,10,14.8,29,0.6,1749,-3.0,2.2,0.0,0.0,Spriing,No Holiday,Yes,4457467,753
428,2/6/2018,0,20.9,53,1.4,1717,10.9,0.0,0.0,0.0,Summr,No Holiday,Yes,6772160,1196
429,28/08/2018,3,22.9,93,0.6,2000,21.7,,0.0,0.0,Summmer,No Holiday,Yes,1934551,292
430,21/07/2018,13,35.2,34,1.8,1636,16.9,3.21,0.0,0.0,Summmer,No Holiday,Yes,4540533,729
431,29/05/2018,13,24.2,58,1.5,1030,15.4,1.66,0.0,0.0,Sproing,No Holiday,Yes,6439588,1152
432,15/10/2018,14,20.0,48,2.1,586,8.6,1.72,0.0,0.0,Autum,No Holiday,Yes,6013665,1146
433,24/04/2018,12,15.2,57,1.9,2000,6.7,,0.0,0.0,Sprng,No Holiday,Yes,5202119,965
434,26/04/2018,12,13.2,58,10.8,1407,3.4,0.57,0.3,0.1,Auttumn,Holiday,Yes,8720927,1656
435,6/7/2018,-3,12.1,57,1.7,1373,4.7,0.66,0.2,0.0,Spring,Holiday,No,1049609,144
436,29/07/2018,14,35.4,43,1.4,2000,20.9,2.48,0.0,0.0,Sumer,No Holiday,Yes,4382518,685
437,15/05/2018,19,26.9,49,0.9,1063,15.2,0.1,0.0,0.0,Sproing,No Holiday,Yes,12669628,2341
438,8/9/2018,13,26.1,32,3.0,1985,8.1,3.06,0.0,0.0,Autum,No Holiday,Yes,8285045,1530
439,10/5/2018,11,18.3,51,3.1,1015,7.9,2.84,0.0,0.0,Sproing,No Holiday,No,268942,0
440,26/03/2018,4,,96,2.0,53,4.9,0.0,0.0,0.0,Spring,No Holiday,Yes,552480,71
441,31/05/2018,0,15.8,82,1.6,546,12.7,0.0,0.0,0.0,Spring,No Holiday,Yes,4187489,812
442,2/1/2018,1,-2.1,56,0.8,1732,-9.7,0.0,0.0,0.0,Wintr,No Holiday,Yes,1080897,117
443,12/8/2018,-9,13.4,60,1.7,1418,4.1,0.54,0.1,0.0,Spriing,No Holiday,No,2351847,298
444,23/01/2018,1,-6.0,76,3.1,1178,-9.5,0.0,0.0,1.0,Wintr,No Holiday,Yes,972956,132
445,12/4/2018,12,17.5,20,4.6,2000,-5.7,,0.0,0.0,Sproing,No Holiday,Yes,5801289,1006
446,1/8/2018,0,30.5,68,1.9,2000,23.9,0.0,0.0,0.0,Sumer,No Holiday,Yes,4775149,894
447,1/8/2018,9,,53,0.7,1264,21.5,1.69,0.0,0.0,Summer,No Holiday,Yes,4406556,852
448,7/6/2018,18,25.6,57,2.7,1217,16.4,0.96,0.0,0.0,Summmer,No Holiday,Yes,17417756,3290
449,10/7/2018,-2,11.9,59,,1477,5.2,0.5,,0.1,Wonter,No Holiday,Yes,490644,72
450,8/4/2018,17,4.3,80,2.6,1357,1.1,0.23,0.1,0.0,Spring,No Holiday,Yes,557851,74
451,3/8/2018,9,33.0,50,1.7,1722,21.1,1.49,0.0,0.0,Summmer,No Holiday,Yes,4451190,814
452,4/4/2018,3,14.3,97,,228,13.8,0.0,7.0,0.0,Spriing,No Holiday,Yes,886214,24
453,11/11/2018,14,10.1,58,0.9,605,2.1,0.43,0.0,0.0,Autumn,No Holiday,Yes,4627438,791
454,27/03/2018,23,12.4,74,1.5,356,7.8,0.0,0.0,0.0,Spriing,No Holiday,Yes,3498923,541
455,28/03/2018,23,13.5,74,1.2,603,8.9,0.0,0.0,0.0,Sproing,No Holiday,Yes,3769276,607
456,25/11/2018,14,9.2,52,1.3,765,-0.1,1.01,0.0,1.3,Autmn,No Holiday,Yes,4432412,797
457,15/03/2018,6,14.4,96,0.7,453,13.7,0.0,8.0,0.0,Sproing,No Holiday,Yes,208033,8
458,30/11/2018,4,-0.5,71,0.4,1345,-5.1,0.0,,0.0,Autumn,No Holiday,Yes,1106055,130
459,12/11/2018,13,13.3,36,2.1,1283,-1.4,1.99,0.0,0.0,Autmn,No Holiday,Yes,5315917,973
460,20/12/2017,9,-6.7,62,1.1,1749,-12.7,0.09,0.0,2.0,Winteer,No Holiday,Yes,1944130,240
461,13/11/2018,-5,12.4,58,1.8,1453,4.4,0.6,0.2,0.0,Sprng,Holiday,No,2885777,471
462,27/03/2018,14,,45,2.0,624,7.1,,0.0,0.0,Sproing,No Holiday,Yes,3420168,620
463,2/6/2018,20,23.4,38,2.3,2000,8.2,0.06,0.0,0.0,Sumer,No Holiday,Yes,12562388,2414
464,8/8/2018,3,28.3,84,,1006,25.3,0.0,0.0,0.0,Summmer,No Holiday,Yes,2004256,343
465,15/11/2018,3,6.5,75,1.1,970,2.3,0.0,0.0,0.0,Autmn,No Holiday,Yes,1835594,236
466,3/1/2018,5,-6.4,47,2.4,1981,-15.8,0.0,0.0,0.0,Wintr,No Holiday,Yes,978654,66
467,17/09/2018,14,26.7,40,3.3,1822,11.9,2.8,0.0,0.0,Autumn,No Holiday,Yes,6051696,1056
468,14/04/2018,8,7.7,88,1.4,516,5.8,0.08,1.0,0.0,Sprng,No Holiday,Yes,1036825,21
469,4/1/2018,0,-6.3,54,1.4,1990,-14.1,0.0,,0.0,Winter,No Holiday,Yes,1252975,184
470,11/1/2018,6,-12.0,61,2.3,1709,-18.0,0.0,0.0,0.0,Wintr,No Holiday,Yes,513579,67
471,2/9/2018,16,29.3,44,1.4,1997,15.7,1.32,0.0,0.0,Autmn,No Holiday,Yes,9833712,1918
472,10/6/2018,18,24.1,53,1.3,2000,13.9,0.48,0.0,0.0,Summr,No Holiday,Yes,12754719,2474
473,28/10/2018,19,8.4,85,1.2,2000,6.0,0.0,0.0,0.0,Auttumn,No Holiday,Yes,3919040,679
474,15/09/2018,13,25.8,65,1.0,1996,18.7,,0.0,0.0,Auttumn,No Holiday,Yes,7616843,1450
475,14/07/2018,6,24.6,86,0.4,1119,22.0,0.02,0.0,0.0,Summr,No Holiday,Yes,2498253,376
476,31/08/2018,-5,13.7,58,,1420,3.4,0.49,0.1,0.1,Winter,No Holiday,No,1120634,29
477,6/6/2018,22,20.8,78,1.8,763,16.8,0.0,0.0,0.0,Summer,Holiday,Yes,9226675,1679
478,13/12/2017,19,-6.6,31,1.6,2000,-20.9,,0.0,0.0,Wintr,No Holiday,Yes,2376374,337
479,14/02/2018,3,1.1,65,1.0,1596,-4.7,0.0,0.0,0.0,Winteer,No Holiday,Yes,1262333,85
480,27/11/2018,23,5.8,34,2.6,763,-8.8,0.0,0.0,0.0,Autumn,No Holiday,Yes,3810837,581
481,2/1/2018,5,-3.1,67,0.6,1384,-8.3,0.0,0.0,0.0,Winteer,No Holiday,Yes,1070702,55
482,1/8/2018,19,36.1,56,3.7,1837,25.9,0.47,0.0,0.0,Summer,No Holiday,Yes,8735622,1642
483,28/12/2017,17,0.2,58,2.0,1159,-7.1,0.08,0.0,0.0,Wintr,No Holiday,Yes,2695856,446
484,19/07/2018,11,30.7,48,,1705,18.4,2.92,0.0,0.0,Sumer,No Holiday,Yes,4509860,724
485,16/08/2018,19,29.8,45,2.5,2000,16.5,0.36,0.0,0.0,Summmer,No Holiday,Yes,12306611,2360
486,26/08/2018,12,28.9,42,2.0,1975,14.6,2.5,0.0,0.0,Summmer,No Holiday,Yes,5849307,1066
487,25/04/2018,14,22.1,22,2.1,1470,-0.6,3.12,0.0,0.0,Sprng,No Holiday,Yes,6671478,1143
488,25/02/2018,6,-0.8,44,0.6,1541,-11.5,0.0,0.0,0.0,Winter,No Holiday,Yes,1072254,58
489,19/03/2018,13,10.1,61,3.7,1504,2.9,0.38,0.0,0.0,Spriing,No Holiday,Yes,2591876,378
490,2/10/2018,2,,75,1.6,1840,7.9,0.0,,0.0,Autmn,No Holiday,No,614458,0
491,17/05/2018,19,22.3,96,2.6,191,21.6,,0.0,0.0,Sproing,No Holiday,Yes,611002,29
492,27/04/2018,2,11.2,58,1.4,1255,3.2,0.0,0.0,0.0,Sproing,No Holiday,Yes,2375678,358
493,16/01/2018,8,1.2,68,0.6,411,-4.0,0.0,0.0,0.0,Winteer,No Holiday,Yes,3462545,609
494,9/8/2018,15,31.2,67,2.7,1368,24.3,1.39,0.0,0.0,Summmer,No Holiday,Yes,4021484,670
495,8/7/2018,3,,56,1.2,2000,9.8,0.0,0.0,0.0,Summr,No Holiday,Yes,2748263,435
496,12/6/2018,0,18.0,94,0.7,1906,17.0,0.0,1.0,0.0,Sumer,No Holiday,Yes,2366135,450
497,25/11/2018,15,9.5,54,1.3,675,0.6,0.76,0.0,1.1,Autmn,No Holiday,Yes,4731203,810
498,30/11/2018,5,-0.7,66,0.5,1336,-6.2,0.0,0.0,0.0,Auttumn,No Holiday,Yes,1543305,155
499,16/02/2018,0,-3.3,35,1.8,1977,-16.6,0.0,0.0,0.0,Winter,Holiday,Yes,1184762,101
500,28/05/2018,-10,11.8,57,1.7,1395,4.2,0.59,0.2,0.1,Autmn,No Holiday,No,652132,0
501,1/11/2018,20,9.9,53,1.7,1868,0.7,,0.0,0.0,Auttumn,No Holiday,Yes,6854860,1290
502,14/05/2018,11,18.5,65,1.4,463,11.7,2.07,,0.0,Spriing,No Holiday,Yes,5361028,951
503,9/2/2018,23,2.0,70,0.7,689,-2.9,0.0,0.0,0.0,Winter,No Holiday,Yes,1902824,185
504,16/01/2018,-4,12.7,56,1.8,1419,4.1,0.66,0.1,0.1,Autumn,Holiday,No,8554959,1620
505,16/11/2018,3,7.4,63,0.6,699,0.8,0.0,0.0,0.0,Autmn,No Holiday,Yes,1556613,277
506,31/03/2018,1,11.5,77,2.0,593,7.6,0.0,0.0,0.0,Spriing,No Holiday,Yes,3022446,484
507,28/06/2018,-8,12.9,57,1.8,1375,2.8,0.54,,0.1,Summer,No Holiday,Yes,5750230,975
508,4/11/2018,6,6.2,73,0.3,1018,1.7,0.0,0.0,0.0,Autmn,No Holiday,Yes,1522225,149
509,20/12/2017,13,-1.3,43,1.0,1777,-12.3,0.8,,1.7,Winter,No Holiday,Yes,1606228,239
510,16/06/2018,4,16.9,63,1.0,2000,9.8,0.0,0.0,0.0,Sumer,No Holiday,Yes,1902473,326
511,28/11/2018,11,5.7,15,1.1,1419,-19.0,0.98,0.0,0.0,Auttumn,No Holiday,Yes,3404644,593
512,11/3/2018,11,7.6,54,1.6,430,-1.1,2.06,0.0,0.0,Sproing,No Holiday,Yes,2389345,441
513,15/12/2017,8,-6.6,64,1.1,791,-12.2,0.0,0.0,0.0,Wintr,No Holiday,Yes,3554058,625
514,8/10/2018,3,10.8,59,0.5,2000,3.0,0.0,0.0,0.0,Autum,No Holiday,Yes,1122547,202
515,4/2/2018,14,-7.4,33,4.0,1713,-20.9,2.17,0.0,0.0,Wintr,No Holiday,Yes,1362509,147
516,1/4/2018,16,18.2,69,3.2,625,12.4,,0.0,0.0,Sproing,No Holiday,Yes,7275918,1421
517,21/08/2018,10,24.8,82,3.2,1732,21.5,0.34,0.0,0.0,Sumer,No Holiday,Yes,2659475,441
518,7/11/2018,20,13.3,77,1.6,833,9.3,0.0,0.0,0.0,Auttumn,No Holiday,Yes,6451563,1093
519,22/12/2017,13,5.4,55,1.2,820,-2.9,0.66,0.0,0.0,Wintr,Holiday,Yes,2425140,339
520,17/06/2018,11,23.6,63,0.7,523,16.1,0.93,,0.0,Summr,No Holiday,Yes,6789016,1184
521,16/07/2018,5,24.3,85,1.0,1496,21.6,0.0,0.0,0.0,Summer,No Holiday,Yes,2144049,333
522,14/08/2018,0,29.3,68,1.6,2000,22.7,0.0,0.0,0.0,Summmer,No Holiday,Yes,5247632,885
523,13/10/2018,0,9.1,69,0.9,1885,3.7,0.0,0.0,0.0,Autumn,No Holiday,Yes,4490166,739
524,6/12/2017,17,4.1,60,2.5,1565,-2.9,0.1,0.0,0.0,Wintr,No Holiday,Yes,1840539,262
525,4/2/2018,8,-12.8,56,2.4,1507,-19.7,0.02,0.0,0.0,Winteer,No Holiday,Yes,572526,57
526,11/3/2018,20,6.7,32,1.9,1722,-8.8,0.0,0.0,0.0,Sproing,No Holiday,Yes,3701939,573
527,18/07/2018,14,32.7,49,1.5,765,20.5,2.62,0.0,0.0,Sumer,No Holiday,Yes,4608076,767
528,20/03/2018,15,6.5,39,3.3,2000,-6.4,1.21,0.0,0.0,Spring,No Holiday,Yes,2806384,472
529,24/11/2018,4,3.0,26,1.6,2000,-14.6,0.0,0.0,0.0,Autum,No Holiday,Yes,1615078,154
530,28/08/2018,19,23.9,98,0.8,1792,23.5,0.0,7.0,0.0,Summr,No Holiday,Yes,1230471,68
531,30/03/2018,20,14.3,63,2.6,936,7.3,0.0,0.0,0.0,Sprng,No Holiday,Yes,5724136,1097
532,2/5/2018,19,12.6,93,3.9,831,11.4,0.0,,0.0,Spring,No Holiday,Yes,1071091,126
533,1/4/2018,11,16.7,55,2.1,1182,7.6,1.37,0.0,0.0,Sprng,No Holiday,Yes,4554284,714
534,9/3/2018,14,8.0,42,,1690,-4.1,1.24,0.0,0.0,Sprng,No Holiday,Yes,3479307,562
535,18/01/2018,14,4.4,42,2.3,719,-7.4,0.72,0.0,0.0,Winteer,No Holiday,Yes,2351847,298
536,12/3/2018,-9,12.9,59,1.8,1376,4.7,0.55,0.0,0.1,Summmer,Holiday,No,3115806,515
537,27/05/2018,6,17.3,62,1.4,1293,9.9,0.03,0.0,0.0,Spriing,No Holiday,Yes,1448798,212
538,1/8/2018,13,37.9,38,2.3,1868,21.1,3.05,0.0,0.0,Summer,No Holiday,Yes,2822366,536
539,21/01/2018,20,0.3,27,0.4,2000,-16.5,0.0,0.0,0.0,Winter,No Holiday,Yes,2036395,234
540,25/07/2018,15,34.0,50,3.0,1705,22.1,1.72,0.0,0.0,Summer,No Holiday,Yes,4266379,833
541,10/1/2018,6,-7.7,74,1.1,2000,-11.5,0.0,0.0,0.8,Winteer,No Holiday,Yes,466671,71
542,24/11/2018,21,2.6,85,1.1,674,0.3,,0.0,3.2,Autmn,No Holiday,Yes,2367759,382
543,25/05/2018,15,25.1,25,2.7,1959,3.6,2.2,0.0,0.0,Sproing,No Holiday,Yes,7397460,1309
544,18/05/2018,21,15.3,73,2.3,2000,10.4,0.0,0.0,0.0,Spriing,No Holiday,Yes,7436683,1318
545,29/12/2017,2,0.5,63,1.0,691,-5.7,0.0,0.0,0.0,Winteer,No Holiday,Yes,1436812,234
546,8/3/2018,18,5.9,68,3.4,543,0.4,0.38,0.0,0.0,Spriing,No Holiday,Yes,6593000,1143
547,19/02/2018,0,-1.1,39,1.7,1832,-13.3,,0.0,0.0,Winteer,No Holiday,Yes,1384727,132
548,17/09/2018,20,21.9,65,2.5,1986,15.0,0.0,0.0,0.0,Autum,No Holiday,Yes,11522140,2281
549,21/11/2018,5,6.8,86,0.5,692,4.6,0.0,0.0,0.0,Autumn,No Holiday,Yes,1228951,106
550,1/2/2018,14,0.8,23,3.2,2000,-18.0,1.29,,0.5,Winter,No Holiday,Yes,2125366,254
551,17/03/2018,17,12.1,34,2.5,1240,-3.3,0.81,,0.0,Spriing,No Holiday,Yes,6337687,1233
552,30/01/2018,11,-4.5,29,1.3,1912,-19.8,0.79,0.0,0.0,Winter,No Holiday,Yes,1434858,240
553,7/12/2017,23,-3.2,50,2.1,1887,-12.1,0.0,0.0,0.0,Wintr,No Holiday,Yes,2271262,277
554,26/06/2018,-5,13.1,59,1.8,1408,4.7,0.54,,0.1,Summmer,No Holiday,Yes,4138501,656
555,18/10/2018,1,9.0,66,0.7,2000,2.9,0.0,,0.0,Autumn,No Holiday,Yes,3744323,567
556,6/10/2018,-6,12.8,58,1.7,1477,4.3,0.61,0.2,0.1,Autmn,No Holiday,Yes,2226794,331
557,15/08/2018,-8,13.6,57,1.8,1476,3.6,0.56,0.1,0.1,Spring,No Holiday,No,1199688,81
558,15/12/2017,18,0.1,43,0.9,1485,-11.0,0.0,0.0,0.0,Wintr,No Holiday,Yes,3895956,697
559,18/08/2018,4,22.6,55,1.4,2000,13.0,0.0,0.0,0.0,Summer,No Holiday,Yes,1946200,302
560,12/4/2018,-3,13.7,60,1.7,1401,4.6,0.62,0.2,0.1,Winteer,Holiday,No,2235446,349
561,26/05/2018,9,20.6,43,1.1,1104,7.5,1.84,0.0,0.0,Spriing,No Holiday,Yes,5334564,981
562,15/01/2018,13,6.1,61,2.3,534,-0.8,0.91,0.0,0.0,Winteer,No Holiday,Yes,2291358,308
563,9/6/2018,7,20.2,73,1.1,708,15.1,0.41,0.0,0.0,Summmer,No Holiday,Yes,3154255,594
564,10/7/2018,14,25.5,77,0.8,1957,21.1,0.75,0.0,0.0,Summmer,No Holiday,Yes,6194549,1152
565,26/08/2018,15,24.3,64,1.8,1931,17.0,0.59,0.0,0.0,Summr,No Holiday,Yes,4360830,739
566,3/10/2018,-7,12.1,57,1.7,1379,3.8,0.49,0.2,0.1,Wintr,Holiday,No,3561890,606
567,4/11/2018,-4,13.0,58,1.6,1404,4.0,0.61,0.2,0.1,Summmer,No Holiday,Yes,7849700,1534
568,31/12/2017,20,-1.0,32,0.9,2000,-15.6,0.0,0.0,0.0,Winteer,Holiday,Yes,1783341,177
569,5/8/2018,3,27.3,84,1.7,1089,24.3,0.0,0.0,0.0,Summer,No Holiday,Yes,2441606,394
570,9/11/2018,21,11.4,74,1.9,498,6.9,0.0,0.0,0.0,Auttumn,No Holiday,No,580065,0
571,20/01/2018,10,2.1,60,1.2,1005,-4.8,0.3,0.0,0.0,Winteer,No Holiday,Yes,1495045,271
572,19/06/2018,-3,13.6,57,1.7,1449,4.9,0.53,0.1,0.1,Autmn,No Holiday,Yes,164409,0
573,2/1/2018,19,-1.3,28,2.4,2000,-17.5,0.0,0.0,0.0,Winter,No Holiday,Yes,2972313,434
574,16/06/2018,18,28.0,46,2.3,1833,15.2,1.23,0.0,0.0,Sumer,No Holiday,Yes,12891009,2440
575,11/11/2018,23,6.3,62,0.0,1993,-0.4,0.0,0.0,0.0,Autumn,No Holiday,Yes,3858620,575
576,24/06/2018,2,20.9,87,1.8,222,18.6,0.0,,0.0,Summmer,No Holiday,Yes,4896104,885
577,2/4/2018,19,19.1,60,3.4,1592,11.1,0.1,0.0,0.0,Spring,No Holiday,Yes,9680110,1819
578,14/06/2018,5,20.3,84,3.2,518,17.5,0.0,0.0,0.0,Summr,No Holiday,Yes,876307,154
579,9/2/2018,2,-5.1,47,0.9,1460,-14.6,0.0,0.0,0.0,Wintr,No Holiday,Yes,1258450,92
580,16/12/2017,21,-7.1,39,,2000,-18.7,0.0,0.0,0.0,Winteer,No Holiday,Yes,1340077,164
581,1/7/2018,0,22.6,88,0.2,1259,20.5,0.0,0.0,0.0,Sumer,No Holiday,Yes,5167345,895
582,31/12/2017,8,-2.1,86,1.4,354,-4.1,0.0,0.0,1.2,Winteer,Holiday,Yes,1144923,95
583,16/12/2017,8,-7.3,62,2.6,1112,-13.3,0.0,,0.0,Winter,No Holiday,Yes,2017522,211
584,8/7/2018,11,23.8,47,2.1,2000,11.8,2.59,0.0,0.0,Summr,No Holiday,Yes,5574271,1062
585,24/07/2018,3,28.2,65,0.3,1999,20.9,0.0,0.0,0.0,Sumer,No Holiday,Yes,1916870,347
586,23/01/2018,14,-10.4,30,4.3,2000,-24.6,1.22,0.0,1.0,Wintr,No Holiday,Yes,1459422,151
587,2/8/2018,22,32.9,64,1.0,1088,25.1,0.0,,0.0,Summmer,No Holiday,Yes,7509144,1409
588,6/2/2018,-10,12.3,58,1.8,1412,4.2,0.51,0.1,0.1,Summr,No Holiday,No,5260319,978
589,14/05/2018,22,19.6,71,0.6,325,14.1,0.0,0.0,0.0,Spring,No Holiday,Yes,9446659,1710
590,14/04/2018,22,8.8,77,3.2,1258,4.9,,0.0,0.0,Sproing,No Holiday,Yes,3462167,572
591,13/09/2018,15,27.8,49,1.4,1963,16.1,1.97,0.0,0.0,Auttumn,No Holiday,Yes,7104375,1253
592,23/02/2018,21,6.0,79,2.7,306,2.6,0.0,0.0,0.0,Winter,No Holiday,Yes,2355744,290
593,2/1/2018,10,-1.4,50,1.9,1355,-10.5,0.38,0.0,0.0,Winteer,No Holiday,Yes,1837365,211
594,25/08/2018,-4,12.5,60,1.8,1391,4.4,0.57,0.1,0.1,Summmer,No Holiday,No,3289147,630
595,12/5/2018,2,15.5,62,1.0,730,8.2,0.0,0.0,0.0,Spring,No Holiday,Yes,2659185,417
596,11/11/2018,17,8.9,57,3.0,1149,0.8,0.03,0.0,0.0,Autum,No Holiday,Yes,3544943,639
597,29/09/2018,21,20.1,54,1.2,2000,10.4,,0.0,0.0,Autumn,No Holiday,Yes,9641268,1745
598,5/12/2017,9,-7.6,31,1.3,1974,-21.8,,0.0,0.0,Winteer,No Holiday,Yes,2353782,446
599,9/1/2018,2,-2.9,66,3.3,1515,-8.3,0.0,0.0,1.0,Winter,No Holiday,Yes,1140089,66
600,11/11/2018,22,7.0,60,0.0,1948,-0.2,0.0,0.0,0.0,Auttumn,No Holiday,Yes,4289486,666
601,23/04/2018,10,8.6,95,2.5,578,7.8,0.2,4.0,0.0,Sproing,No Holiday,Yes,1016356,10
602,5/9/2018,11,,47,2.9,2000,14.1,2.38,0.0,0.0,Autumn,No Holiday,Yes,5359871,997
603,26/06/2018,4,24.7,49,1.0,1293,13.2,0.0,0.0,0.0,Summer,No Holiday,Yes,930966,155
604,27/12/2017,1,-8.2,39,1.8,2000,-19.7,0.0,0.0,0.0,Wonter,No Holiday,Yes,1086940,144
605,9/2/2018,11,-0.2,31,0.8,1269,-15.3,0.5,0.0,0.0,Winteer,No Holiday,Yes,1357251,225
606,9/10/2018,10,14.8,51,1.0,1998,4.7,1.07,0.0,0.0,Autumn,Holiday,No,475482,0
607,11/2/2018,7,-9.2,34,2.0,1945,-22.2,,0.0,0.0,Wintr,No Holiday,Yes,515905,35
608,22/11/2018,19,3.6,48,2.6,2000,-6.4,0.0,0.0,0.0,Autumn,No Holiday,Yes,5393185,1047
609,6/10/2018,3,16.8,90,3.3,1601,15.1,0.0,2.0,0.0,Auttumn,No Holiday,No,767158,0
610,7/11/2018,-8,13.2,56,1.7,1440,3.4,0.55,0.1,0.1,Summr,Holiday,Yes,3895956,697
611,29/03/2018,7,12.8,82,0.6,370,9.7,0.01,0.0,0.0,Spring,No Holiday,Yes,4835716,814
612,6/9/2018,15,27.8,48,3.0,1880,15.7,0.93,0.0,0.0,Autum,No Holiday,Yes,6179038,1164
613,25/09/2018,19,20.3,39,0.6,2000,5.8,0.0,0.0,0.0,Autumn,Holiday,Yes,8991392,1684
614,26/01/2018,5,-16.9,38,,2000,-27.9,0.0,,0.5,Wintr,No Holiday,Yes,810380,31
615,3/4/2018,22,16.0,85,2.0,409,13.4,0.0,0.0,0.0,Spring,No Holiday,Yes,5636387,1057
616,8/2/2018,1,-8.5,60,1.2,1908,-14.8,0.0,0.0,0.0,Wintr,No Holiday,Yes,1052443,134
617,14/06/2018,22,21.8,72,1.0,1952,16.5,0.0,0.0,0.0,Summer,No Holiday,Yes,9592984,1771
618,17/02/2018,4,-5.2,28,2.5,2000,-20.9,0.0,0.0,0.0,Winter,Holiday,Yes,1081279,25
619,28/09/2018,3,15.3,59,1.6,2000,7.3,0.0,0.0,0.0,Autmn,No Holiday,No,187395,0
620,20/05/2018,19,20.8,24,2.0,2000,-0.5,0.56,0.0,0.0,Spriing,No Holiday,Yes,11073721,2120
621,13/03/2018,15,18.6,47,3.3,1560,7.0,2.08,0.0,0.0,Spring,No Holiday,Yes,4635312,867
622,1/8/2018,16,39.4,39,2.5,1897,22.8,2.42,0.0,0.0,Summer,No Holiday,Yes,3433855,608
623,5/10/2018,12,16.6,90,1.7,518,14.9,0.51,2.0,0.0,Auttumn,No Holiday,Yes,597230,19
624,10/11/2018,0,11.3,77,0.9,433,7.4,0.0,0.0,0.0,Autumn,No Holiday,Yes,4047795,773
625,3/4/2018,3,,74,1.7,1294,12.3,0.0,0.0,0.0,Sproing,No Holiday,Yes,1324807,173
626,20/07/2018,8,26.6,70,1.3,1062,20.6,1.01,0.0,0.0,Summer,No Holiday,Yes,10055493,1902
627,8/4/2018,22,2.7,88,2.0,621,0.9,0.0,,0.0,Spring,No Holiday,Yes,1149324,180
628,14/04/2018,17,9.3,81,2.4,2000,6.1,,0.0,0.0,Spring,No Holiday,Yes,3925345,683
629,11/7/2018,11,27.2,82,0.9,1093,23.8,,0.0,0.0,Summer,No Holiday,Yes,4512871,766
630,7/1/2018,8,-5.3,53,1.1,1411,-13.4,0.0,0.0,0.0,Winteer,No Holiday,Yes,1123439,107
631,11/3/2018,0,5.1,77,1.9,718,1.3,0.0,0.0,0.0,Sprng,No Holiday,Yes,2567758,368
632,18/07/2018,15,32.9,46,2.5,1248,19.7,2.9,,0.0,Summmer,No Holiday,Yes,4949041,860
633,3/8/2018,1,31.7,68,,1103,25.0,0.0,0.0,0.0,Summr,No Holiday,Yes,3490038,668
634,14/06/2018,5,20.3,84,3.2,518,17.5,0.0,0.0,0.0,Summr,No Holiday,Yes,876307,154
635,21/10/2018,5,8.2,73,1.3,1305,3.6,0.0,,0.0,Auttumn,No Holiday,Yes,1622403,143
636,1/7/2018,19,21.9,96,1.2,509,21.2,,5.5,0.0,Summr,No Holiday,Yes,444532,21
637,16/01/2018,21,4.3,56,0.7,434,-3.7,0.0,0.0,0.0,Wintr,No Holiday,Yes,2623925,346
638,1/9/2018,3,21.6,87,0.3,1579,19.3,0.0,0.0,0.0,Auttumn,No Holiday,Yes,2694640,492
639,27/10/2018,-4,14.1,58,1.7,1425,4.1,0.57,0.2,0.1,Summr,Holiday,No,1027980,48
640,23/05/2018,1,15.3,97,,178,14.8,0.0,3.0,0.0,Spring,No Holiday,Yes,1116065,25
641,12/12/2017,19,-8.2,43,1.1,2000,-18.5,0.0,0.0,0.0,Winter,No Holiday,Yes,2338662,385
642,24/06/2018,17,30.9,34,2.5,1640,13.2,1.79,0.0,0.0,Summer,No Holiday,Yes,9900969,1827
643,24/12/2017,21,0.4,69,3.5,477,-4.6,0.0,0.0,0.0,Wintr,Holiday,Yes,1335841,156
644,12/6/2018,4,17.5,84,0.8,2000,14.7,0.0,0.0,0.0,Summmer,No Holiday,Yes,1089498,137
645,22/05/2018,21,17.0,85,1.1,597,14.4,0.0,0.5,0.0,Spring,Holiday,Yes,700220,37
646,12/10/2018,14,16.5,32,1.4,1841,-0.2,2.43,0.0,0.0,Autumn,No Holiday,Yes,6402839,1209
647,2/2/2018,8,-7.4,58,2.2,1882,-14.2,0.01,0.0,0.0,Winteer,No Holiday,Yes,3218190,551
648,11/9/2018,2,18.9,52,1.1,2000,8.8,0.0,,0.0,Autumn,No Holiday,Yes,2701279,475
649,28/07/2018,18,29.0,81,0.8,989,25.4,0.22,0.0,0.0,Summmer,No Holiday,Yes,5214611,927
650,23/10/2018,-5,12.6,59,1.7,1427,3.4,0.6,,0.1,Sumer,No Holiday,Yes,2512987,379
651,1/1/2018,3,-4.0,44,1.0,2000,-14.4,0.0,0.0,0.0,Wintr,Holiday,Yes,1260966,119
652,28/10/2018,2,6.6,59,0.4,2000,-0.8,0.0,0.0,0.0,Autmn,No Holiday,Yes,2913488,461
653,2/10/2018,14,21.5,39,2.5,1691,6.9,2.56,0.0,0.0,Autum,No Holiday,No,211424,0
654,15/04/2018,7,5.8,83,1.1,733,3.1,0.15,0.0,0.0,Spring,No Holiday,Yes,1471382,209
655,4/9/2018,19,25.1,49,3.1,2000,13.6,0.18,,0.0,Autmn,No Holiday,Yes,13407960,2610
656,26/06/2018,1,26.7,50,1.8,884,15.4,0.0,0.0,0.0,Summmer,No Holiday,Yes,4843939,795
657,27/09/2018,3,14.9,57,1.1,2000,6.4,0.0,0.0,0.0,Auttumn,No Holiday,Yes,1385231,192
658,28/07/2018,2,28.8,80,1.9,925,24.9,0.0,0.0,0.0,Sumer,No Holiday,Yes,3660478,628
659,17/10/2018,0,12.3,75,1.2,1332,7.9,,,0.0,Autmn,No Holiday,Yes,3634515,653
660,2/1/2018,-3,13.1,58,1.7,1473,4.1,0.54,,0.1,Autmn,No Holiday,Yes,5653119,1032
661,5/3/2018,12,7.6,58,2.4,2000,-0.1,1.85,0.0,0.0,Spring,No Holiday,Yes,3144835,450
662,23/02/2018,17,,68,4.2,352,2.3,0.27,0.0,0.0,Wonter,No Holiday,Yes,2812557,474
663,4/12/2017,6,1.2,76,3.7,371,-2.5,0.0,0.1,0.0,Wintr,No Holiday,Yes,1312090,192
664,9/7/2018,6,21.0,64,1.0,2000,13.9,0.03,,0.0,Summmer,No Holiday,Yes,2961140,500
665,21/08/2018,15,29.5,57,2.0,2000,20.0,,0.0,0.0,Summer,No Holiday,Yes,5881613,990
666,7/9/2018,-1,11.7,56,1.8,1402,4.6,0.56,0.0,0.1,Sumer,No Holiday,No,4581740,858
667,10/11/2018,18,13.2,57,,618,4.8,0.01,0.0,0.0,Autum,No Holiday,Yes,6413927,1253
668,25/12/2017,20,-2.1,49,1.7,2000,-11.4,0.0,0.0,0.0,Wintr,Holiday,Yes,1033930,160
669,8/1/2018,13,3.0,32,1.6,1518,-12.1,0.38,0.0,0.0,Winteer,No Holiday,Yes,1730732,290
670,13/08/2018,12,13.0,57,15.7,1467,4.1,0.6,0.2,0.1,Sprng,No Holiday,Yes,5475236,962
671,2/1/2018,11,,40,2.3,1633,-12.3,,0.0,0.0,Winter,No Holiday,Yes,2258006,274
672,9/5/2018,13,20.1,36,1.1,1933,4.5,3.34,0.0,0.0,Sproing,No Holiday,Yes,6160600,1154
673,13/01/2018,3,-6.5,42,0.7,1996,-17.3,0.0,0.0,0.0,Winter,No Holiday,Yes,516062,78
674,31/03/2018,16,18.0,32,3.0,1836,1.0,,0.0,0.0,Sprng,No Holiday,Yes,8258507,1560
675,18/03/2018,7,5.5,58,1.0,937,-2.1,0.0,0.0,0.0,Spriing,No Holiday,Yes,701754,112
676,15/10/2018,3,11.3,85,0.0,907,8.8,0.0,,0.0,Autum,No Holiday,Yes,1340903,168
677,23/03/2018,16,12.2,24,2.8,1655,-7.8,1.98,0.0,0.0,Spriing,No Holiday,Yes,4942104,941
678,13/10/2018,10,12.6,50,1.4,1712,2.4,1.68,0.0,0.0,Autumn,No Holiday,Yes,5670874,1014
679,22/11/2018,6,-1.0,41,0.7,2000,-12.6,0.0,0.0,0.0,Auttumn,No Holiday,Yes,2545600,346
680,24/01/2018,5,-15.6,29,3.7,2000,-29.6,0.0,0.0,0.9,Wintr,No Holiday,Yes,545864,33
681,7/1/2018,4,-5.1,60,0.7,1377,-11.6,0.0,0.0,0.0,Winter,No Holiday,Yes,847625,69
682,7/10/2018,8,14.6,71,1.0,1896,9.3,0.43,0.0,0.0,Autum,No Holiday,Yes,3849525,609
683,24/08/2018,-8,12.7,58,1.7,1409,3.3,0.52,0.1,0.1,Winteer,No Holiday,Yes,6820921,1238
684,6/12/2017,-4,12.9,59,1.7,1452,3.7,0.52,0.0,0.1,Summer,No Holiday,No,2637374,441
685,16/12/2017,7,-6.7,64,2.1,977,-12.3,0.0,0.0,0.0,Winter,No Holiday,Yes,895272,85
686,11/5/2018,0,12.5,84,1.5,334,9.8,0.0,0.0,0.0,Spring,No Holiday,Yes,4927276,786
687,8/5/2018,1,16.0,64,1.0,1600,9.1,0.0,0.0,0.0,Sproing,No Holiday,Yes,2544559,466
688,20/09/2018,0,20.1,58,0.3,2000,11.5,0.0,,0.0,Autum,No Holiday,Yes,4996677,812
689,14/08/2018,14,,41,2.9,1814,20.8,2.68,0.0,0.0,Summer,No Holiday,Yes,3694587,644
690,18/08/2018,-3,12.5,57,1.8,1399,3.9,0.53,0.2,0.1,Sumer,Holiday,No,6962127,1332
691,2/7/2018,7,20.7,97,0.4,1801,20.2,0.0,0.5,0.0,Sumer,No Holiday,Yes,1196532,133
692,25/11/2018,21,4.7,81,1.0,437,1.7,0.0,0.0,0.4,Auttumn,No Holiday,Yes,3312957,543
693,18/08/2018,-8,13.0,57,1.8,1443,3.7,0.42,0.3,0.1,Spring,Holiday,No,2403533,316
694,11/6/2018,4,,60,1.0,2000,10.8,0.0,0.0,0.0,Summmer,No Holiday,Yes,1338032,203
695,14/09/2018,21,24.7,61,1.6,2000,16.6,0.0,0.0,0.0,Autum,No Holiday,Yes,7249180,1409
696,31/12/2017,3,0.3,91,2.0,172,-1.0,0.0,1.0,1.2,Winter,Holiday,Yes,1199953,63
697,2/5/2018,2,19.0,80,1.6,346,15.4,0.0,0.0,0.0,Sprng,No Holiday,Yes,1582514,270
698,17/05/2018,3,21.8,98,0.6,113,21.4,0.0,2.5,0.0,Sproing,No Holiday,Yes,617115,44
699,12/3/2018,22,7.8,49,0.1,528,-2.2,,0.0,0.0,Sproing,No Holiday,Yes,4356036,695
700,19/05/2018,11,19.0,44,,2000,6.4,3.12,0.0,0.0,Spring,No Holiday,Yes,6879913,1295
701,28/12/2017,15,0.4,57,2.4,1179,-7.1,0.36,0.0,0.0,Winter,No Holiday,Yes,2303431,310
702,13/10/2018,18,16.5,38,1.6,1246,2.1,0.14,0.0,0.0,Autmn,No Holiday,Yes,9278336,1763
703,2/12/2017,18,5.5,53,1.5,1697,-3.3,0.0,0.0,0.0,Wonter,No Holiday,Yes,3096606,480
704,28/10/2018,23,6.0,74,1.1,2000,1.7,0.0,0.0,0.0,Autumn,No Holiday,Yes,3315424,531
705,14/04/2018,18,9.6,79,1.8,2000,6.1,0.39,0.0,0.0,Sprng,No Holiday,Yes,4196936,716
706,18/01/2018,16,3.6,42,2.4,883,-8.1,0.29,0.0,0.0,Winter,No Holiday,Yes,1739617,309
707,28/03/2018,1,11.6,74,1.2,374,7.1,0.0,0.0,0.0,Spriing,No Holiday,Yes,2568020,322
708,4/6/2018,13,27.4,30,2.0,1768,8.2,3.03,0.0,0.0,Summr,No Holiday,Yes,6042930,1123
709,3/10/2018,19,20.0,49,1.5,2000,8.9,0.0,0.0,0.0,Autmn,Holiday,Yes,10295753,1885
710,1/3/2018,1,2.1,97,0.2,859,1.6,0.0,0.0,0.0,Spriing,Holiday,Yes,1316240,141
711,12/6/2018,21,20.6,70,1.8,1986,14.9,0.0,0.0,0.0,Sumer,No Holiday,Yes,13839293,2588
712,31/01/2018,18,-1.8,35,2.1,2000,-15.2,0.05,0.0,1.6,Wintr,No Holiday,Yes,2479164,401
713,11/4/2018,1,13.6,81,3.6,886,10.3,0.0,0.0,0.0,Spring,No Holiday,No,135952,0
714,14/01/2018,16,5.3,49,1.8,982,-4.5,0.43,0.0,0.0,Wintr,No Holiday,Yes,2626549,345
715,20/02/2018,12,4.0,23,3.5,1785,-15.3,,0.0,0.0,Winter,No Holiday,Yes,2480386,391
716,6/10/2018,8,16.6,97,2.0,457,16.1,0.01,9.0,0.0,Autmn,No Holiday,Yes,1037017,10
717,8/5/2018,18,20.7,40,,2000,6.6,1.06,0.0,0.0,Spring,No Holiday,Yes,13205108,2570
718,18/11/2018,-6,13.0,59,1.8,1420,4.3,0.58,0.1,0.1,Sumer,Holiday,Yes,1785650,239
719,3/3/2018,2,0.9,35,,1856,-12.8,0.0,0.0,0.0,Sprng,No Holiday,Yes,1116010,173
720,22/12/2017,17,5.4,61,1.3,691,-1.5,0.08,0.0,0.0,Winter,Holiday,Yes,3190325,505
721,23/11/2018,6,-2.6,40,1.4,2000,-14.3,0.0,0.0,0.0,Autmn,No Holiday,Yes,2670106,345
722,25/11/2018,9,,88,,286,0.5,,0.0,2.5,Autumn,No Holiday,Yes,2374866,379
723,5/8/2018,15,33.7,55,3.7,1843,23.3,2.67,0.0,0.0,Summer,No Holiday,Yes,4423692,728
724,3/2/2018,2,-3.4,82,4.2,184,-6.0,0.0,,0.0,Wintr,No Holiday,Yes,1133719,140
725,18/08/2018,17,29.9,39,2.9,2000,14.4,0.86,0.0,0.0,Summr,No Holiday,Yes,9067358,1779
726,7/4/2018,8,2.4,44,4.3,1375,-8.6,0.41,0.0,0.0,Sprng,No Holiday,Yes,2796104,407
727,23/11/2018,4,-2.0,42,0.7,2000,-13.2,0.0,0.0,0.0,Autumn,No Holiday,Yes,725348,120
728,22/01/2018,17,1.3,93,1.2,81,0.2,0.03,0.0,0.2,Winter,No Holiday,Yes,1008243,39
729,31/07/2018,5,28.3,60,1.6,2000,19.7,0.0,0.0,0.0,Summer,No Holiday,Yes,2269398,280
730,24/09/2018,11,19.4,31,4.1,1966,1.8,2.55,0.0,0.0,Autumn,Holiday,Yes,3391092,568
731,22/11/2018,20,3.1,42,2.4,2000,-8.5,0.0,0.0,0.0,Auttumn,No Holiday,Yes,4547720,790
732,18/09/2018,23,21.2,69,1.3,1999,15.2,0.0,0.0,0.0,Autum,No Holiday,No,469485,0
733,10/6/2018,9,19.2,65,1.4,2000,12.4,0.34,0.0,0.0,Summer,No Holiday,Yes,5036460,834
734,30/07/2018,1,28.5,54,,2000,18.2,0.0,0.0,0.0,Sumer,No Holiday,Yes,3269599,582
735,2/10/2018,22,15.5,69,0.8,1987,9.8,0.0,0.0,0.0,Autumn,No Holiday,No,822992,0
736,29/09/2018,14,26.2,33,1.8,2000,8.6,2.62,0.0,0.0,Autmn,No Holiday,Yes,10377835,1969
737,1/12/2017,8,-7.6,37,1.1,2000,-19.8,0.01,0.0,0.0,Wonter,No Holiday,Yes,5116491,967
738,4/5/2018,16,18.6,30,5.1,1891,0.6,2.49,0.0,0.0,Spriing,No Holiday,Yes,8827407,1576
739,3/7/2018,19,30.4,62,0.9,2000,22.2,0.65,0.1,0.0,Summmer,No Holiday,Yes,13643055,2622
740,8/4/2018,23,2.9,85,0.9,829,0.6,,0.0,0.0,Spriing,No Holiday,Yes,1275707,195
741,23/05/2018,19,18.8,52,3.4,2000,8.7,0.49,,0.0,Sproing,No Holiday,Yes,12713993,2457
742,20/04/2018,16,25.7,30,3.4,600,6.8,2.07,0.0,0.0,Sprng,No Holiday,Yes,6967559,1250
743,29/12/2017,6,0.8,68,0.6,673,-4.4,0.0,0.0,0.0,Winter,No Holiday,Yes,1224873,134
744,11/4/2018,16,16.9,23,4.4,1938,-4.4,2.39,,0.0,Sproing,No Holiday,No,286222,0
745,31/07/2018,-5,12.7,59,1.8,1471,3.6,0.54,0.3,0.0,Spriing,No Holiday,Yes,4266227,696
746,18/07/2018,8,25.8,71,0.4,760,20.1,0.93,0.0,0.0,Summmer,No Holiday,Yes,10130931,1938
747,7/1/2018,3,-4.8,56,0.6,1505,-12.2,0.0,,0.0,Wintr,No Holiday,Yes,875728,98
748,15/12/2017,17,-0.2,39,,1016,-12.5,0.0,0.0,0.0,Winter,No Holiday,Yes,3073268,455
749,13/07/2018,11,27.5,70,,1719,21.5,1.07,0.0,0.0,Summmer,No Holiday,Yes,4836891,938
750,22/03/2018,23,3.4,69,1.1,895,-1.7,0.0,0.0,0.0,Spriing,No Holiday,Yes,2338001,427
751,1/3/2018,0,2.0,96,,1894,1.4,0.0,2.0,0.0,Sprng,Holiday,Yes,1333511,68
752,23/02/2018,-9,13.1,58,1.9,1440,4.7,0.5,0.2,0.0,Autumn,No Holiday,Yes,2457496,450
753,31/12/2017,14,3.0,28,3.8,1956,-13.7,1.1,0.0,0.0,Wintr,Holiday,Yes,1905237,236
754,3/10/2018,7,11.2,85,0.3,1593,8.7,0.02,0.0,0.0,Autum,Holiday,Yes,3003919,454
755,25/05/2018,11,23.1,30,2.5,1896,4.5,3.01,0.0,0.0,Spring,No Holiday,Yes,5662730,956
756,20/09/2018,-4,13.4,58,1.8,1488,2.7,0.58,0.2,0.1,Summer,Holiday,Yes,1707214,150
757,12/5/2018,-2,11.7,58,1.9,1427,4.8,0.54,0.1,0.1,Wintr,Holiday,No,1171846,127
758,27/12/2017,15,-3.1,16,2.2,2000,-25.4,0.9,0.0,0.0,Wintr,No Holiday,Yes,2135574,240
759,21/10/2018,8,7.9,67,1.1,1210,2.1,0.28,0.0,0.0,Autumn,No Holiday,Yes,3571821,552
760,1/5/2018,6,17.8,85,0.6,265,15.2,0.0,,0.0,Spriing,Holiday,Yes,2195420,329
761,9/3/2018,23,2.5,72,1.5,1071,-2.0,0.0,0.0,0.0,Spriing,No Holiday,Yes,1835775,322
762,14/07/2018,5,24.8,86,1.6,1170,22.2,0.0,0.0,0.0,Sumer,No Holiday,Yes,1703100,274
763,5/2/2018,10,-9.6,32,3.7,2000,-23.2,1.14,0.0,0.0,Wintr,No Holiday,Yes,1131215,142
764,12/5/2018,6,14.4,71,1.3,560,9.2,0.0,0.4,0.0,Spring,No Holiday,Yes,825395,28
765,30/08/2018,5,24.0,97,0.9,1347,23.4,0.0,0.5,0.0,Summmer,No Holiday,Yes,896261,82
766,9/10/2018,2,11.4,65,1.1,2000,5.0,,0.0,0.0,Autum,Holiday,No,731623,0
767,13/11/2018,5,4.7,72,0.0,1310,0.0,0.0,0.0,0.0,Autumn,No Holiday,Yes,1491308,145
768,16/09/2018,14,23.4,72,2.2,682,18.0,,0.0,0.0,Autumn,No Holiday,Yes,2699277,468
769,21/01/2018,4,-2.3,47,0.7,984,-12.1,0.0,0.0,0.0,Wintr,No Holiday,Yes,526560,58
770,29/06/2018,10,24.4,76,2.1,617,19.8,1.58,0.0,0.0,Summer,No Holiday,Yes,4765763,916
771,12/9/2018,5,17.5,60,,2000,9.6,0.0,0.0,0.0,Autmn,No Holiday,Yes,1369153,243
772,22/04/2018,4,14.9,35,0.8,2000,-0.4,0.0,0.0,0.0,Spring,No Holiday,Yes,1860786,199
773,20/12/2017,6,-8.2,66,0.9,1718,-13.4,0.0,0.0,2.0,Winteer,No Holiday,Yes,1214942,116
774,17/04/2018,9,12.0,39,0.6,1386,-1.5,1.44,0.0,0.0,Sprng,No Holiday,Yes,5974031,1040
775,27/08/2018,8,21.3,97,1.3,1029,20.7,0.17,0.5,0.0,Summer,No Holiday,Yes,1728177,319
776,16/12/2017,2,-4.1,73,2.1,567,-8.2,0.0,0.0,0.0,Winter,No Holiday,Yes,1611654,243
777,19/04/2018,5,7.9,59,1.4,1005,0.3,0.0,0.0,0.0,Sprng,No Holiday,Yes,1106177,134
778,30/01/2018,16,-2.2,76,1.7,233,-5.8,0.25,0.0,0.0,Winteer,No Holiday,Yes,998906,75
779,10/12/2017,11,0.9,92,0.9,137,-0.2,0.03,0.0,3.9,Wonter,No Holiday,Yes,722164,55
780,20/07/2018,15,34.1,45,2.4,1110,20.4,2.88,0.0,0.0,Summer,No Holiday,Yes,4828166,800
781,11/8/2018,19,33.8,44,2.2,2000,19.8,0.3,0.0,0.0,Summr,No Holiday,Yes,7598623,1477
782,14/01/2018,22,2.8,60,0.6,829,-4.2,0.0,0.0,0.0,Wonter,No Holiday,Yes,1508566,205
783,16/02/2018,8,-5.4,38,0.7,2000,-17.5,0.04,,0.0,Wonter,Holiday,Yes,1312201,63
784,27/11/2018,11,7.9,64,1.2,383,1.4,0.87,0.0,0.0,Autum,No Holiday,Yes,3680800,603
785,18/04/2018,23,10.7,42,0.9,1236,-1.7,0.0,,0.0,Spring,No Holiday,Yes,3949722,720
786,20/01/2018,19,3.5,66,1.7,187,-2.2,0.0,0.0,0.0,Wintr,No Holiday,Yes,1888323,231
787,14/08/2018,3,28.4,73,1.4,1990,23.0,0.0,0.0,0.0,Summer,No Holiday,Yes,2173684,341
788,1/7/2018,22,21.7,97,0.7,540,21.1,0.0,3.5,0.0,Summer,No Holiday,Yes,435392,14
789,4/7/2018,13,31.0,60,2.6,1657,22.3,2.75,0.0,0.0,Summr,No Holiday,Yes,5127521,951
790,8/12/2017,10,-5.3,44,2.8,1516,-15.6,0.63,0.0,0.0,Wonter,No Holiday,Yes,2166608,260
791,3/1/2018,12,-3.4,32,3.1,1706,-17.7,1.02,0.0,0.0,Winteer,No Holiday,Yes,2476995,304
792,2/2/2018,12,0.9,37,1.5,1283,-12.1,1.12,0.0,0.0,Winteer,No Holiday,Yes,1857945,285
793,28/01/2018,0,-7.5,36,2.3,1972,-20.0,0.0,0.0,0.0,Winter,No Holiday,Yes,789512,94
794,23/05/2018,7,13.6,75,1.6,1987,9.2,0.47,0.0,0.0,Spring,No Holiday,Yes,7160424,1245
795,12/5/2018,-4,13.5,57,1.7,1419,3.5,0.57,0.2,0.1,Autmn,No Holiday,No,1333511,68
796,31/05/2018,15,26.9,37,2.7,1850,10.9,,0.0,0.0,Spriing,No Holiday,Yes,6621509,1279
797,12/7/2018,22,25.9,83,0.6,1827,22.7,0.0,0.0,0.0,Sumer,No Holiday,Yes,10352882,1974
798,14/11/2018,0,7.0,54,0.9,1862,-1.6,0.0,0.0,0.0,Autmn,No Holiday,Yes,3751117,615
799,1/12/2017,14,3.0,26,2.0,2000,-14.6,1.01,0.0,0.0,Wonter,No Holiday,Yes,3243293,453
800,5/5/2018,6,12.3,55,2.1,1972,3.5,0.02,0.0,0.0,Spriing,No Holiday,Yes,1835316,255
801,7/3/2018,15,10.2,34,2.3,1919,-4.9,1.19,0.0,0.0,Sproing,No Holiday,Yes,3291085,622
802,29/01/2018,2,-10.2,47,0.9,1808,-19.3,0.0,0.0,0.0,Wonter,No Holiday,Yes,715766,55
803,7/12/2017,16,3.2,38,2.9,1817,-9.7,0.51,0.0,0.0,Wintr,No Holiday,Yes,2842892,494
804,5/3/2018,-4,12.9,57,1.7,1395,4.5,0.53,0.2,0.1,Spring,No Holiday,Yes,2389345,441
805,27/02/2018,23,5.3,53,1.5,582,-3.5,,0.0,0.0,Winteer,No Holiday,Yes,1754426,284
806,24/04/2018,8,10.5,79,1.3,2000,7.0,0.29,0.0,0.0,Spring,No Holiday,Yes,7885112,1528
807,15/06/2018,6,17.2,83,1.3,2000,14.2,,0.0,0.0,Summer,No Holiday,Yes,3174053,612
808,4/6/2018,-10,12.7,58,1.7,1445,4.6,0.56,0.2,0.1,Wintr,No Holiday,No,8593451,1523
809,1/1/2018,4,-4.2,53,1.1,1994,-12.3,0.0,0.0,0.0,Wonter,Holiday,Yes,837062,78
810,2/3/2018,14,3.4,23,,1545,-15.8,2.74,0.0,0.0,Sproing,No Holiday,Yes,2862258,418
811,2/8/2018,1,31.5,69,1.5,1512,25.1,0.0,0.0,0.0,Sumer,No Holiday,Yes,4048188,678
812,7/12/2017,9,0.1,91,0.8,265,-1.1,0.14,0.0,0.8,Wonter,No Holiday,Yes,3165088,448
813,25/07/2018,22,28.8,76,2.8,1231,24.1,0.0,0.0,0.0,Summr,No Holiday,Yes,9290084,1748
814,16/01/2018,2,0.5,72,0.7,385,-3.9,0.0,0.0,0.0,Wintr,No Holiday,Yes,1025560,123
815,1/9/2018,16,30.5,41,1.4,1930,15.7,1.95,0.0,0.0,Autmn,No Holiday,Yes,8596569,1681
816,11/10/2018,7,6.3,65,1.0,2000,0.1,0.01,0.0,0.0,Autumn,No Holiday,Yes,6927580,1232
817,25/06/2018,18,30.7,43,1.6,931,16.6,0.74,0.0,0.0,Summr,No Holiday,Yes,17511128,3304
818,29/08/2018,20,23.4,98,0.6,70,23.0,0.0,21.0,0.0,Sumer,No Holiday,Yes,829226,15
819,15/02/2018,6,-2.6,38,1.0,2000,-15.0,0.0,0.0,0.0,Winter,Holiday,Yes,391325,39
820,29/11/2018,10,3.9,28,0.6,1627,-12.9,0.49,0.0,0.0,Autumn,No Holiday,Yes,2946904,567
821,16/04/2018,16,18.5,24,3.0,1773,-2.4,2.27,0.0,0.0,Spring,No Holiday,Yes,7720466,1438
822,17/11/2018,-9,13.3,59,1.7,1418,3.3,0.54,,0.1,Spriing,Holiday,Yes,5023817,812
823,5/1/2018,3,-5.5,56,1.1,1453,-12.9,,0.0,0.0,Wonter,No Holiday,Yes,848853,69
824,29/10/2018,1,5.1,83,1.1,1989,2.4,0.0,0.0,0.0,Autmn,No Holiday,Yes,2214701,337
825,30/12/2017,20,1.9,90,0.9,88,0.4,0.0,0.0,0.0,Winter,No Holiday,Yes,1138949,65
826,16/11/2018,15,13.2,61,,719,5.8,1.03,0.0,0.0,Autmn,No Holiday,Yes,5571566,1005
827,19/12/2017,22,-5.5,56,1.5,2000,-12.9,0.0,0.0,2.0,Wonter,No Holiday,Yes,1122116,196
828,9/6/2018,0,19.7,83,1.5,390,16.7,0.0,0.0,0.0,Summmer,No Holiday,Yes,6794058,1304
829,6/4/2018,13,7.9,58,4.3,488,0.1,1.88,0.0,0.0,Sproing,No Holiday,Yes,4204508,681
830,20/07/2018,-10,12.8,58,1.8,1452,4.5,0.51,0.2,0.1,Summer,No Holiday,No,13184355,2503
831,22/05/2018,20,17.2,85,1.4,467,14.6,0.0,0.5,0.0,Spring,Holiday,Yes,485958,25
832,1/12/2017,9,-6.5,27,0.5,1928,-22.4,0.23,0.0,0.0,Winter,No Holiday,Yes,3115806,515
833,12/10/2018,22,10.5,62,1.2,2000,3.5,0.0,0.0,0.0,Autmn,No Holiday,Yes,7529583,1410
834,13/08/2018,23,29.6,63,,2000,21.8,,0.0,0.0,Summer,No Holiday,Yes,6475820,1163
835,4/1/2018,6,-7.6,47,2.3,2000,-16.9,0.0,0.0,0.0,Winter,No Holiday,Yes,1482365,117
836,7/5/2018,20,20.9,61,2.7,1523,13.0,,0.0,0.0,Sprng,No Holiday,Yes,9942189,1922
837,30/01/2018,20,-1.5,91,1.7,270,-2.7,0.0,0.0,3.3,Winter,No Holiday,Yes,824014,66
838,6/5/2018,15,17.8,77,1.6,2000,13.7,1.13,0.0,0.0,Sprng,No Holiday,Yes,4298463,832
839,6/8/2018,10,29.8,76,1.4,850,25.1,1.52,0.0,0.0,Summer,No Holiday,Yes,3364685,518
840,16/03/2018,14,11.0,36,1.8,1973,-3.5,2.91,0.0,0.0,Sprng,No Holiday,Yes,4919748,789
841,2/3/2018,21,1.0,34,1.4,1880,-13.1,0.0,0.0,0.0,Spring,No Holiday,Yes,2570371,402
842,25/02/2018,11,,29,2.6,1293,-12.2,1.87,0.0,0.0,Wintr,No Holiday,Yes,1845157,241
843,8/12/2017,8,-7.0,59,0.8,1559,-13.6,0.01,0.0,0.0,Winter,No Holiday,Yes,4458831,803
844,1/5/2018,14,23.0,64,2.8,520,15.8,1.59,0.0,0.0,Spring,Holiday,Yes,8363014,1626
845,19/06/2018,19,23.3,59,2.6,1214,14.8,0.28,0.0,0.0,Sumer,No Holiday,Yes,15366998,2878
846,3/5/2018,-1,13.5,60,1.8,1483,3.3,0.59,0.2,0.1,Winteer,No Holiday,No,7617986,1468
847,30/05/2018,0,19.1,84,1.6,540,16.3,0.0,,0.0,Sprng,No Holiday,Yes,3511170,527
848,24/12/2017,6,4.9,84,1.3,159,2.4,0.0,0.1,0.0,Wonter,Holiday,Yes,666920,14
849,30/09/2018,7,15.1,81,0.8,1939,11.8,0.03,0.0,0.0,Autumn,No Holiday,No,196158,0
850,21/06/2018,2,20.2,82,0.9,575,17.0,0.0,0.0,0.0,Summr,No Holiday,Yes,3096254,519
851,12/3/2018,6,2.8,57,0.7,920,-4.8,0.0,0.0,0.0,Sprng,No Holiday,Yes,2166863,291
852,20/12/2017,2,-7.8,68,0.9,1642,-12.6,0.0,0.0,2.0,Winteer,No Holiday,Yes,1099940,115
853,25/02/2018,4,-1.1,43,0.7,1558,-12.1,,0.0,0.0,Wonter,No Holiday,Yes,1086771,50
854,3/10/2018,6,11.4,84,0.3,1742,8.7,,0.0,0.0,Autmn,Holiday,Yes,2180156,258
855,8/4/2018,11,6.4,29,2.7,2000,-10.3,0.9,0.0,0.0,Spriing,No Holiday,Yes,3366270,571
856,18/03/2018,18,10.4,47,0.4,824,-0.4,,0.0,0.0,Spring,No Holiday,Yes,1922265,350
857,25/05/2018,0,17.6,57,1.8,943,8.9,0.0,0.0,0.0,Spring,No Holiday,Yes,5051086,811
858,18/06/2018,9,24.7,59,1.1,616,16.1,1.8,0.0,0.0,Summr,No Holiday,Yes,6896465,1336
859,22/04/2018,-1,12.6,58,1.8,1417,3.9,0.58,0.2,0.1,Spriing,Holiday,No,3260430,474
860,2/2/2018,0,-4.9,56,,1982,-12.3,0.0,0.0,0.0,Winter,No Holiday,Yes,1750434,157
861,16/01/2018,13,5.8,47,0.8,382,-4.6,0.53,0.0,0.0,Winter,No Holiday,Yes,2044672,294
862,1/9/2018,10,26.0,54,1.5,2000,15.9,2.13,0.0,0.0,Autum,No Holiday,Yes,5294508,872
863,13/10/2018,6,6.6,80,1.0,1424,3.3,0.0,,0.0,Autum,No Holiday,Yes,1481693,220
864,17/11/2018,20,5.4,43,2.7,1913,-6.2,0.0,0.0,0.0,Auttumn,No Holiday,Yes,4217327,654
865,1/12/2017,-7,11.7,57,1.7,1418,3.6,0.63,0.2,0.1,Summr,Holiday,No,3718446,616
866,20/01/2018,8,0.3,63,0.4,1140,-5.9,0.0,0.0,0.0,Winter,No Holiday,Yes,1667515,216
867,17/10/2018,3,10.2,80,0.3,1191,6.8,0.0,0.0,0.0,Auttumn,No Holiday,Yes,1375586,250
868,3/10/2018,13,22.5,40,2.6,1854,8.2,2.64,0.0,0.0,Autum,Holiday,Yes,9851518,1860
869,9/8/2018,18,28.1,86,2.3,1244,25.5,0.28,0.5,0.0,Sumer,No Holiday,Yes,10189203,1861
870,19/11/2018,-9,12.1,59,1.8,1410,3.3,,0.2,0.1,Sumer,No Holiday,No,10230117,1966
871,19/11/2018,3,4.8,65,0.8,1179,-1.2,0.0,0.0,0.0,Auttumn,No Holiday,Yes,1033898,115
872,7/12/2017,0,1.4,92,0.5,240,0.2,0.0,0.0,0.9,Wonter,No Holiday,Yes,1400006,195
873,21/08/2018,20,27.7,69,1.6,1992,21.4,0.01,0.0,0.0,Sumer,No Holiday,Yes,11798017,2209
874,11/11/2018,1,8.8,89,0.7,213,7.0,0.0,0.0,0.0,Autmn,No Holiday,Yes,2884243,520
875,28/02/2018,19,2.5,95,1.9,838,1.7,0.0,0.0,0.0,Wonter,No Holiday,Yes,773885,13
876,18/04/2018,20,13.0,41,2.3,1164,0.0,0.0,0.0,0.0,Sprng,No Holiday,Yes,6994822,1349
877,17/02/2018,6,-6.2,32,2.5,2000,-20.2,0.0,0.0,0.0,Wonter,Holiday,Yes,655491,32
878,24/10/2018,8,8.1,85,1.2,772,5.7,0.26,0.0,0.0,Autumn,No Holiday,Yes,11577848,2194
879,30/03/2018,16,20.7,36,,811,5.0,1.82,0.0,0.0,Sprng,No Holiday,Yes,6149398,1154
880,3/8/2018,6,30.5,62,1.3,1583,22.3,0.01,0.0,0.0,Summer,No Holiday,Yes,3805097,566
881,18/10/2018,13,18.1,43,2.2,2000,5.3,2.3,0.0,0.0,Autmn,No Holiday,Yes,6055069,1104
882,4/2/2018,1,-10.5,48,3.1,2000,-19.4,,0.0,0.0,Wonter,No Holiday,Yes,1233368,92
883,28/04/2018,4,11.4,78,1.8,362,7.6,0.0,,0.0,Sproing,No Holiday,Yes,1516991,172
884,6/2/2018,19,-8.4,37,4.0,2000,-20.5,0.0,0.0,0.0,Winteer,No Holiday,Yes,1626876,263
885,23/10/2018,2,10.6,68,0.9,603,4.9,0.0,0.0,0.0,Autumn,No Holiday,Yes,2528740,362
886,28/03/2018,13,17.5,54,3.1,1065,8.0,1.63,0.0,0.0,Sproing,No Holiday,Yes,4075056,765
887,14/12/2017,21,-4.8,45,0.8,1351,-14.9,0.0,0.0,0.0,Wonter,No Holiday,Yes,1997428,335
888,23/09/2018,18,22.3,53,2.7,2000,12.2,0.44,0.0,0.0,Autumn,Holiday,Yes,8419449,1497
889,3/11/2018,-4,13.7,57,1.8,1399,4.6,0.64,0.3,0.1,Wintr,Holiday,Yes,1640851,179
890,4/2/2018,10,-11.2,43,3.5,1359,-21.3,1.04,0.0,0.0,Winter,No Holiday,Yes,1456963,100
891,20/03/2018,0,6.3,42,3.3,2000,-5.6,0.0,0.0,0.0,Spriing,No Holiday,Yes,2261815,257
892,25/02/2018,-1,13.0,57,1.8,1446,4.1,0.61,0.2,0.1,Autmn,Holiday,Yes,2180156,258
893,26/06/2018,5,23.7,64,0.9,876,16.4,0.0,0.1,0.0,Summr,No Holiday,Yes,341955,38
894,6/9/2018,18,25.8,58,2.9,2000,16.9,0.16,0.0,0.0,Autumn,No Holiday,Yes,12910228,2552
895,26/01/2018,0,-15.1,34,1.7,2000,-27.4,0.0,0.0,0.5,Wintr,No Holiday,Yes,1356694,75
896,2/4/2018,19,19.1,60,3.4,1592,11.1,0.1,0.0,0.0,Spring,No Holiday,Yes,9680110,1819
897,9/3/2018,9,,60,1.3,1969,-3.5,0.71,,0.0,Spring,No Holiday,Yes,3108788,569
898,11/11/2018,8,6.3,81,,365,3.2,0.11,0.0,0.0,Auttumn,No Holiday,Yes,2625524,402
899,26/04/2018,-8,13.8,58,1.8,1416,3.9,0.63,,0.1,Wonter,Holiday,Yes,2546542,334
900,7/1/2018,-5,12.5,60,1.8,1480,4.0,,0.2,0.1,Spring,Holiday,Yes,2274339,303
901,8/4/2018,2,2.2,49,1.9,2000,-7.4,0.0,0.0,0.0,Sprng,No Holiday,Yes,1488511,185
902,3/6/2018,6,16.9,62,0.4,1768,9.5,0.06,0.0,0.0,Sumer,No Holiday,Yes,1241455,226
903,28/05/2018,22,21.1,54,0.6,2000,11.4,0.0,0.0,0.0,Sprng,No Holiday,Yes,9797321,1939
904,27/07/2018,5,,86,0.8,657,24.6,0.0,0.0,0.0,Summmer,No Holiday,Yes,2335475,280
905,29/04/2018,18,20.1,28,3.2,1114,1.0,0.89,,0.0,Spriing,No Holiday,Yes,10371776,1964
906,3/2/2018,13,-5.8,38,3.7,1961,-17.8,2.25,0.0,0.0,Wonter,No Holiday,Yes,2004496,210
907,28/06/2018,20,21.0,96,0.1,1431,20.3,0.02,0.0,0.0,Summer,No Holiday,Yes,5413060,1032
908,6/3/2018,20,6.1,31,2.8,2000,-9.8,0.0,0.0,0.0,Sproing,No Holiday,Yes,3737246,685
909,9/7/2018,23,20.4,96,0.6,1137,19.7,,1.0,0.0,Summr,No Holiday,Yes,845960,45
910,19/07/2018,15,33.7,41,2.5,1924,18.6,3.04,0.0,0.0,Summmer,No Holiday,Yes,4114914,790
911,16/10/2018,21,14.3,72,1.0,1374,9.3,0.0,0.0,0.0,Autmn,No Holiday,Yes,8016201,1566
912,8/9/2018,8,17.1,57,1.0,1979,8.5,0.76,0.0,0.0,Autmn,No Holiday,Yes,4701628,813
913,18/06/2018,10,26.1,53,0.9,554,15.7,2.14,0.0,0.0,Summer,No Holiday,Yes,4547495,848
914,8/10/2018,-9,12.0,59,1.7,1475,4.4,0.64,0.2,0.1,Summmer,Holiday,No,1586635,177
915,5/9/2018,7,19.8,79,0.9,2000,16.0,0.13,0.0,0.0,Autumn,No Holiday,Yes,8173796,1453
916,23/12/2017,-2,13.0,59,1.7,1419,4.9,0.62,,0.1,Autum,Holiday,Yes,514025,82
917,6/3/2018,19,7.1,30,2.7,2000,-9.3,0.02,0.0,0.0,Spriing,No Holiday,Yes,4692480,801
918,5/12/2017,17,-1.6,35,0.0,2000,-15.1,0.0,,0.0,Wintr,No Holiday,Yes,3281606,529
919,2/1/2018,22,-3.4,33,2.4,2000,-17.4,0.0,,0.0,Winter,No Holiday,Yes,1872756,278
920,23/01/2018,3,-8.6,68,3.3,2000,-13.4,0.0,0.0,1.0,Wonter,No Holiday,Yes,1124990,55
921,27/11/2018,1,4.5,82,0.4,350,1.6,0.0,0.0,0.0,Autumn,No Holiday,Yes,2666053,421
922,12/12/2017,9,-11.8,46,2.9,1956,-21.1,0.1,0.0,0.0,Winter,No Holiday,Yes,2170392,311
923,2/9/2018,5,20.6,65,1.1,2000,13.7,,0.0,0.0,Autmn,No Holiday,Yes,1347400,171
924,19/11/2018,21,5.8,44,2.2,1205,-5.5,0.0,0.0,0.0,Auttumn,No Holiday,Yes,5794398,1014
925,23/08/2018,20,29.2,62,2.1,1952,21.1,0.0,0.1,0.0,Summr,No Holiday,Yes,2364926,295
926,30/10/2018,23,7.7,50,1.0,1988,-2.0,,0.0,0.0,Autmn,No Holiday,Yes,2967182,539
927,21/04/2018,4,13.6,67,1.6,521,7.5,,0.0,0.0,Sprng,No Holiday,Yes,1608450,148
928,24/03/2018,16,12.3,61,3.4,359,4.9,,0.0,0.0,Sprng,No Holiday,Yes,4982016,938
929,19/01/2018,16,4.9,27,2.8,1648,-12.5,0.65,0.0,0.0,Wonter,No Holiday,Yes,2095720,384
930,1/6/2018,5,17.8,75,1.0,1210,13.3,0.0,0.0,0.0,Summmer,No Holiday,Yes,1854766,311
931,10/2/2018,7,1.6,81,1.4,393,-1.3,0.0,0.0,0.0,Winteer,No Holiday,Yes,1444848,104
932,19/07/2018,7,23.6,75,0.9,856,18.9,0.36,0.0,0.0,Summer,No Holiday,Yes,7040845,1318
933,25/05/2018,3,15.4,71,,780,10.1,0.0,0.0,0.0,Sproing,No Holiday,Yes,2191561,244
934,14/09/2018,2,21.3,75,1.1,2000,16.6,0.0,0.0,0.0,Autum,No Holiday,Yes,2969050,539
935,10/2/2018,18,-2.0,15,5.6,2000,-25.2,,0.0,0.0,Winter,No Holiday,Yes,2010041,233
936,18/09/2018,20,22.6,58,1.4,2000,13.9,0.0,0.0,0.0,Autumn,No Holiday,No,524404,0
937,1/6/2018,-10,13.4,58,1.8,1477,3.4,0.54,0.1,0.1,Summer,No Holiday,Yes,1473934,225
938,20/08/2018,20,29.8,61,3.4,1525,21.4,,0.0,0.0,Sumer,No Holiday,Yes,10443721,1954
939,3/3/2018,22,10.2,49,1.7,1972,0.0,,,0.0,Spring,No Holiday,Yes,2758196,509
940,24/08/2018,2,25.4,85,2.0,1453,22.6,0.0,,0.0,Summmer,No Holiday,Yes,1244844,94
941,24/08/2018,19,23.6,86,3.0,1275,21.1,0.04,0.0,0.0,Summr,No Holiday,Yes,5212919,939
942,12/1/2018,8,-15.1,44,1.2,2000,-24.6,0.0,0.0,0.0,Winteer,No Holiday,Yes,2432370,403
943,13/03/2018,18,15.7,68,3.3,1473,9.8,,0.0,0.0,Sproing,No Holiday,Yes,9094540,1774
944,22/10/2018,23,12.0,59,0.4,685,4.2,0.0,0.0,0.0,Autmn,No Holiday,Yes,5631564,1030
945,31/08/2018,5,23.1,84,0.5,1022,20.2,0.0,0.0,0.0,Sumer,No Holiday,Yes,1339808,224
946,21/10/2018,7,7.2,76,0.5,1113,3.2,0.0,0.0,0.0,Autumn,No Holiday,Yes,2330157,312
947,30/06/2018,6,22.1,85,0.5,303,19.4,0.01,0.1,0.0,Summer,No Holiday,Yes,2448104,347
948,19/03/2018,7,6.5,88,1.4,515,4.6,0.0,0.0,0.0,Sprng,No Holiday,Yes,2561224,332
949,6/11/2018,7,8.3,84,0.9,422,5.7,0.0,0.0,0.0,Autumn,No Holiday,No,840573,0
950,7/8/2018,-9,12.6,59,1.8,1450,4.7,0.65,0.2,0.1,Spriing,Holiday,No,491643,10
951,17/03/2018,5,1.0,62,0.9,2000,-5.4,0.0,0.0,0.0,Sproing,No Holiday,Yes,428608,51
952,8/8/2018,7,28.2,82,1.5,985,24.8,0.19,0.0,0.0,Summmer,No Holiday,Yes,6140490,1093
953,26/09/2018,14,24.1,33,1.3,2000,6.8,2.52,0.0,0.0,Autum,No Holiday,Yes,10177649,2000
954,27/11/2018,0,4.9,79,0.5,391,1.5,0.0,0.0,0.0,Autum,No Holiday,Yes,3011599,525
955,4/2/2018,0,-10.4,49,2.4,2000,-19.0,0.0,0.0,0.0,Wonter,No Holiday,Yes,552988,87
956,31/08/2018,13,28.7,46,2.6,1815,15.9,3.1,,0.0,Sumer,No Holiday,Yes,5040991,951
957,31/08/2018,1,23.7,77,1.1,1099,19.4,0.0,0.0,0.0,Summr,No Holiday,Yes,3940797,689
958,18/08/2018,21,26.8,48,0.9,2000,14.8,0.0,0.0,0.0,Summer,No Holiday,Yes,10712522,1959
959,28/09/2018,19,19.3,61,0.8,2000,11.5,,0.0,0.0,Autum,No Holiday,No,228488,0
960,11/5/2018,21,16.4,52,1.5,1273,6.5,,0.0,0.0,Spriing,No Holiday,Yes,8688191,1621
961,6/8/2018,18,32.8,63,1.3,1799,24.8,0.31,0.0,0.0,Summmer,No Holiday,Yes,10320671,2042
962,28/12/2017,8,-4.7,30,0.6,2000,-19.6,0.0,0.0,0.0,Wintr,No Holiday,Yes,3501573,546
963,25/12/2017,3,-2.3,52,3.4,1947,-10.8,0.0,0.0,0.0,Wonter,Holiday,Yes,1277137,97
964,8/2/2018,23,-4.3,44,0.7,1247,-14.7,0.0,0.0,0.0,Wintr,No Holiday,Yes,1760508,180
965,2/6/2018,-5,13.5,58,1.8,1423,3.9,0.54,0.1,0.1,Autmn,Holiday,No,3482088,649
966,21/10/2018,20,13.8,52,1.6,1341,4.0,0.0,0.0,0.0,Autmn,No Holiday,Yes,6695203,1287
967,10/1/2018,13,-5.1,43,4.7,1901,-15.7,1.18,0.0,0.4,Winteer,No Holiday,Yes,1805916,191
968,2/4/2018,20,18.2,65,,1563,11.5,0.0,0.0,0.0,Spriing,No Holiday,Yes,8848805,1601
969,11/10/2018,1,7.3,59,0.1,2000,-0.1,0.0,0.0,0.0,Auttumn,No Holiday,Yes,3015056,521
970,26/10/2018,18,13.1,74,1.6,1989,8.5,0.05,0.0,0.0,Autmn,No Holiday,Yes,10783783,2027
971,4/3/2018,1,8.3,91,0.1,282,6.9,,0.0,0.0,Sprng,No Holiday,Yes,1542013,125
972,7/10/2018,5,15.1,89,1.1,1615,13.2,0.0,0.0,0.0,Autum,No Holiday,Yes,1277020,125
973,15/05/2018,7,16.2,79,1.2,239,12.5,0.36,0.0,0.0,Sprng,No Holiday,Yes,6653808,1249
974,6/10/2018,18,20.5,66,1.2,2000,13.9,0.16,0.0,0.0,Autum,No Holiday,Yes,10976912,2023
975,14/02/2018,7,1.3,66,1.1,1534,-4.3,0.0,0.0,0.0,Wintr,No Holiday,Yes,2274339,303
976,24/04/2018,16,15.5,52,1.7,2000,5.6,0.7,0.0,0.0,Sproing,No Holiday,Yes,6154499,1162
977,22/10/2018,-7,11.9,57,1.7,1429,3.5,0.53,0.2,0.1,Summmer,Holiday,No,1087074,105
978,3/5/2018,8,10.5,67,2.3,1221,4.6,0.98,0.0,0.0,Spring,No Holiday,Yes,10757325,1980
979,14/03/2018,17,20.5,49,3.5,2000,9.4,1.18,0.0,0.0,Sproing,No Holiday,Yes,7611906,1389
980,27/06/2018,0,20.5,94,3.7,896,19.4,0.0,0.0,0.0,Summmer,No Holiday,Yes,3420931,511
981,20/06/2018,-2,12.8,58,1.8,1470,3.3,0.55,0.1,0.1,Spring,No Holiday,No,5541979,1078
982,15/11/2018,-3,12.8,57,1.7,1406,4.0,0.5,0.1,0.1,Sproing,Holiday,No,2570059,393
983,25/12/2017,7,-4.6,46,2.8,2000,-14.4,0.0,0.0,0.0,Wonter,Holiday,Yes,1079387,54
984,15/08/2018,20,28.4,69,1.5,2000,22.1,0.01,0.0,0.0,Summmer,Holiday,Yes,8818232,1580
985,30/04/2018,13,23.3,45,1.8,684,10.6,2.96,0.0,0.0,Spring,No Holiday,Yes,5735821,1082
986,5/11/2018,-6,12.1,60,1.7,1445,4.1,0.67,0.1,0.0,Autumn,Holiday,Yes,6620325,1280
987,19/05/2018,8,13.7,57,1.4,2000,5.3,1.28,0.0,0.0,Spring,No Holiday,Yes,4479349,747
988,18/09/2018,21,22.1,61,1.5,2000,14.2,0.0,0.0,0.0,Auttumn,No Holiday,No,835353,0
989,28/12/2017,16,0.3,57,2.3,1204,-7.2,0.19,0.0,0.0,Winteer,No Holiday,Yes,2807479,394
990,19/11/2018,20,6.0,50,1.5,931,-3.6,0.0,0.0,0.0,Autmn,No Holiday,Yes,5294025,1027
991,7/7/2018,3,20.4,59,1.0,2000,12.1,0.0,0.0,0.0,Summr,No Holiday,Yes,3061529,532
992,2/3/2018,14,3.4,23,,1545,-15.8,2.74,0.0,0.0,Sproing,No Holiday,Yes,2862258,418
993,6/10/2018,23,16.9,84,0.9,2000,14.1,,0.0,0.0,Autum,No Holiday,Yes,6176507,1090
994,6/4/2018,1,7.2,95,0.2,683,6.4,0.0,0.5,0.0,Spring,No Holiday,Yes,1150082,48
995,28/11/2018,3,3.5,38,,907,-9.5,0.0,0.0,0.0,Autmn,No Holiday,Yes,1531717,196
996,1/2/2018,17,0.3,26,2.4,1977,-17.0,0.45,0.0,0.0,Wonter,No Holiday,Yes,1881177,322
997,15/12/2017,11,-2.9,46,1.0,809,-12.9,0.42,0.0,0.0,Winteer,No Holiday,Yes,1586697,287
998,2/4/2018,-5,13.6,57,1.7,1500,4.1,0.63,0.2,0.1,Summr,Holiday,No,6921356,1193
999,15/04/2018,8,7.0,78,0.9,656,3.4,0.56,0.0,0.0,Spring,No Holiday,Yes,3057692,439
1000,17/12/2017,3,-9.0,40,3.1,2000,-20.1,0.0,0.0,0.0,Wonter,No Holiday,Yes,568175,82
1001,20/08/2018,9,27.5,54,1.0,1993,17.3,0.81,0.0,0.0,Sumer,No Holiday,Yes,6077791,1030
1002,25/04/2018,-1,13.0,58,1.7,1406,3.8,0.51,0.1,0.1,Sproing,Holiday,No,1703100,274
1003,7/9/2018,3,21.1,75,1.8,1551,16.4,0.0,0.0,0.0,Autum,No Holiday,Yes,1750957,230
1004,15/01/2018,3,4.4,70,1.7,928,-0.6,0.0,0.0,0.0,Wintr,No Holiday,Yes,560893,55
1005,3/2/2018,8,-9.5,56,3.5,1979,-16.6,0.01,0.0,0.3,Wonter,No Holiday,Yes,1615368,124
1006,4/12/2017,5,2.0,83,2.7,253,-0.5,0.0,0.0,0.0,Wonter,No Holiday,Yes,877742,73
1007,16/04/2018,14,18.0,28,1.6,1820,-0.8,3.11,0.0,0.0,Sproing,No Holiday,Yes,5644102,1075
1008,15/07/2018,16,32.8,52,3.0,1803,21.6,,0.0,0.0,Summer,No Holiday,Yes,5932578,1086
1009,29/06/2018,2,22.2,96,0.8,269,21.5,0.0,0.2,0.0,Sumer,No Holiday,Yes,2512868,348
1010,19/12/2017,3,-2.8,58,1.6,1315,-9.9,0.0,0.0,2.6,Wintr,No Holiday,Yes,710907,60
1011,23/11/2018,3,-1.2,45,1.1,2000,-11.6,0.0,0.0,0.0,Autum,No Holiday,Yes,1704601,159
1012,11/5/2018,8,13.1,78,,330,9.3,0.41,,0.0,Spriing,No Holiday,Yes,10338378,1910
1013,18/03/2018,19,10.0,53,1.7,796,0.8,0.01,0.0,0.0,Spriing,No Holiday,Yes,1430123,239
1014,19/11/2018,9,4.6,60,0.8,967,-2.5,0.46,0.0,0.0,Auttumn,No Holiday,Yes,4787930,932
1015,18/06/2018,12,28.4,45,2.2,649,15.3,,,0.0,Summr,No Holiday,Yes,5884401,1037
1016,7/9/2018,-8,,58,1.8,1438,5.3,0.54,0.2,0.1,Sproing,No Holiday,No,11360064,2193
1017,10/11/2018,16,16.0,37,1.9,984,1.2,0.94,0.0,0.0,Auttumn,No Holiday,Yes,7315841,1318
1018,21/08/2018,3,26.8,62,4.5,1742,18.9,0.0,0.1,0.0,Summer,No Holiday,Yes,1393349,177
1019,11/4/2018,13,15.6,38,4.7,1558,1.3,3.32,0.0,0.0,Sproing,No Holiday,No,310014,0
1020,19/06/2018,0,21.5,63,1.0,1740,14.1,0.0,0.0,0.0,Summer,No Holiday,Yes,6519249,1128
1021,16/01/2018,3,0.3,70,0.6,438,-4.5,0.0,0.0,0.0,Wintr,No Holiday,Yes,785441,99
1022,5/3/2018,20,4.3,57,1.3,2000,-3.4,0.0,0.0,0.0,Sprng,No Holiday,Yes,3768842,608
1023,30/07/2018,10,32.0,50,2.1,1992,20.2,2.34,0.0,0.0,Summmer,No Holiday,Yes,4066467,630
1024,26/01/2018,4,-16.4,36,1.5,2000,-28.0,0.0,0.0,0.5,Winteer,No Holiday,Yes,997446,18
1025,8/6/2018,6,18.8,78,2.0,1259,14.8,0.01,0.0,0.0,Summmer,No Holiday,Yes,4555981,726
1026,19/01/2018,17,4.1,34,3.1,1810,-10.3,0.28,0.0,0.0,Wintr,No Holiday,Yes,2871066,487
1027,29/01/2018,8,-11.5,38,1.0,1998,-23.0,0.01,0.0,0.0,Winter,No Holiday,Yes,3216316,481
1028,23/02/2018,5,1.0,91,0.7,257,-0.3,0.0,0.0,3.8,Wintr,No Holiday,Yes,368700,43
1029,7/2/2018,20,-5.8,44,2.1,1994,-16.1,0.0,0.0,0.0,Winter,No Holiday,Yes,2219381,244
1030,20/06/2018,20,23.3,68,3.6,895,17.0,0.11,0.0,0.0,Summmer,No Holiday,Yes,12898405,2445
1031,6/1/2018,7,-6.6,65,1.0,1320,-12.0,0.0,0.0,0.0,Wintr,No Holiday,Yes,1171448,103
1032,15/12/2017,2,-6.8,58,0.4,1089,-13.6,0.0,0.0,0.0,Wonter,No Holiday,Yes,1072423,160
1033,11/4/2018,6,9.0,86,2.0,442,6.7,0.0,0.0,0.0,Spring,No Holiday,No,237647,0
1034,29/05/2018,7,19.9,63,1.1,934,12.6,0.24,0.0,0.0,Sproing,No Holiday,Yes,7544533,1420
1035,17/12/2017,14,,26,3.1,1933,-20.0,,0.0,0.0,Winteer,No Holiday,Yes,1989660,269
1036,3/4/2018,5,16.9,73,1.6,1275,12.0,0.0,0.0,0.0,Sprng,No Holiday,Yes,1512355,170
1037,14/06/2018,21,22.2,72,1.0,1786,16.9,0.0,0.0,0.0,Summr,No Holiday,Yes,9491479,1801
1038,28/08/2018,11,25.9,79,1.7,1900,21.9,0.9,0.0,0.0,Summmer,No Holiday,Yes,2785691,450
1039,27/01/2018,11,-9.6,33,1.1,1748,-22.9,0.9,0.0,0.3,Wintr,No Holiday,Yes,1207550,126
1040,1/12/2017,5,-6.4,37,1.5,2000,-18.7,0.0,0.0,0.0,Winter,No Holiday,Yes,1149587,104
1041,12/8/2018,7,27.4,61,0.6,2000,19.2,0.17,0.0,0.0,Summer,No Holiday,Yes,1984110,320
1042,8/12/2017,17,-2.4,30,2.7,2000,-17.6,0.18,,0.0,Winter,No Holiday,Yes,2975087,515
1043,16/03/2018,19,8.1,36,1.2,2000,-6.1,0.06,0.0,0.0,Sproing,No Holiday,Yes,5276560,1035
1044,5/10/2018,15,17.2,96,0.6,213,16.5,,4.0,0.0,Autum,No Holiday,Yes,342220,10
1045,25/11/2018,23,3.8,83,1.1,390,1.1,0.0,0.0,0.4,Autmn,No Holiday,Yes,2841567,384
1046,9/4/2018,-6,13.5,59,1.8,1466,4.2,0.61,0.2,0.1,Autumn,No Holiday,No,18615095,3693
1047,19/05/2018,14,22.8,39,2.6,1983,8.1,3.39,0.0,0.0,Sproing,No Holiday,Yes,11194797,2190
1048,17/03/2018,18,10.6,42,2.8,1307,-1.8,0.31,0.0,0.0,Sprng,No Holiday,Yes,5322617,1003
1049,7/1/2018,22,,40,0.5,1305,-11.0,,0.0,0.0,Winteer,No Holiday,Yes,2126663,232
1050,18/02/2018,14,4.1,17,1.8,1996,-18.8,1.87,0.0,0.0,Winteer,No Holiday,Yes,2409098,366
1051,26/09/2018,18,22.1,45,1.5,2000,9.6,0.27,0.0,0.0,Autumn,No Holiday,Yes,12668596,2387
1052,2/6/2018,5,17.8,69,1.1,951,12.0,0.0,,0.0,Summer,No Holiday,Yes,1922663,248
1053,3/10/2018,0,14.5,74,0.4,2000,9.9,0.0,0.0,0.0,Autumn,Holiday,Yes,5750230,975
1054,5/11/2018,6,7.2,83,0.8,636,4.4,0.0,0.0,0.0,Autumn,No Holiday,Yes,2989903,481
1055,15/11/2018,22,8.7,53,0.4,764,-0.3,0.0,0.0,0.0,Autumn,No Holiday,Yes,5599180,1047
1056,8/3/2018,22,2.8,74,2.1,469,-1.3,0.0,0.0,0.0,Sproing,No Holiday,Yes,3053658,502
1057,9/7/2018,10,21.1,73,1.2,1957,16.0,0.4,0.0,0.0,Sumer,No Holiday,Yes,1276391,219
1058,14/07/2018,12,30.2,58,2.3,1359,21.0,2.64,0.0,0.0,Sumer,No Holiday,Yes,5710079,1044
1059,13/11/2018,1,5.6,68,0.5,1576,0.1,0.0,0.0,0.0,Auttumn,No Holiday,Yes,2602083,475
1060,17/04/2018,14,19.8,23,2.6,1472,-1.9,3.01,0.0,0.0,Spring,No Holiday,Yes,5691190,1039
1061,25/03/2018,23,8.0,82,1.3,196,5.1,0.0,0.0,0.0,Sproing,No Holiday,Yes,2099786,364
1062,16/09/2018,4,22.5,89,0.7,444,20.5,0.0,0.3,0.0,Autumn,No Holiday,Yes,1608328,193
1063,20/10/2018,3,9.5,77,0.4,1611,5.6,0.0,0.0,0.0,Autum,No Holiday,Yes,2082029,364
1064,14/02/2018,2,1.2,64,0.9,1680,-4.8,0.0,0.0,0.0,Wonter,No Holiday,Yes,1178830,150
1065,14/04/2018,13,8.8,93,1.7,597,7.7,0.38,0.0,0.0,Sprng,No Holiday,Yes,1000912,78
1066,8/8/2018,12,34.1,46,1.6,1885,20.8,2.72,0.0,0.0,Summer,No Holiday,Yes,4249520,651
1067,21/08/2018,0,28.3,59,3.7,1945,19.5,0.0,0.0,0.0,Sumer,No Holiday,Yes,4953493,915
1068,28/07/2018,-3,12.7,59,1.8,1431,4.0,0.54,0.2,0.1,Autmn,Holiday,Yes,1741065,218
1069,22/07/2018,18,36.3,35,3.0,1860,18.3,0.89,0.0,0.0,Summmer,No Holiday,Yes,6194666,1212
1070,11/8/2018,-10,13.1,57,1.7,1464,3.3,0.53,0.2,0.1,Spriing,No Holiday,No,6683015,1244
1071,10/8/2018,0,27.1,84,0.2,1161,24.1,0.0,0.0,0.0,Sumer,No Holiday,Yes,5380759,931
1072,18/06/2018,5,20.0,80,0.3,824,16.4,0.0,0.0,0.0,Sumer,No Holiday,Yes,2447953,422
1073,26/08/2018,1,22.5,80,0.6,2000,18.8,0.0,0.0,0.0,Summer,No Holiday,Yes,4772679,817
1074,2/2/2018,11,-1.4,37,1.0,1317,-14.2,0.91,0.0,0.0,Wonter,No Holiday,Yes,1809330,233
1075,7/5/2018,19,23.5,48,,1929,11.8,0.4,0.0,0.0,Spring,No Holiday,Yes,10121843,1883
1076,21/11/2018,10,6.9,39,0.5,1977,-6.1,,0.0,0.0,Autumn,No Holiday,Yes,3866131,604
1077,5/12/2017,7,-7.5,33,2.2,2000,-21.0,0.0,0.0,0.0,Wonter,No Holiday,Yes,2770429,369
1078,26/05/2018,-6,12.9,58,1.8,1440,3.7,0.58,0.2,0.1,Winter,No Holiday,Yes,5057098,981
1079,31/03/2018,19,15.3,41,2.0,1751,2.1,0.08,0.0,0.0,Sprng,No Holiday,Yes,6149028,1038
1080,24/02/2018,18,3.5,30,2.9,1726,-12.4,0.31,0.0,0.0,Winteer,No Holiday,Yes,2510099,399
1081,16/10/2018,16,19.5,32,2.1,1436,2.3,1.1,0.0,0.0,Autumn,No Holiday,Yes,7960544,1434
1082,11/6/2018,2,19.2,60,1.5,2000,11.2,0.0,0.0,0.0,Sumer,No Holiday,Yes,2118592,344
1083,1/12/2017,11,-0.5,21,1.3,1936,-20.2,0.94,0.0,0.0,Wintr,No Holiday,Yes,2170771,371
1084,2/11/2018,10,10.0,49,1.2,1411,-0.2,1.4,0.0,0.0,Autumn,No Holiday,Yes,4064818,778
1085,8/7/2018,9,20.8,51,1.5,1973,10.2,1.65,0.0,0.0,Summr,No Holiday,Yes,5016746,845
1086,21/03/2018,-1,12.9,56,1.9,1438,3.2,0.57,0.1,0.1,Spriing,No Holiday,Yes,6451563,1093
1087,28/02/2018,14,,80,3.7,348,2.5,0.13,0.0,0.0,Winteer,No Holiday,Yes,943421,16
1088,2/5/2018,-6,12.9,58,1.6,1449,4.3,0.55,0.2,0.1,Auttumn,No Holiday,Yes,5492582,1075
1089,26/07/2018,22,29.4,78,1.6,1011,25.1,0.0,0.0,0.0,Sumer,No Holiday,Yes,9362266,1680
1090,13/12/2017,-8,12.5,59,1.8,1441,4.3,,0.1,0.0,Wonter,No Holiday,Yes,4093458,714
1091,7/2/2018,20,-5.8,44,2.1,1994,-16.1,0.0,0.0,0.0,Winter,No Holiday,Yes,2219381,244
1092,22/12/2017,-4,13.9,58,1.8,1447,5.6,0.55,0.2,0.1,Spriing,Holiday,No,3404644,593
1093,15/03/2018,9,14.1,98,1.1,253,13.7,0.06,17.0,0.0,Sprng,No Holiday,Yes,436743,25
1094,29/11/2018,0,2.2,30,0.7,1879,-13.6,0.0,0.0,0.0,Autumn,No Holiday,Yes,3428961,498
1095,11/11/2018,18,,55,2.0,1333,0.3,,0.0,0.0,Autum,No Holiday,Yes,4226493,738
1096,6/1/2018,19,-1.2,37,1.2,1663,-14.0,0.0,0.0,0.0,Winter,No Holiday,Yes,1937040,210
1097,22/02/2018,11,2.7,44,0.9,1761,-8.3,1.45,0.0,0.0,Wonter,No Holiday,Yes,2200845,313
1098,15/01/2018,9,3.9,86,1.7,399,1.7,0.11,0.2,0.0,Wonter,No Holiday,Yes,2184835,318
1099,17/04/2018,3,7.8,49,1.0,1975,-2.2,0.0,0.0,0.0,Spring,No Holiday,Yes,1079420,175
1100,7/7/2018,22,22.6,51,1.7,2000,11.9,0.0,0.0,0.0,Summr,No Holiday,Yes,10770570,1956
1101,1/8/2018,-10,12.7,60,1.7,1453,2.6,0.64,0.2,0.1,Winteer,No Holiday,No,9462166,1732
1102,16/04/2018,6,5.0,70,0.7,1739,0.0,0.0,0.0,0.0,Sprng,No Holiday,Yes,3033240,418
1103,6/1/2018,23,-3.2,50,0.8,1429,-12.1,0.0,0.0,0.0,Winteer,No Holiday,Yes,1015185,157
1104,24/08/2018,1,25.7,80,2.0,2000,21.9,0.0,0.2,0.0,Summr,No Holiday,Yes,1746850,188
1105,20/11/2018,14,12.3,16,2.5,1797,-12.8,1.69,0.0,0.0,Autmn,No Holiday,Yes,4390793,842
1106,26/11/2018,1,,84,1.0,365,0.6,0.0,0.0,0.3,Autum,No Holiday,Yes,1357968,212
1107,29/03/2018,8,13.3,80,1.2,369,9.9,0.14,0.0,0.0,Sproing,No Holiday,Yes,7476078,1321
1108,4/3/2018,19,11.2,81,2.3,1614,8.0,0.0,0.0,0.0,Spring,No Holiday,Yes,2447261,326
1109,18/04/2018,6,6.2,52,0.8,1609,-2.9,0.0,0.0,0.0,Spriing,No Holiday,Yes,2547993,425
1110,10/3/2018,14,9.2,38,2.6,1377,-4.4,2.53,0.0,0.0,Sproing,No Holiday,Yes,4892294,881
1111,16/08/2018,11,33.5,48,2.4,1968,20.9,2.71,0.0,0.0,Summmer,No Holiday,Yes,4390318,714
1112,27/06/2018,6,19.2,97,1.5,157,18.7,0.0,0.0,0.0,Sumer,No Holiday,Yes,2607487,396
1113,13/08/2018,10,30.6,67,0.7,1354,23.7,1.2,0.0,0.0,Sumer,No Holiday,Yes,3766542,654
1114,13/11/2018,22,8.1,50,0.5,2000,-1.7,0.0,0.0,0.0,Autmn,No Holiday,Yes,5901866,1148
1115,17/09/2018,0,21.0,82,1.8,958,17.8,0.0,0.0,0.0,Autmn,No Holiday,Yes,3048763,522
1116,16/02/2018,9,-4.3,33,0.7,1923,-18.2,0.6,0.0,0.0,Winter,Holiday,Yes,979637,56
1117,7/3/2018,-5,12.9,57,1.8,1429,5.0,0.58,0.2,0.1,Wonter,No Holiday,Yes,9588337,1893
1118,11/11/2018,11,10.7,68,0.4,341,5.0,0.54,0.0,0.0,Autum,No Holiday,Yes,3701762,585
1119,5/5/2018,7,12.9,55,2.3,1952,4.0,0.29,,0.0,Spriing,No Holiday,Yes,2074899,366
1120,28/03/2018,17,17.6,45,4.2,1947,5.5,0.7,0.0,0.0,Sprng,No Holiday,Yes,6910473,1207
1121,11/6/2018,12,23.2,52,1.2,2000,12.7,0.82,0.0,0.0,Summr,No Holiday,Yes,7096303,1259
1122,6/1/2018,3,-5.6,56,1.0,1367,-13.0,0.0,0.0,0.0,Winteer,No Holiday,Yes,989964,102
1123,16/04/2018,17,18.7,21,,1871,-4.1,1.65,0.0,0.0,Sprng,No Holiday,Yes,9826804,1888
1124,7/9/2018,8,20.5,78,2.5,1250,16.5,0.32,0.0,0.0,Autmn,No Holiday,Yes,11465762,2267
1125,30/10/2018,19,8.0,52,,2000,-1.2,0.0,0.0,0.0,Autum,No Holiday,Yes,7576944,1402
1126,26/12/2017,3,-2.6,70,1.0,1992,-7.3,0.0,0.0,0.0,Wintr,No Holiday,Yes,648220,66
1127,29/04/2018,14,21.6,28,3.3,1172,2.2,2.93,0.0,0.0,Sproing,No Holiday,Yes,9989179,1897
1128,23/03/2018,9,3.3,72,1.4,618,-1.2,,0.0,0.0,Sproing,No Holiday,Yes,3436813,666
1129,4/11/2018,2,8.2,62,0.2,1415,1.3,0.0,0.0,0.0,Autumn,No Holiday,Yes,2305814,373
1130,21/01/2018,11,1.9,25,1.0,1493,-16.1,0.78,,0.0,Winter,No Holiday,Yes,1202595,197
1131,20/03/2018,-10,12.9,58,1.9,1415,4.5,0.63,0.2,0.1,Wonter,Holiday,Yes,341955,38
1132,15/06/2018,2,20.1,67,1.1,2000,13.7,0.0,0.1,0.0,Summr,No Holiday,Yes,2118551,397
1133,16/07/2018,19,31.2,52,2.4,1990,20.1,0.57,0.0,0.0,Sumer,No Holiday,Yes,12115465,2389
1134,20/05/2018,12,18.8,31,1.2,2000,1.2,0.92,0.0,0.0,Sproing,No Holiday,Yes,7735441,1353
1135,29/10/2018,6,4.7,76,0.6,2000,0.8,0.0,0.0,0.0,Autumn,No Holiday,Yes,2637374,441
1136,18/04/2018,15,19.0,21,3.3,1716,-3.8,,0.0,0.0,Sproing,No Holiday,Yes,6407674,1144
1137,30/03/2018,13,20.3,27,1.4,1464,0.6,,0.0,0.0,Spriing,No Holiday,Yes,4877678,922
1138,10/3/2018,13,8.2,42,3.1,1261,-3.9,,,0.0,Spriing,No Holiday,Yes,4694067,756
1139,23/05/2018,9,16.0,60,1.9,1992,8.2,1.98,,0.0,Spriing,No Holiday,Yes,6039719,1136
1140,24/05/2018,18,22.6,39,2.8,1655,7.9,1.1,0.0,0.0,Sprng,No Holiday,Yes,14772314,2904
1141,20/01/2018,4,-0.7,65,0.6,1226,-6.4,0.0,0.0,0.0,Winteer,No Holiday,Yes,1012914,97
1142,22/08/2018,16,37.4,35,1.3,2000,19.3,2.0,0.0,0.0,Summer,No Holiday,Yes,5766783,1022
1143,15/08/2018,12,36.5,41,1.1,1807,21.1,2.73,0.0,0.0,Sumer,Holiday,Yes,3534892,601
1144,30/03/2018,18,17.4,57,3.1,657,8.7,0.52,0.0,0.0,Spriing,No Holiday,Yes,10280504,1910
1145,23/07/2018,17,34.8,49,3.0,1866,22.5,,0.0,0.0,Summr,No Holiday,Yes,7138752,1375
1146,13/09/2018,0,21.9,62,1.0,1822,14.2,0.0,0.0,0.0,Autumn,No Holiday,Yes,5193457,959
1147,18/10/2018,10,13.7,57,1.2,2000,5.3,1.33,0.0,0.0,Autumn,No Holiday,Yes,4210167,807
1148,19/03/2018,2,6.6,86,0.6,416,4.4,0.0,0.0,0.0,Sprng,No Holiday,Yes,1125187,27
1149,28/04/2018,12,20.5,31,2.5,1485,2.7,3.18,0.0,0.0,Sproing,No Holiday,Yes,7379854,1297
1150,26/02/2018,19,5.5,30,2.7,1150,-10.7,,0.0,0.0,Wintr,No Holiday,Yes,3426891,612
1151,12/7/2018,11,27.4,78,2.3,1164,23.2,1.11,0.0,0.0,Summer,No Holiday,Yes,4764959,867
1152,18/11/2018,20,7.4,50,,1499,-2.3,0.0,0.0,0.0,Autmn,No Holiday,Yes,3985620,732
1153,7/10/2018,7,14.3,89,0.6,1165,12.5,0.03,0.0,0.0,Autumn,No Holiday,Yes,1892720,343
1154,11/4/2018,-1,13.0,59,1.9,1436,4.4,0.63,0.1,0.1,Autmn,No Holiday,Yes,4585505,786
1155,23/12/2017,15,8.6,64,1.5,269,2.1,0.57,0.0,0.0,Winter,No Holiday,Yes,2984883,482
1156,23/01/2018,4,-9.5,49,4.3,2000,-18.2,0.0,0.0,1.0,Winter,No Holiday,Yes,341523,37
1157,14/04/2018,23,,77,3.8,1662,4.5,0.0,0.0,0.0,Spriing,No Holiday,Yes,2927611,467
1158,19/08/2018,21,27.9,61,0.7,2000,19.6,0.0,0.0,0.0,Summer,No Holiday,Yes,9772822,1860
1159,7/1/2018,5,-5.6,58,0.7,1350,-12.5,,0.0,0.0,Winteer,No Holiday,Yes,543314,36
1160,13/06/2018,22,21.6,66,1.2,1438,14.9,0.0,0.0,0.0,Sumer,No Holiday,Yes,10771957,2033
1161,16/10/2018,17,18.4,38,1.8,1565,3.8,0.5,0.0,0.0,Autumn,No Holiday,Yes,9447378,1794
1162,16/04/2018,7,5.0,67,1.0,1774,-0.6,0.18,0.0,0.0,Sproing,No Holiday,Yes,6234675,1049
1163,2/4/2018,14,23.0,42,3.4,1315,9.3,2.1,0.0,0.0,Spring,No Holiday,Yes,5454079,921
1164,19/01/2018,21,0.5,52,0.8,1595,-8.2,0.0,0.0,0.0,Wintr,No Holiday,Yes,2331417,340
1165,5/7/2018,4,23.5,80,0.4,924,19.8,0.0,0.0,0.0,Sumer,No Holiday,Yes,2137027,249
1166,21/11/2018,18,5.4,58,0.2,2000,-2.2,0.0,0.0,0.0,Autum,No Holiday,Yes,8578752,1694
1167,6/8/2018,8,28.7,86,1.4,532,26.1,0.32,0.5,0.0,Summmer,No Holiday,Yes,4486611,784
1168,3/11/2018,13,17.8,29,2.0,1328,-0.4,2.17,0.0,0.0,Autmn,No Holiday,No,672353,0
1169,1/4/2018,22,16.7,83,2.4,416,13.7,0.0,,0.0,Sprng,No Holiday,Yes,4691072,849
1170,14/11/2018,11,12.1,49,0.8,1827,1.6,1.61,0.0,0.0,Autumn,No Holiday,Yes,4596667,871
1171,22/08/2018,7,24.3,74,0.6,1999,19.3,,0.0,0.0,Sumer,No Holiday,Yes,7821449,1366
1172,27/05/2018,2,19.0,62,1.8,974,11.5,0.0,0.0,0.0,Spring,No Holiday,Yes,3056714,572
1173,28/10/2018,15,12.2,67,3.3,2000,6.2,0.86,0.0,0.0,Autmn,No Holiday,Yes,5183762,906
1174,16/12/2017,12,20.2,1,1.9,0,-8.6,1.93,5.4,0.1,Spriing,No Holiday,Yes,267264,0
1175,20/02/2018,16,5.1,17,3.4,2000,-18.0,1.2,,0.0,Winteer,No Holiday,Yes,2832544,393
1176,23/10/2018,15,16.6,68,1.5,955,10.6,1.55,0.0,0.0,Autumn,No Holiday,Yes,6058163,1040
1177,4/1/2018,13,-2.0,32,1.0,1864,-16.5,0.91,,0.0,Wintr,No Holiday,Yes,1865488,260
1178,17/11/2018,8,0.7,72,1.0,1397,-3.7,0.05,0.0,0.0,Autmn,No Holiday,Yes,3151702,533
1179,30/11/2018,-7,13.4,58,1.7,1454,4.6,0.58,0.1,0.1,Sprng,Holiday,No,738095,121
1180,17/10/2018,13,17.7,25,2.1,1917,-2.6,2.48,0.0,0.0,Auttumn,No Holiday,Yes,6191459,1133
1181,21/12/2017,18,1.7,64,1.3,1140,-4.3,0.0,0.0,0.8,Wonter,No Holiday,Yes,2945487,543
1182,13/07/2018,20,28.2,76,2.2,1888,23.5,0.08,0.0,0.0,Summr,No Holiday,Yes,11376438,2138
1183,29/09/2018,19,22.5,43,0.4,2000,9.2,0.0,0.0,0.0,Autum,No Holiday,Yes,11182516,2090
1184,6/1/2018,4,-5.9,61,1.1,1260,-12.2,0.0,0.0,0.0,Wonter,No Holiday,Yes,871615,58
1185,6/2/2018,7,-12.7,41,3.7,1982,-23.2,0.0,0.0,0.0,Winteer,No Holiday,Yes,1540627,227
1186,19/11/2018,22,5.3,39,2.3,1512,-7.5,0.0,0.0,0.0,Autumn,No Holiday,Yes,5091721,932
1187,3/1/2018,23,-5.9,54,0.8,1968,-13.7,0.0,0.0,0.0,Winteer,No Holiday,Yes,1237298,173
1188,14/01/2018,19,3.9,54,1.1,1102,-4.5,0.0,0.0,0.0,Winteer,No Holiday,Yes,1640086,220
1189,2/12/2017,21,4.1,55,1.2,1448,-4.1,0.0,0.0,0.0,Wonter,No Holiday,Yes,2760959,413
1190,18/12/2017,20,3.3,65,3.2,1172,-2.6,0.0,0.0,2.7,Winteer,No Holiday,Yes,1641519,165
1191,21/04/2018,-10,13.3,58,1.9,1470,4.4,0.62,0.3,0.1,Auttumn,No Holiday,No,5769160,986
1192,30/11/2018,21,2.6,39,0.3,1968,-9.9,0.0,0.0,0.0,Autmn,No Holiday,Yes,3709649,679
1193,20/05/2018,8,14.1,38,1.0,2000,0.0,0.72,0.0,0.0,Spring,No Holiday,Yes,3127177,568
1194,8/6/2018,10,21.9,62,1.7,1664,14.2,1.36,0.0,0.0,Sumer,No Holiday,Yes,5950439,1011
1195,14/05/2018,15,24.0,59,1.6,353,15.4,2.24,0.0,0.0,Sproing,No Holiday,Yes,6831472,1195
1196,21/05/2018,4,12.4,0,0.8,2000,-3.4,0.0,0.0,0.0,Sproing,No Holiday,Yes,699243,118
1197,14/06/2018,17,24.6,57,1.0,1866,15.5,0.45,0.0,0.0,Summer,No Holiday,Yes,10131534,1945
1198,16/07/2018,14,19.0,2,4.7,1968,-23.2,1.85,0.0,0.8,Wintr,Holiday,Yes,7326559,1396
1199,23/11/2018,18,3.9,23,,2000,-15.4,0.0,0.0,0.0,Auttumn,No Holiday,Yes,8755504,1646
1200,22/09/2018,7,18.1,96,0.9,557,17.4,,0.0,0.0,Autumn,No Holiday,Yes,2631852,371
1201,16/01/2018,0,,67,1.2,387,-3.6,0.0,0.0,0.0,Winter,No Holiday,Yes,1966097,207
1202,19/07/2018,23,27.2,78,1.9,1601,23.0,0.0,0.0,0.0,Summmer,No Holiday,Yes,7909973,1385
1203,28/07/2018,-9,13.0,57,1.7,1416,4.8,0.58,0.2,0.1,Sumer,No Holiday,Yes,1071329,147
1204,9/9/2018,17,27.7,33,1.1,2000,9.9,1.21,0.0,0.0,Autum,No Holiday,Yes,11304733,2209
1205,17/09/2018,22,20.8,65,,2000,13.9,0.0,0.0,0.0,Autum,No Holiday,Yes,10900480,1984
1206,27/05/2018,7,17.6,0,1.4,1219,8.7,0.34,0.0,0.0,Spring,No Holiday,Yes,2246623,370
1207,30/05/2018,13,24.0,56,2.6,1282,14.6,2.94,0.0,0.0,Sprng,No Holiday,Yes,6707914,1207
1208,3/12/2017,9,3.5,91,1.8,231,2.1,0.02,2.5,0.0,Wonter,No Holiday,Yes,1071329,147
1209,12/7/2018,9,26.5,82,2.7,815,23.1,0.57,0.0,0.0,Sumer,No Holiday,Yes,5668763,1020
1210,8/5/2018,9,18.5,51,,1955,8.1,1.74,0.0,0.0,Spriing,No Holiday,Yes,5794988,1137
1211,29/03/2018,2,12.9,83,1.6,369,10.0,0.0,0.0,0.0,Sproing,No Holiday,Yes,1893120,254
1212,28/10/2018,9,7.3,90,1.1,1889,5.7,0.12,2.5,0.0,Autum,No Holiday,Yes,1331536,195
1213,29/03/2018,3,12.7,80,0.4,384,9.3,0.0,0.0,0.0,Sproing,No Holiday,Yes,1759946,188
1214,31/03/2018,5,9.8,73,0.8,1098,5.1,,0.0,0.0,Spring,No Holiday,Yes,909520,109
1215,21/02/2018,20,-1.1,43,1.5,2000,-12.1,0.0,0.0,0.0,Wonter,No Holiday,Yes,2502847,322
1216,22/01/2018,4,0.0,32,0.4,2000,-14.7,0.0,0.0,0.0,Wintr,No Holiday,Yes,780135,29
1217,6/5/2018,3,16.2,94,1.7,400,15.2,0.0,1.5,0.0,Sproing,No Holiday,Yes,488483,41
1218,13/09/2018,4,20.7,69,1.3,2000,14.8,0.0,0.0,0.0,Auttumn,No Holiday,Yes,1285396,232
1219,21/02/2018,21,-1.6,52,2.2,2000,-10.1,0.0,0.0,0.0,Wonter,No Holiday,Yes,2631845,344
1220,3/2/2018,3,-4.4,80,4.3,346,-7.3,,0.1,0.1,Winteer,No Holiday,Yes,872194,66
1221,5/7/2018,10,25.6,75,1.1,1028,20.8,1.22,0.0,0.0,Summer,No Holiday,Yes,5060247,888
1222,1/9/2018,-8,,55,1.8,1436,5.1,0.56,0.1,0.1,Summr,Holiday,Yes,1102805,170
1223,6/1/2018,13,0.9,28,2.4,1895,-15.6,1.18,0.0,0.0,Winter,No Holiday,Yes,2067070,351
1224,5/7/2018,2,23.6,80,,879,19.9,0.0,0.0,0.0,Summmer,No Holiday,Yes,3883184,616
1225,31/01/2018,13,-0.8,39,2.6,1853,-13.0,0.54,0.0,2.8,Wonter,No Holiday,Yes,1102579,164
1226,7/9/2018,16,25.2,39,2.8,1987,10.2,1.65,0.0,0.0,Autmn,No Holiday,Yes,9044692,1682
1227,14/12/2017,6,-11.0,55,0.8,1541,-18.2,0.0,0.0,0.0,Winteer,No Holiday,Yes,1296977,107
1228,8/12/2017,1,-3.7,50,2.5,1902,-12.6,0.0,0.0,0.0,Wonter,No Holiday,Yes,1957455,217
1229,4/8/2018,22,28.6,74,2.5,1804,23.5,0.0,0.0,0.0,Summer,No Holiday,Yes,7526593,1353
1230,29/12/2017,7,0.9,67,0.6,658,-4.5,0.0,,0.0,Wintr,No Holiday,Yes,1856057,281
1231,6/6/2018,7,19.3,63,0.7,916,12.0,0.46,0.0,0.0,Summr,Holiday,Yes,2988028,550
1232,15/07/2018,0,26.0,82,1.9,1674,22.6,0.0,0.0,0.0,Sumer,No Holiday,Yes,6315664,1146
1233,27/07/2018,19,32.0,68,3.0,1286,25.3,0.38,0.0,0.0,Sumer,No Holiday,Yes,8903001,1757
1234,7/10/2018,4,15.1,90,1.2,850,13.4,0.0,0.0,0.0,Autum,No Holiday,Yes,1439535,249
1235,10/10/2018,9,12.0,72,3.3,1650,7.0,,0.0,0.0,Autum,No Holiday,Yes,5939833,1142
1236,5/1/2018,20,-3.4,51,1.1,1391,-12.1,0.0,0.0,0.0,Winteer,No Holiday,Yes,2300380,332
1237,10/11/2018,19,12.1,67,1.5,430,6.1,0.0,0.0,0.0,Auttumn,No Holiday,Yes,5631974,1001
1238,23/11/2018,21,2.2,28,0.8,2000,-14.4,0.0,0.0,0.0,Autum,No Holiday,Yes,4279388,669
1239,27/04/2018,-7,12.7,58,1.7,1421,4.3,0.58,0.2,0.1,Winteer,Holiday,No,5337668,949
1240,17/03/2018,7,0.5,64,0.8,2000,-5.5,0.01,0.0,0.0,Sprng,No Holiday,Yes,1329233,200
1241,8/4/2018,9,5.1,46,2.7,1888,-5.5,1.34,0.0,0.0,Sproing,No Holiday,Yes,2439701,421
1242,22/09/2018,15,25.4,32,3.8,1980,7.4,2.42,0.0,0.0,Autmn,No Holiday,Yes,9956392,1846
1243,7/1/2018,10,-1.8,40,1.8,1555,-13.6,0.48,0.0,0.0,Wintr,No Holiday,Yes,1584462,186
1244,13/01/2018,22,-4.3,81,,435,-7.0,0.0,0.0,0.0,Winter,No Holiday,Yes,1278006,167
1245,16/08/2018,3,27.9,68,0.6,2000,21.4,0.0,0.0,0.0,Sumer,No Holiday,Yes,2130416,264
1246,16/11/2018,5,6.9,66,0.5,698,0.9,0.0,0.0,0.0,Auttumn,No Holiday,Yes,1485834,144
1247,25/08/2018,13,28.6,54,2.9,1925,18.3,1.85,0.0,0.0,Summr,No Holiday,Yes,6938013,1212
1248,13/04/2018,3,9.9,27,1.3,2000,-8.2,0.0,0.0,0.0,Sprng,No Holiday,Yes,1568363,193
1249,24/09/2018,0,17.2,50,1.7,2000,6.6,,0.0,0.0,Autmn,Holiday,Yes,3647844,649
1250,2/8/2018,13,36.7,44,1.4,1765,22.4,1.9,0.0,0.0,Sumer,No Holiday,Yes,3445121,585
1251,15/07/2018,12,30.1,58,1.6,1491,20.9,2.15,0.0,0.0,Summer,No Holiday,Yes,5095066,834
1252,30/09/2018,23,14.1,53,2.1,2000,4.6,0.0,0.0,0.0,Autmn,No Holiday,No,638372,0
1253,3/12/2017,16,7.6,77,1.6,399,3.8,0.2,,0.0,Wintr,No Holiday,Yes,3723420,660
1254,10/3/2018,2,1.6,79,0.9,685,-1.6,0.0,0.0,0.0,Spriing,No Holiday,Yes,1997202,244
1255,9/9/2018,21,22.2,57,1.2,2000,13.2,0.0,0.0,0.0,Autum,No Holiday,Yes,9962832,1875
1256,12/9/2018,18,,44,1.4,2000,13.6,0.62,0.0,0.0,Autmn,No Holiday,Yes,17081397,3287
1257,19/02/2018,13,5.1,41,1.8,1097,-7.0,1.03,0.0,0.0,Wonter,No Holiday,Yes,2001232,339
1258,22/02/2018,14,4.8,50,4.3,1168,-4.7,1.01,0.0,0.0,Winter,No Holiday,Yes,2134141,337
1259,26/12/2017,17,-3.6,20,3.7,2000,-23.3,0.23,0.0,0.0,Wintr,No Holiday,Yes,2242259,350
1260,19/09/2018,9,21.5,61,0.8,1774,13.6,0.92,0.0,0.0,Autumn,No Holiday,No,764546,0
1261,20/10/2018,13,19.4,26,1.1,1942,-0.6,2.45,0.0,0.0,Autum,No Holiday,Yes,8895848,1610
1262,13/07/2018,23,26.2,84,1.0,1646,23.2,0.0,0.0,0.0,Summr,No Holiday,Yes,8045246,1447
1263,8/4/2018,6,0.9,52,1.1,2000,-7.8,,0.0,0.0,Sprng,No Holiday,Yes,1372714,93
1264,3/11/2018,-7,14.1,58,1.8,1396,4.6,0.55,0.1,0.1,Spring,No Holiday,Yes,9652288,1739
1265,4/5/2018,-3,13.5,58,1.9,1447,3.0,0.57,0.1,0.1,Autumn,No Holiday,Yes,6916339,1240
1266,10/5/2018,-9,12.1,57,,1388,3.4,0.57,,0.1,Winter,Holiday,Yes,2941451,458
1267,13/01/2018,7,-6.5,68,0.6,571,-11.4,0.0,0.0,0.0,Winter,No Holiday,Yes,786476,47
1268,29/08/2018,6,,85,,2000,22.0,0.0,0.0,0.0,Summr,No Holiday,Yes,2642367,345
1269,23/02/2018,13,6.7,64,2.0,241,0.3,1.94,0.0,0.6,Winteer,No Holiday,Yes,2131657,342
1270,19/06/2018,0,21.5,63,1.0,1740,14.1,0.0,0.0,0.0,Summer,No Holiday,Yes,6519249,1128
1271,8/9/2018,23,20.7,52,1.4,2000,10.4,0.0,0.0,0.0,Autum,No Holiday,Yes,6085163,1149
1272,10/4/2018,-1,13.7,59,1.7,1408,4.7,0.46,0.3,0.0,Summer,No Holiday,Yes,914431,0
1273,2/5/2018,11,18.0,85,1.1,411,15.4,0.45,0.0,0.0,Sprng,No Holiday,Yes,1446914,220
1274,30/01/2018,4,-11.1,50,1.2,1986,-19.4,,0.0,0.0,Winter,No Holiday,Yes,306159,37
1275,30/07/2018,2,28.0,57,1.2,2000,18.6,0.0,0.0,0.0,Summmer,No Holiday,Yes,2631025,387
1276,24/08/2018,11,26.2,76,2.6,1995,21.6,0.88,0.0,0.0,Summr,No Holiday,Yes,2799684,459
1277,5/6/2018,16,28.8,38,3.1,1027,13.0,2.14,0.0,0.0,Summer,No Holiday,Yes,7860330,1454
1278,16/10/2018,10,14.4,45,0.6,1206,2.6,,0.0,0.0,Auttumn,No Holiday,Yes,5007322,870
1279,31/07/2018,19,34.9,47,2.4,2000,21.9,0.42,0.0,0.0,Summr,No Holiday,Yes,10465836,1949
1280,23/06/2018,16,28.3,48,3.1,1232,16.2,2.41,0.0,0.0,Summr,No Holiday,Yes,10517228,1943
1281,20/08/2018,5,25.7,68,0.8,1395,19.3,0.0,0.0,0.0,Summmer,No Holiday,Yes,1591820,291
1282,27/08/2018,-6,13.7,58,1.7,1471,3.6,0.48,0.2,0.1,Winter,Holiday,Yes,11731579,2295
1283,22/02/2018,7,-3.7,64,0.7,1891,-9.5,0.0,0.0,0.0,Winteer,No Holiday,Yes,2229926,368
1284,18/01/2018,22,0.7,45,2.0,1084,-9.9,0.0,0.0,0.0,Winter,No Holiday,Yes,2614649,325
1285,7/8/2018,21,30.3,69,2.2,1834,23.9,0.0,0.0,0.0,Sumer,No Holiday,Yes,9660323,1820
1286,19/11/2018,-3,13.2,58,1.7,1443,4.5,0.6,,0.1,Autum,No Holiday,Yes,8720927,1656
1287,6/1/2018,0,-4.3,52,1.6,1247,-12.7,0.0,0.0,0.0,Winter,No Holiday,Yes,1302790,185
1288,13/04/2018,21,16.4,24,2.9,1983,-4.2,0.0,0.0,0.0,Spriing,No Holiday,Yes,7278205,1294
1289,11/11/2018,21,8.0,51,0.5,1989,-1.5,,0.0,0.0,Autmn,No Holiday,Yes,4157331,729
1290,28/02/2018,9,6.2,55,2.4,478,-2.1,0.13,0.0,0.0,Winteer,No Holiday,Yes,2866880,432
1291,4/8/2018,20,30.2,66,2.8,2000,23.1,0.02,0.0,0.0,Summer,No Holiday,Yes,8010514,1458
1292,2/2/2018,23,-2.6,69,2.0,1434,-7.5,0.0,0.0,0.0,Wonter,No Holiday,Yes,1391406,167
1293,23/08/2018,14,30.5,59,2.0,2000,21.5,0.84,0.1,0.0,Summmer,No Holiday,Yes,4416508,743
1294,18/04/2018,8,8.3,36,0.6,1335,-5.9,0.82,0.0,0.0,Spriing,No Holiday,Yes,9355822,1848
1295,12/8/2018,13,34.0,47,1.4,2000,21.0,2.24,0.0,0.0,Summmer,No Holiday,Yes,4661885,761
1296,30/08/2018,2,24.7,96,1.0,337,24.0,0.0,6.5,0.0,Summr,No Holiday,Yes,615586,81
1297,19/03/2018,12,10.2,58,3.5,2000,2.2,0.32,0.0,0.0,Spriing,No Holiday,Yes,2458961,412
1298,17/09/2018,12,25.2,50,1.7,1710,14.0,2.83,0.0,0.0,Autmn,No Holiday,Yes,5634425,1096
1299,1/1/2018,2,-3.7,42,0.9,2000,-14.7,0.0,0.0,0.0,Wintr,Holiday,Yes,1634254,190
1300,22/06/2018,12,29.8,28,1.3,1777,9.3,3.21,0.0,0.0,Sumer,No Holiday,Yes,5867378,1129
1301,7/7/2018,16,28.9,44,,1998,15.4,2.2,,0.0,Summr,No Holiday,Yes,9062479,1724
1302,23/10/2018,-8,12.3,60,1.8,1418,4.2,,0.1,0.1,Autumn,Holiday,No,2883535,429
1303,11/12/2017,19,-8.6,45,3.9,2000,-18.4,0.0,0.0,0.0,Wonter,No Holiday,Yes,2617812,357
1304,16/03/2018,-8,11.7,58,1.8,1410,5.0,0.58,0.2,0.1,Spriing,Holiday,Yes,1071329,147
1305,10/3/2018,11,5.7,58,2.3,700,-1.9,2.08,0.0,0.0,Spriing,No Holiday,Yes,3150245,513
1306,9/9/2018,19,24.1,56,2.5,2000,14.7,0.04,0.0,0.0,Autumn,No Holiday,Yes,10742516,2057
1307,18/12/2017,9,-4.3,89,1.0,59,-5.8,,1.6,4.0,Wintr,No Holiday,Yes,953532,45
1308,8/5/2018,7,15.3,60,2.0,2000,7.5,0.35,0.0,0.0,Spriing,No Holiday,Yes,7098436,1261
1309,23/02/2018,23,5.5,80,2.7,258,2.3,0.0,0.0,0.0,Winteer,No Holiday,Yes,2195485,248
1310,19/09/2018,18,24.0,55,2.2,1691,14.3,,,0.0,Autumn,No Holiday,No,401892,0
1311,29/10/2018,16,11.3,41,3.6,2000,-1.4,0.94,0.0,0.0,Auttumn,No Holiday,Yes,5541907,1070
1312,29/04/2018,20,16.9,42,2.7,942,3.8,0.0,0.0,0.0,Sproing,No Holiday,Yes,8525780,1512
1313,1/11/2018,23,7.8,63,0.4,1547,1.1,0.0,0.0,0.0,Autmn,No Holiday,Yes,4826954,785
1314,19/09/2018,5,19.3,73,0.9,1782,14.3,0.0,0.0,0.0,Auttumn,No Holiday,No,105856,0
1315,14/07/2018,23,26.6,80,2.0,1527,22.8,0.0,0.0,0.0,Summmer,No Holiday,Yes,7141754,1238
1316,16/02/2018,13,3.5,17,3.2,1971,-19.3,2.2,0.0,0.0,Wonter,Holiday,Yes,1338973,170
1317,4/11/2018,4,6.9,70,1.5,1314,1.7,0.0,0.0,0.0,Autum,No Holiday,Yes,1408545,191
1318,22/02/2018,23,2.9,63,2.6,1253,-3.4,0.0,0.0,0.0,Winteer,No Holiday,Yes,1653649,209
1319,6/3/2018,9,1.2,62,0.8,1338,-5.2,,0.0,0.0,Sprng,No Holiday,Yes,3717517,575
1320,8/7/2018,12,25.0,46,1.9,1943,12.5,2.93,0.0,0.0,Summmer,No Holiday,Yes,7120629,1248
1321,18/04/2018,4,7.2,49,0.8,1546,-2.8,0.0,0.0,0.0,Spring,No Holiday,Yes,930581,121
1322,20/12/2017,18,-1.4,79,1.6,702,-4.5,0.0,0.1,2.2,Winteer,No Holiday,Yes,2235446,349
1323,10/11/2018,-10,13.3,59,1.8,1410,2.6,0.62,,0.1,Winteer,Holiday,No,9141370,1730
1324,22/08/2018,-1,13.0,58,1.8,1480,4.6,0.53,0.1,0.1,Wonter,Holiday,Yes,1115586,72
1325,26/11/2018,13,11.7,50,1.4,609,1.6,1.74,0.0,0.0,Auttumn,No Holiday,Yes,3933069,743
1326,9/12/2017,7,-5.5,56,0.8,1950,-12.9,0.0,,0.0,Winter,No Holiday,Yes,1416309,138
1327,10/10/2018,-5,12.6,57,1.8,1415,3.9,,0.2,0.1,Spring,No Holiday,No,3719679,627
1328,12/1/2018,4,-14.3,45,2.0,2000,-23.6,0.0,0.0,0.0,Wonter,No Holiday,Yes,335881,26
1329,15/11/2018,16,15.4,34,1.4,1016,-0.4,0.68,0.0,0.0,Autum,No Holiday,Yes,6162811,1172
1330,16/03/2018,1,,83,2.1,2000,4.4,0.0,0.0,0.0,Spriing,No Holiday,Yes,2323374,301
1331,23/08/2018,4,29.3,54,1.0,2000,19.0,0.0,0.0,0.0,Summer,No Holiday,Yes,1801397,166
1332,4/2/2018,15,-6.4,30,4.9,1939,-21.1,1.89,0.0,0.0,Winteer,No Holiday,Yes,1797540,187
1333,16/02/2018,20,0.2,61,1.9,1956,-6.4,0.0,0.0,0.0,Wonter,Holiday,Yes,1035089,165
1334,24/10/2018,9,10.1,72,1.1,728,5.2,0.9,0.0,0.0,Autmn,No Holiday,Yes,5852661,1127
1335,25/05/2018,9,19.5,44,1.3,995,6.9,1.88,0.0,0.0,Spring,No Holiday,Yes,6312424,1157
1336,6/5/2018,16,19.5,66,1.7,2000,12.9,1.71,0.0,0.0,Sprng,No Holiday,Yes,7875861,1503
1337,23/12/2017,14,8.6,63,1.6,263,1.9,0.72,0.0,0.0,Winter,No Holiday,Yes,3002312,426
1338,20/09/2018,16,19.5,75,2.1,2000,14.9,0.38,0.0,0.0,Auttumn,No Holiday,Yes,5382002,892
1339,8/4/2018,10,6.3,39,2.8,2000,-6.6,1.55,,0.0,Sproing,No Holiday,Yes,3110339,481
1340,15/09/2018,16,24.4,74,0.6,1996,19.4,0.13,,0.0,Autmn,No Holiday,Yes,6783559,1254
1341,8/1/2018,9,0.8,47,0.9,1070,-9.2,0.05,0.0,0.0,Wintr,No Holiday,Yes,2238613,380
1342,11/5/2018,13,20.8,45,2.8,688,8.4,,0.0,0.0,Spriing,No Holiday,Yes,6385385,1215
1343,5/3/2018,18,8.1,47,1.7,2000,-2.5,0.34,0.0,0.0,Spriing,No Holiday,Yes,6680682,1159
1344,3/9/2018,15,25.7,81,,1825,22.1,0.43,0.0,0.0,Auttumn,No Holiday,Yes,1049609,144
1345,7/4/2018,-4,13.3,59,1.7,1410,4.4,0.51,,0.1,Sproing,Holiday,Yes,7576944,1402
1346,30/11/2018,16,7.2,23,1.5,1945,-12.6,,0.0,0.0,Autumn,No Holiday,Yes,4774822,853
1347,19/02/2018,1,-1.4,42,,1805,-12.6,0.0,0.0,0.0,Winter,No Holiday,Yes,1174250,97
1348,26/03/2018,22,10.7,58,1.4,600,2.7,0.0,0.0,0.0,Spring,No Holiday,Yes,4157344,658
1349,27/12/2017,4,-9.1,33,2.3,2000,-22.4,0.0,0.0,0.0,Winter,No Holiday,Yes,491700,48
1350,16/05/2018,21,21.8,97,1.3,160,21.2,0.0,,0.0,Spriing,No Holiday,Yes,2847497,396
1351,20/06/2018,-4,12.9,59,1.7,1441,4.5,,0.2,0.1,Sumer,Holiday,Yes,3001270,468
1352,1/1/2018,1,-3.3,41,0.7,2000,-14.7,0.0,,0.0,Wintr,Holiday,Yes,1800227,208
1353,9/5/2018,8,12.3,53,1.6,2000,2.9,1.09,,0.0,Spring,No Holiday,Yes,10854995,2118
1354,17/10/2018,10,14.0,58,1.6,841,5.8,1.53,0.0,0.0,Auttumn,No Holiday,Yes,4682600,807
1355,25/11/2018,17,9.0,59,0.7,677,1.4,0.1,0.0,0.4,Auttumn,No Holiday,Yes,5282724,866
1356,17/09/2018,6,18.8,88,1.2,798,16.7,0.0,0.0,0.0,Autum,No Holiday,Yes,3974786,636
1357,10/12/2017,13,3.3,87,1.1,230,1.3,0.54,0.0,2.1,Wintr,No Holiday,Yes,1361757,176
1358,8/8/2018,2,28.3,84,2.1,1099,25.3,0.0,0.0,0.0,Sumer,No Holiday,Yes,2774566,462
1359,3/1/2018,9,-6.8,44,1.7,1858,-17.0,0.16,,0.0,Wintr,No Holiday,Yes,2795082,370
1360,4/6/2018,-1,12.9,57,1.8,1436,4.6,0.56,0.1,0.1,Autum,No Holiday,No,2139363,400
1361,16/02/2018,15,4.0,26,3.5,2000,-13.8,1.75,0.0,0.0,Winter,Holiday,Yes,1651729,226
1362,10/6/2018,7,18.4,68,0.6,2000,12.3,,0.0,0.0,Summr,No Holiday,Yes,2203184,341
1363,24/01/2018,12,-12.2,26,4.0,2000,-27.8,,0.0,0.9,Winter,No Holiday,Yes,1076558,128
1364,17/04/2018,2,8.4,45,0.9,1987,-2.8,0.0,0.0,0.0,Sproing,No Holiday,Yes,2149596,262
1365,21/08/2018,2,27.6,60,4.3,1854,19.1,,0.0,0.0,Summr,No Holiday,Yes,2053590,364
1366,28/10/2018,11,9.4,86,,1220,7.1,0.75,0.0,0.0,Autum,No Holiday,Yes,2932333,535
1367,18/10/2018,-2,12.2,57,1.7,1442,4.2,0.62,0.1,0.1,Sprng,Holiday,Yes,4722079,869
1368,26/06/2018,17,24.0,95,5.0,362,23.1,0.07,2.0,0.0,Sumer,No Holiday,Yes,1413912,108
1369,8/8/2018,3,28.3,84,,1006,25.3,0.0,0.0,0.0,Summmer,No Holiday,Yes,2004256,343
1370,2/1/2018,-7,13.0,56,1.7,1399,3.4,0.61,0.2,0.1,Auttumn,Holiday,No,1585247,242
1371,13/12/2017,1,-10.2,52,1.6,1997,-18.2,0.0,0.0,0.0,Wonter,No Holiday,Yes,1253944,179
1372,29/06/2018,15,28.4,63,2.8,742,20.6,2.47,0.0,0.0,Summmer,No Holiday,Yes,7547376,1338
1373,27/06/2018,3,19.4,97,2.9,282,18.9,0.0,0.0,0.0,Summmer,No Holiday,Yes,1530877,167
1374,14/03/2018,-3,13.0,57,1.7,1505,4.7,0.57,0.2,0.1,Summmer,Holiday,No,2132199,339
1375,24/02/2018,16,5.9,21,,1864,-14.8,1.34,0.0,0.0,Winter,No Holiday,Yes,3432083,512
1376,30/04/2018,2,14.1,62,1.2,502,6.9,0.0,0.0,0.0,Sprng,No Holiday,Yes,2201957,262
1377,25/01/2018,9,-16.2,33,2.9,2000,-28.7,0.19,0.0,0.6,Wintr,No Holiday,Yes,1531107,209
1378,14/12/2017,14,-2.7,28,0.7,1857,-18.7,0.65,0.0,0.0,Winter,No Holiday,Yes,2064034,325
1379,25/12/2017,18,-1.6,33,2.0,2000,-15.8,0.0,0.0,0.0,Winteer,Holiday,Yes,2012838,234
1380,16/07/2018,-7,12.6,59,1.7,1448,4.3,0.58,0.2,0.1,Summr,No Holiday,No,2190397,305
1381,4/3/2018,-9,11.9,58,1.8,1452,5.0,0.56,0.2,0.1,Autmn,No Holiday,Yes,1577343,161
1382,8/11/2018,-4,13.2,57,1.7,1420,4.4,0.59,0.2,0.1,Autmn,No Holiday,Yes,4164837,719
1383,13/11/2018,-6,13.3,57,1.6,1413,2.6,0.53,0.1,0.1,Autum,No Holiday,No,6578849,1191
1384,21/06/2018,3,20.0,83,1.7,607,17.0,0.0,0.0,0.0,Summr,No Holiday,Yes,2703795,384
1385,31/03/2018,6,9.4,75,0.9,1117,5.1,0.0,0.0,0.0,Spriing,No Holiday,Yes,1455089,140
1386,28/11/2018,4,3.9,26,2.4,1071,-13.9,0.0,0.0,0.0,Autumn,No Holiday,Yes,1062386,148
1387,31/10/2018,23,6.4,60,1.8,1930,-0.8,0.0,,0.0,Autmn,No Holiday,Yes,4622150,773
1388,21/05/2018,5,11.9,0,1.3,2000,-2.7,,0.0,0.0,Sprng,No Holiday,Yes,1725316,169
1389,16/01/2018,18,4.9,59,,427,-2.4,0.0,0.0,0.0,Winteer,No Holiday,Yes,3837374,589
1390,5/9/2018,1,20.9,66,1.1,2000,14.3,0.0,0.0,0.0,Autum,No Holiday,Yes,4673960,817
1391,9/6/2018,17,28.2,39,2.9,1653,12.9,0.7,0.0,0.0,Summr,No Holiday,Yes,13143449,2447
1392,26/11/2018,14,12.8,47,1.2,648,1.7,1.59,0.0,0.0,Auttumn,No Holiday,Yes,4453887,782
1393,27/05/2018,-10,12.1,59,1.6,1436,5.2,0.61,0.2,0.1,Sumer,Holiday,Yes,2570059,393
1394,26/06/2018,16,23.3,96,3.4,441,22.6,0.08,,0.0,Sumer,No Holiday,Yes,1169535,52
1395,18/03/2018,-10,13.4,56,1.7,1371,5.1,0.48,0.2,0.1,Winter,No Holiday,Yes,919091,160
1396,30/04/2018,17,24.0,53,3.5,536,13.8,1.39,0.0,0.0,Sproing,No Holiday,Yes,9179233,1760
1397,21/06/2018,8,21.4,65,1.9,821,14.5,1.15,0.0,0.0,Summr,No Holiday,Yes,13209247,2459
1398,14/11/2018,2,6.2,59,,1584,-1.2,0.0,0.0,0.0,Autum,No Holiday,Yes,2421466,310
1399,30/03/2018,12,19.1,26,1.6,1704,-0.8,2.73,0.0,0.0,Sprng,No Holiday,Yes,5178259,951
1400,3/10/2018,20,18.6,55,1.5,2000,9.3,0.0,0.0,0.0,Autumn,Holiday,Yes,9691753,1823
1401,29/08/2018,15,26.9,77,2.5,1937,22.5,0.26,0.0,0.0,Summr,No Holiday,Yes,3295513,580
1402,2/9/2018,6,20.2,66,1.0,2000,13.6,0.0,0.0,0.0,Auttumn,No Holiday,Yes,1567898,258
1403,25/08/2018,9,25.3,72,2.4,1220,19.8,,0.0,0.0,Sumer,No Holiday,Yes,4659136,815
1404,25/02/2018,22,0.0,54,2.5,1929,-8.2,0.0,0.0,0.0,Winteer,No Holiday,Yes,1634872,234
1405,14/03/2018,21,16.8,67,2.0,1775,10.6,0.0,0.0,0.0,Sproing,No Holiday,Yes,6088528,1177
1406,7/7/2018,10,24.0,49,1.7,2000,12.6,2.48,0.0,0.0,Sumer,No Holiday,Yes,5957201,1049
1407,5/7/2018,8,23.6,93,0.9,308,22.3,0.21,0.0,0.0,Sumer,No Holiday,Yes,10342232,1891
1408,19/05/2018,9,15.7,49,1.6,2000,5.0,2.0,0.0,0.0,Spriing,No Holiday,Yes,4996184,951
1409,26/11/2018,4,2.2,93,1.1,265,1.1,0.0,0.0,0.3,Autmn,No Holiday,Yes,1037107,95
1410,11/9/2018,21,22.2,50,1.3,2000,11.2,0.0,0.0,0.0,Autum,No Holiday,Yes,10802748,1970
1411,12/4/2018,4,7.5,53,,1701,-1.4,0.0,0.0,0.0,Spriing,No Holiday,Yes,986512,94
1412,10/10/2018,15,13.7,44,3.9,2000,1.6,0.83,0.0,0.0,Auttumn,No Holiday,Yes,6734289,1154
1413,11/3/2018,15,11.9,26,2.8,1338,-7.0,2.34,0.0,0.0,Sproing,No Holiday,Yes,7056798,1275
1414,27/01/2018,7,-15.7,53,1.3,1629,-23.1,0.0,0.0,0.3,Wonter,No Holiday,Yes,651799,62
1415,6/4/2018,12,6.7,71,4.6,543,1.8,,0.0,0.0,Sproing,No Holiday,Yes,4339177,739
1416,12/8/2018,19,32.0,76,2.1,692,27.2,0.1,1.0,0.0,Summr,No Holiday,Yes,6494960,1129
1417,23/03/2018,13,,36,2.1,1073,-3.6,2.87,0.0,0.0,Spriing,No Holiday,Yes,4137337,702
1418,3/7/2018,3,,98,0.0,1734,22.4,0.0,0.0,0.0,Summer,No Holiday,Yes,1264301,227
1419,18/02/2018,7,-4.6,31,1.2,2000,-19.2,0.0,0.0,0.0,Winteer,No Holiday,Yes,549674,43
1420,12/5/2018,20,15.7,97,0.3,343,15.2,0.0,1.0,0.0,Sprng,No Holiday,Yes,745769,25
1421,3/5/2018,-4,13.3,59,1.8,1451,3.9,,0.1,0.1,Sproing,No Holiday,Yes,4414250,719
1422,8/10/2018,2,11.1,56,1.4,2000,2.6,0.0,0.0,0.0,Autum,No Holiday,Yes,1728000,265
1423,22/09/2018,17,24.6,35,3.6,1990,8.1,1.2,0.0,0.0,Autmn,No Holiday,Yes,10800210,1997
1424,12/12/2017,10,-10.5,45,3.3,1855,-20.1,0.6,0.0,0.0,Wintr,No Holiday,Yes,1086586,194
1425,1/12/2017,23,-1.3,84,1.0,1265,-3.6,0.0,0.0,0.0,Wonter,No Holiday,Yes,2491343,351
1426,28/09/2018,0,17.1,52,1.4,2000,7.1,0.0,0.0,0.0,Auttumn,No Holiday,No,1232311,222
1427,17/02/2018,17,0.6,17,3.3,2000,-21.7,0.79,0.0,0.0,Wonter,Holiday,Yes,1529374,247
1428,27/07/2018,14,34.1,57,1.8,667,24.3,1.13,0.0,0.0,Summer,No Holiday,Yes,3323045,545
1429,1/4/2018,-5,12.6,59,1.7,1468,4.1,0.57,0.2,0.1,Sproing,Holiday,Yes,1902790,328
1430,13/08/2018,4,27.1,91,0.9,585,25.4,0.0,0.0,0.0,Summmer,No Holiday,Yes,1219563,170
1431,31/05/2018,2,15.2,84,0.7,485,12.5,0.0,0.0,0.0,Sprng,No Holiday,Yes,2794847,440
1432,14/07/2018,4,25.1,82,1.5,1336,21.8,0.0,0.0,0.0,Sumer,No Holiday,Yes,2267340,307
1433,11/3/2018,1,4.8,80,1.3,583,1.6,0.0,0.0,0.0,Spring,No Holiday,Yes,2159259,237
1434,24/11/2018,6,3.7,25,2.3,2000,-14.5,0.0,0.0,0.0,Autmn,No Holiday,Yes,599058,75
1435,4/11/2018,-4,13.0,59,1.7,1391,3.0,0.57,0.1,0.1,Autumn,Holiday,No,3139355,532
1436,29/12/2017,14,5.7,54,3.5,418,-2.9,0.83,0.0,0.0,Winter,No Holiday,Yes,2845720,411
1437,21/08/2018,8,24.0,84,3.5,1975,21.1,0.47,0.0,0.0,Summer,No Holiday,Yes,8468059,1559
1438,27/10/2018,0,9.9,65,3.2,2000,3.6,0.0,0.0,0.0,Autmn,No Holiday,Yes,3841835,648
1439,1/10/2018,-1,12.8,58,1.8,1405,2.4,0.58,0.1,0.1,Wonter,No Holiday,Yes,2089957,315
1440,22/12/2017,18,4.9,63,0.6,677,-1.5,0.0,0.0,0.0,Winter,Holiday,Yes,3997534,659
1441,15/06/2018,23,19.6,55,1.4,2000,10.3,0.0,0.0,0.0,Sumer,No Holiday,Yes,8778035,1627
1442,1/8/2018,15,39.3,37,2.3,1892,21.9,2.82,0.0,0.0,Sumer,No Holiday,Yes,3620603,576
1443,13/02/2018,7,-7.2,70,1.9,1946,-11.7,0.0,0.0,0.0,Winter,No Holiday,Yes,2375659,285
1444,12/2/2018,18,-4.4,46,3.5,2000,-14.3,0.23,0.0,0.0,Wintr,No Holiday,Yes,2602408,478
1445,30/01/2018,22,-1.7,85,1.2,1006,-3.8,,0.0,3.5,Winter,No Holiday,Yes,1054898,74
1446,21/11/2018,0,7.2,74,1.2,772,2.8,0.0,,0.0,Autmn,No Holiday,Yes,1334775,115
1447,23/07/2018,0,30.6,50,2.3,1631,18.9,0.0,0.0,0.0,Summmer,No Holiday,Yes,4440891,766
1448,5/2/2018,21,-9.8,41,3.9,1949,-20.6,0.0,0.0,0.0,Wintr,No Holiday,Yes,1882940,195
1449,29/07/2018,1,28.0,71,0.6,1799,22.2,0.0,,0.0,Summer,No Holiday,Yes,3758584,685
1450,4/11/2018,14,19.3,28,1.7,1208,0.3,1.93,0.0,0.0,Auttumn,No Holiday,Yes,8110378,1542
1451,22/01/2018,10,1.1,31,0.7,1898,-14.1,0.25,0.0,0.0,Wintr,No Holiday,Yes,1555252,222
1452,10/11/2018,5,9.4,87,0.8,279,7.3,0.0,0.0,0.0,Autmn,No Holiday,Yes,994468,134
1453,2/4/2018,-5,13.4,60,1.6,1395,4.5,0.61,0.3,0.1,Autum,Holiday,No,2885777,471
1454,5/12/2017,0,-6.1,42,2.6,2000,-16.9,0.0,0.0,0.0,Wonter,No Holiday,Yes,1146375,204
1455,9/1/2018,8,-6.0,64,3.2,1384,-11.7,0.0,0.0,0.7,Wintr,No Holiday,Yes,3069434,548
1456,16/11/2018,10,9.4,55,0.1,570,0.7,0.49,0.0,0.0,Autum,No Holiday,Yes,4195060,672
1457,28/06/2018,18,20.6,97,0.7,222,20.1,0.14,21.5,0.0,Summmer,No Holiday,Yes,3184243,507
1458,9/7/2018,21,20.3,96,1.0,1007,19.6,0.0,1.5,0.0,Summmer,No Holiday,Yes,1414540,105
1459,5/1/2018,21,-3.5,53,0.9,1353,-11.7,0.0,0.0,0.0,Winter,No Holiday,Yes,2380748,283
1460,10/4/2018,16,20.9,34,5.8,2000,4.4,1.37,0.0,0.0,Spring,No Holiday,Yes,5673058,999
1461,20/04/2018,-10,12.2,57,1.8,1445,3.9,0.56,0.2,0.1,Winter,Holiday,Yes,693586,111
1462,17/08/2018,17,33.1,27,1.9,1975,11.5,1.76,0.0,0.0,Summmer,No Holiday,Yes,8967215,1668
1463,19/03/2018,21,8.0,47,3.3,2000,-2.6,0.0,,0.0,Sprng,No Holiday,Yes,4606435,742
1464,4/11/2018,-8,11.9,58,1.7,1413,5.5,0.53,0.2,0.1,Autum,No Holiday,No,12539395,2373
1465,16/09/2018,22,21.4,87,2.4,540,19.1,0.0,0.0,0.0,Autmn,No Holiday,Yes,5280240,986
1466,16/05/2018,9,22.8,93,3.1,569,21.6,0.06,4.0,0.0,Sproing,No Holiday,Yes,1353966,89
1467,29/01/2018,-8,12.5,60,1.8,1497,4.1,0.57,0.1,0.0,Winteer,No Holiday,Yes,9592984,1771
1468,25/02/2018,-1,12.7,59,1.7,1458,3.8,0.61,0.1,0.0,Spriing,Holiday,No,590159,61
1469,6/1/2018,10,-3.5,39,2.0,1946,-15.4,0.54,0.0,0.0,Winteer,No Holiday,Yes,1092714,173
1470,16/10/2018,-10,12.8,58,1.7,1428,4.5,0.59,0.1,0.1,Auttumn,No Holiday,No,11655967,2308
1471,19/02/2018,0,-1.1,39,1.7,1832,-13.3,,0.0,0.0,Winteer,No Holiday,Yes,1384727,132
1472,17/03/2018,13,,32,1.2,1772,-5.1,2.22,0.0,0.0,Sprng,No Holiday,Yes,5891288,1151
1473,30/11/2018,11,5.3,43,1.8,1177,-6.2,1.38,0.0,0.0,Autmn,No Holiday,Yes,4044311,644
1474,4/4/2018,13,16.7,47,1.4,2000,5.3,3.24,0.0,0.0,Sprng,No Holiday,Yes,5338339,967
1475,11/7/2018,5,24.5,97,0.5,229,23.9,0.0,0.5,0.0,Summmer,No Holiday,Yes,1422050,93
1476,24/03/2018,22,6.5,85,2.3,167,4.1,0.0,0.0,0.0,Spring,No Holiday,Yes,2566192,440
1477,31/08/2018,7,22.9,83,0.6,1127,19.8,0.01,,0.0,Summmer,No Holiday,Yes,4394210,828
1478,30/10/2018,2,2.1,56,0.5,2000,-5.7,0.0,,0.0,Autum,No Holiday,Yes,1970007,292
1479,28/07/2018,6,28.0,85,0.8,647,25.2,0.01,0.0,0.0,Summmer,No Holiday,Yes,2156044,369
1480,7/2/2018,2,-12.5,50,1.0,1722,-20.8,0.0,0.0,0.0,Wintr,No Holiday,Yes,1046403,73
1481,8/6/2018,15,26.2,51,3.3,1104,15.2,2.87,0.0,0.0,Summr,No Holiday,Yes,7759434,1393
1482,22/12/2017,10,1.4,64,1.0,897,-4.6,0.25,0.0,0.5,Winter,Holiday,Yes,1555535,256
1483,8/9/2018,-8,12.3,59,1.7,1401,4.4,0.58,0.1,0.1,Summmer,Holiday,No,278493,26
1484,26/06/2018,8,20.8,94,1.0,159,19.7,0.05,3.5,0.0,Summr,No Holiday,Yes,666632,58
1485,30/05/2018,15,24.3,52,3.0,1447,13.8,2.55,0.0,0.0,Spriing,No Holiday,Yes,6977386,1371
1486,4/4/2018,1,14.8,96,1.7,209,14.1,0.0,0.0,0.0,Spring,No Holiday,Yes,765924,103
1487,4/2/2018,16,,29,3.6,1979,-20.6,1.4,0.0,0.0,Winteer,No Holiday,Yes,1606443,171
1488,6/3/2018,20,6.1,31,2.8,2000,-9.8,0.0,0.0,0.0,Sproing,No Holiday,Yes,3737246,685
1489,30/05/2018,9,19.8,79,1.3,405,16.0,0.45,0.0,0.0,Sproing,No Holiday,Yes,6308584,1200
1490,1/6/2018,20,25.0,39,2.8,2000,10.0,0.06,,0.0,Summer,No Holiday,Yes,11869921,2259
1491,10/12/2017,-2,13.2,58,1.8,1486,5.2,0.58,0.2,0.0,Spring,Holiday,Yes,11642357,2218
1492,9/11/2018,9,10.8,78,,1985,7.1,0.13,0.5,0.0,Autumn,No Holiday,No,826758,0
1493,19/11/2018,18,7.5,48,2.4,1079,-2.8,0.0,0.0,0.0,Autmn,No Holiday,Yes,9553372,1863
1494,22/04/2018,11,17.4,54,,1840,7.9,0.51,0.0,0.0,Spriing,No Holiday,Yes,3029241,443
1495,21/12/2017,0,-1.3,90,2.0,259,-2.7,0.0,0.0,2.2,Wintr,No Holiday,Yes,1771619,185
1496,14/10/2018,2,9.1,68,0.3,921,3.4,0.0,0.0,0.0,Autumn,No Holiday,Yes,2573302,400
1497,22/08/2018,20,33.2,51,1.0,2000,21.6,0.02,0.0,0.0,Summmer,No Holiday,Yes,9894648,1879
1498,20/02/2018,4,-1.6,83,0.6,368,-4.1,0.0,0.0,0.0,Winteer,No Holiday,Yes,830923,71
1499,13/11/2018,6,4.2,72,0.8,1326,-0.4,0.0,0.0,0.0,Autumn,No Holiday,Yes,2424169,411
1500,29/05/2018,15,25.7,56,1.8,1112,16.2,1.71,0.0,0.0,Sprng,No Holiday,Yes,7049966,1265
1501,9/8/2018,14,30.8,69,1.8,1218,24.4,1.58,0.0,0.0,Summr,No Holiday,Yes,3525197,565
1502,11/9/2018,15,26.0,40,1.9,2000,11.3,1.53,0.0,0.0,Autmn,No Holiday,Yes,6148267,1208
1503,17/12/2017,6,-9.9,42,2.3,2000,-20.4,0.0,0.0,0.0,Winter,No Holiday,Yes,1025850,39
1504,12/10/2018,4,6.2,71,1.1,2000,1.3,0.0,0.0,0.0,Autumn,No Holiday,Yes,1945937,205
1505,25/07/2018,20,30.9,67,1.7,1470,24.0,0.05,0.0,0.0,Summer,No Holiday,Yes,10374386,1953
1506,16/07/2018,21,28.0,64,1.5,2000,20.5,0.0,0.0,0.0,Summmer,No Holiday,Yes,11626476,2239
1507,12/2/2018,6,-9.5,36,1.5,2000,-21.8,0.0,0.0,0.0,Wonter,No Holiday,Yes,1041757,88
1508,1/6/2018,14,29.6,31,3.7,1988,10.6,3.25,0.0,0.0,Summer,No Holiday,Yes,6059283,1104
1509,4/7/2018,21,26.2,70,2.2,1908,20.2,0.0,0.0,0.0,Summer,No Holiday,Yes,12511516,2317
1510,25/12/2017,17,-0.7,29,2.0,2000,-16.5,0.21,0.0,0.0,Wonter,Holiday,Yes,1581118,291
1511,16/08/2018,7,27.6,71,1.2,2000,21.8,0.14,0.0,0.0,Summmer,No Holiday,Yes,6528119,1118
1512,20/09/2018,13,18.9,89,2.6,586,17.0,0.58,0.0,0.0,Autumn,No Holiday,Yes,1787387,312
1513,22/06/2018,11,28.1,35,1.3,1608,11.1,3.02,0.0,0.0,Summr,No Holiday,Yes,5455357,946
1514,28/04/2018,9,15.1,56,1.7,493,6.3,1.57,0.0,0.0,Spring,No Holiday,Yes,4916529,812
1515,30/05/2018,6,18.6,84,0.7,316,15.8,0.01,0.0,0.0,Spring,No Holiday,Yes,3635886,542
1516,26/11/2018,8,2.0,84,,396,-0.4,0.03,0.0,0.3,Autum,No Holiday,Yes,8388094,1566
1517,29/07/2018,15,35.9,37,1.9,1949,18.9,1.98,0.0,0.0,Summr,No Holiday,Yes,4113822,667
1518,21/03/2018,5,1.3,40,2.3,2000,-10.8,0.0,0.0,0.0,Sproing,No Holiday,Yes,1101071,73
1519,15/11/2018,12,13.8,43,0.9,987,1.4,1.61,0.0,0.0,Autum,No Holiday,Yes,5363318,926
1520,3/8/2018,10,34.3,48,2.5,1822,21.7,2.12,0.0,0.0,Summer,No Holiday,Yes,3689926,550
1521,25/12/2017,5,-3.7,51,2.6,2000,-12.3,0.0,0.0,0.0,Wonter,Holiday,Yes,546938,33
1522,27/05/2018,0,20.1,65,1.6,1097,13.3,0.0,0.0,0.0,Spriing,No Holiday,Yes,6305591,1107
1523,13/11/2018,-1,12.5,60,1.8,1382,4.2,,0.2,0.1,Wintr,Holiday,No,3636924,540
1524,14/01/2018,18,4.1,53,,1132,-4.6,0.0,0.0,0.0,Wintr,No Holiday,Yes,2059852,255
1525,23/03/2018,2,2.2,80,1.4,615,-0.8,0.0,0.0,0.0,Spriing,No Holiday,Yes,1676748,209
1526,22/10/2018,4,10.0,62,0.6,1759,3.0,0.0,0.0,0.0,Autmn,No Holiday,Yes,897896,107
1527,16/04/2018,4,5.9,68,0.7,1590,0.4,0.0,0.0,0.0,Spriing,No Holiday,Yes,408023,59
1528,29/07/2018,13,34.4,41,2.9,1970,19.2,,0.0,0.0,Summr,No Holiday,Yes,3689905,649
1529,6/1/2018,12,0.0,35,2.3,1672,-13.6,1.07,0.0,0.0,Wonter,No Holiday,Yes,1999972,310
1530,4/12/2017,9,-1.5,47,4.2,1888,-11.3,0.22,0.0,0.0,Winteer,No Holiday,Yes,3012347,540
1531,22/02/2018,17,4.6,52,3.9,1059,-4.4,0.5,0.0,0.0,Wonter,No Holiday,Yes,3219802,508
1532,1/3/2018,5,2.2,97,2.9,362,1.7,0.0,,0.0,Sproing,Holiday,Yes,702056,7
1533,25/05/2018,12,24.4,24,2.9,1811,2.5,3.28,0.0,0.0,Sproing,No Holiday,Yes,6396484,1121
1534,18/03/2018,3,5.5,57,1.1,1079,-2.3,0.0,0.0,0.0,Sproing,No Holiday,Yes,1118800,165
1535,1/10/2018,9,14.9,50,3.4,1989,4.5,1.08,0.0,0.0,Autmn,No Holiday,Yes,6361602,1091
1536,26/05/2018,17,27.9,34,3.8,1259,10.5,1.73,0.0,0.0,Spring,No Holiday,Yes,10386098,1885
1537,26/12/2017,5,-2.9,77,0.8,1833,-6.3,0.0,0.0,0.0,Winteer,No Holiday,Yes,767819,63
1538,23/07/2018,18,33.9,53,3.2,1886,22.9,0.94,0.0,0.0,Summr,No Holiday,Yes,12726315,2502
1539,16/02/2018,19,0.6,59,2.3,1939,-6.5,0.0,0.0,0.0,Winteer,Holiday,Yes,1231917,128
1540,27/12/2017,21,-6.4,34,1.2,2000,-19.7,,0.0,0.0,Wintr,No Holiday,Yes,1343304,235
1541,27/09/2018,17,24.3,31,1.5,2000,6.0,1.17,0.0,0.0,Autmn,No Holiday,Yes,12236165,2275
1542,21/11/2018,21,4.6,44,1.1,1859,-6.6,0.0,0.0,0.0,Autum,No Holiday,Yes,4793246,827
1543,3/11/2018,10,11.0,49,0.7,957,0.6,1.4,0.0,0.0,Autum,No Holiday,No,319362,0
1544,11/9/2018,-2,12.9,59,1.7,1423,4.5,0.52,0.1,0.1,Autumn,Holiday,Yes,1513561,204
1545,28/02/2018,21,2.4,95,2.5,1349,1.6,0.0,9.0,0.0,Winter,No Holiday,Yes,616298,4
1546,20/05/2018,13,19.9,33,1.4,2000,3.1,,0.0,0.0,Sproing,No Holiday,Yes,8589612,1575
1547,1/11/2018,10,8.1,51,0.7,1100,-1.4,1.38,0.0,0.0,Autumn,No Holiday,Yes,4062711,741
1548,23/12/2017,5,5.0,81,1.2,425,2.0,0.0,0.0,0.0,Wintr,No Holiday,Yes,852414,50
1549,14/01/2018,-5,13.2,59,,1418,3.8,0.56,0.2,0.0,Winter,Holiday,No,10036655,1885
1550,15/10/2018,2,11.8,82,0.7,1262,8.8,0.0,0.0,0.0,Autumn,No Holiday,Yes,2226044,280
1551,29/05/2018,16,23.6,66,4.2,1208,16.8,0.89,0.0,0.0,Spring,No Holiday,Yes,8554959,1620
1552,26/12/2017,11,-2.1,28,4.9,1887,-18.2,0.87,0.0,0.0,Winteer,No Holiday,Yes,1988330,249
1553,4/6/2018,3,19.6,51,1.0,1923,9.1,0.0,,0.0,Sumer,No Holiday,Yes,1658001,244
1554,18/10/2018,6,7.6,82,0.3,1933,4.7,0.0,0.0,0.0,Autum,No Holiday,Yes,2939764,481
1555,22/01/2018,5,0.0,32,0.7,2000,-14.7,0.0,0.0,0.0,Wintr,No Holiday,Yes,549382,70
1556,25/01/2018,10,-15.3,33,,2000,-27.9,0.56,0.0,0.6,Winteer,No Holiday,Yes,1409389,97
1557,31/05/2018,23,20.5,62,2.2,1903,12.9,0.0,0.0,0.0,Sprng,No Holiday,Yes,7312383,1322
1558,9/9/2018,-10,13.2,59,,1425,4.9,0.49,0.2,0.1,Sproing,Holiday,No,5490272,951
1559,21/05/2018,15,23.3,38,1.5,1963,8.1,2.13,0.0,0.0,Sproing,No Holiday,Yes,8851477,1642
1560,31/01/2018,10,-2.3,63,1.7,1286,-8.4,0.22,0.0,3.2,Winter,No Holiday,Yes,1100880,120
1561,4/5/2018,13,,30,3.8,1854,0.9,3.39,0.0,0.0,Spring,No Holiday,Yes,6843904,1302
1562,16/05/2018,15,22.0,96,2.9,313,21.3,0.2,0.0,0.0,Sproing,No Holiday,Yes,1764696,238
1563,10/10/2018,21,9.9,50,1.2,2000,0.0,0.0,0.0,0.0,Autmn,No Holiday,Yes,7723825,1434
1564,9/4/2018,-8,12.0,60,1.8,1491,4.3,0.53,0.2,0.1,Sproing,Holiday,Yes,1041757,88
1565,15/05/2018,2,17.1,74,0.4,350,12.4,0.0,0.0,0.0,Spring,No Holiday,Yes,2504350,371
1566,2/4/2018,13,21.9,48,2.5,1113,10.3,2.14,0.0,0.0,Spriing,No Holiday,Yes,4928153,900
1567,23/06/2018,8,22.6,42,0.7,1887,9.0,0.62,0.0,0.0,Summr,No Holiday,Yes,5688394,976
1568,2/7/2018,22,23.4,98,0.3,585,23.0,0.0,2.5,0.0,Sumer,No Holiday,Yes,843369,106
1569,4/2/2018,12,-8.3,32,1.8,1295,-22.1,1.99,0.0,0.0,Winter,No Holiday,Yes,1244107,164
1570,25/08/2018,15,28.1,53,4.5,1953,17.6,1.6,0.0,0.0,Summr,No Holiday,Yes,7926987,1518
1571,28/07/2018,16,28.6,82,3.4,1022,25.2,0.14,0.0,0.0,Summer,No Holiday,Yes,4152560,686
1572,18/05/2018,-10,13.8,58,1.8,1411,4.5,0.54,0.2,0.1,Sprng,No Holiday,Yes,4486611,784
1573,14/12/2017,3,-10.7,48,0.4,1651,-19.6,0.0,0.0,0.0,Winter,No Holiday,Yes,1297753,77
1574,30/11/2018,-4,12.5,57,1.8,1441,3.9,0.64,0.1,0.0,Summmer,Holiday,No,455084,0
1575,15/08/2018,18,32.8,63,2.3,1546,24.8,0.89,0.1,0.0,Summmer,Holiday,Yes,5260319,978
1576,28/10/2018,6,6.9,86,1.7,1988,4.7,0.0,1.5,0.0,Auttumn,No Holiday,Yes,403029,46
1577,29/11/2018,7,0.8,41,0.6,1298,-10.9,0.0,0.0,0.0,Autumn,No Holiday,Yes,4263212,793
1578,24/11/2018,14,3.0,82,1.7,1589,0.2,0.55,0.0,5.0,Autum,No Holiday,Yes,2176708,285
1579,22/10/2018,13,19.4,35,1.2,678,3.5,1.73,0.0,0.0,Autmn,No Holiday,Yes,5723002,1082
1580,20/08/2018,19,30.8,55,1.9,1170,20.7,0.06,0.0,0.0,Sumer,No Holiday,Yes,11983268,2221
1581,26/01/2018,17,-11.5,31,3.3,1745,-25.2,0.41,0.0,0.3,Winter,No Holiday,Yes,1188016,187
1582,22/01/2018,23,-4.2,79,,554,-7.3,0.0,0.0,1.0,Wonter,No Holiday,Yes,1675712,153
1583,21/04/2018,20,19.1,18,1.2,2000,-5.8,0.0,0.0,0.0,Spring,No Holiday,Yes,8771344,1587
1584,20/10/2018,9,10.4,60,1.3,1326,2.9,0.99,0.0,0.0,Autmn,No Holiday,Yes,4924012,947
1585,18/07/2018,1,25.7,80,0.2,805,21.9,0.0,0.0,0.0,Sumer,No Holiday,Yes,4764305,766
1586,10/8/2018,22,30.9,54,0.8,2000,20.5,0.0,0.0,0.0,Summer,No Holiday,Yes,7888446,1526
1587,29/11/2018,-4,12.9,56,1.7,1483,2.7,0.61,,0.1,Summer,Holiday,Yes,1041757,88
1588,21/01/2018,16,4.7,17,2.1,2000,-18.3,0.55,0.0,0.0,Wintr,No Holiday,Yes,2512987,379
1589,21/06/2018,23,21.9,59,2.6,1188,13.5,0.0,0.0,0.0,Sumer,No Holiday,Yes,8724733,1558
1590,20/07/2018,12,32.6,51,2.1,800,21.1,3.21,0.0,0.0,Summmer,No Holiday,Yes,4834417,841
1591,19/07/2018,8,25.5,65,0.9,833,18.4,1.1,0.0,0.0,Summer,No Holiday,Yes,10245429,1944
1592,9/7/2018,20,20.3,95,0.8,1372,19.4,,1.0,0.0,Summmer,No Holiday,Yes,1074750,55
1593,24/12/2017,15,2.9,90,2.0,380,1.4,0.08,3.5,0.0,Wintr,Holiday,Yes,1047429,38
1594,28/03/2018,22,13.6,73,2.0,644,8.8,0.0,,0.0,Sprng,No Holiday,Yes,4672165,880
1595,26/08/2018,1,22.5,80,0.6,2000,18.8,0.0,0.0,0.0,Summer,No Holiday,Yes,4772679,817
1596,6/9/2018,13,28.0,52,2.3,1642,17.2,1.85,0.0,0.0,Auttumn,No Holiday,Yes,6029588,1115
1597,3/7/2018,-10,12.0,59,1.8,1436,3.8,0.5,0.1,0.1,Winteer,No Holiday,No,7489868,1341
1598,27/08/2018,21,23.9,88,0.8,2000,21.7,0.0,0.0,0.0,Summmer,No Holiday,Yes,9050621,1702
1599,18/06/2018,19,28.1,38,2.6,2000,12.4,0.63,0.0,0.0,Summr,No Holiday,Yes,8876644,1639
1600,25/10/2018,19,16.4,47,1.0,1694,5.0,0.0,0.0,0.0,Auttumn,No Holiday,Yes,10266467,1939
1601,25/10/2018,17,19.2,36,0.7,1643,3.7,0.38,0.0,0.0,Auttumn,No Holiday,Yes,10966595,2017
1602,11/11/2018,19,8.7,52,0.8,1590,-0.6,0.0,0.0,0.0,Autumn,No Holiday,Yes,4176357,716
1603,30/08/2018,1,24.9,92,2.2,1125,23.5,0.0,0.5,0.0,Summr,No Holiday,Yes,911515,92
1604,5/5/2018,-10,12.4,58,1.7,1410,3.8,0.62,,0.1,Sumer,No Holiday,No,3527098,651
1605,23/02/2018,12,12.6,57,13.0,1444,4.0,0.54,0.2,0.1,Autumn,No Holiday,Yes,654548,38
1606,8/11/2018,18,12.9,97,0.0,406,12.4,0.0,9.0,0.0,Autum,No Holiday,Yes,448515,48
1607,25/08/2018,4,23.2,79,1.8,1941,19.3,0.0,0.0,0.0,Summer,No Holiday,Yes,2141965,311
1608,28/09/2018,12,55.8,1,1.0,2500,-17.0,0.0,2.4,0.3,Winteer,Holiday,No,1453860,136
1609,2/10/2018,-1,12.6,58,1.7,1428,4.5,0.6,0.0,0.1,Auttumn,No Holiday,No,1485660,133
1610,17/12/2017,3,-9.0,40,3.1,2000,-20.1,0.0,0.0,0.0,Wonter,No Holiday,Yes,568175,82
1611,23/02/2018,18,7.5,70,5.0,374,2.3,0.08,0.0,0.0,Wintr,No Holiday,Yes,4203260,690
1612,20/07/2018,7,25.2,75,0.6,1056,20.4,0.34,0.0,0.0,Summmer,No Holiday,Yes,6309995,1178
1613,25/05/2018,2,16.1,70,0.6,787,10.6,0.0,0.0,0.0,Spring,No Holiday,Yes,2914029,420
1614,21/05/2018,1,14.5,31,,2000,-2.4,0.0,0.0,0.0,Spring,No Holiday,Yes,2247420,410
1615,13/10/2018,22,,60,0.5,1002,4.1,0.0,0.0,0.0,Autumn,No Holiday,Yes,6449461,1225
1616,13/06/2018,12,24.5,56,2.3,1094,15.1,1.74,0.0,0.0,Sumer,No Holiday,Yes,9652288,1739
1617,12/7/2018,19,27.4,78,1.1,1899,23.2,0.27,0.0,0.0,Summer,No Holiday,Yes,11943611,2336
1618,24/08/2018,8,24.4,86,1.7,2000,21.8,0.13,0.0,0.0,Sumer,No Holiday,Yes,3187276,587
1619,4/11/2018,0,-23.1,0,0.6,686,61.2,0.0,1.5,1.2,Autum,No Holiday,No,5574271,1062
1620,17/04/2018,8,8.7,49,0.8,1520,-1.4,0.68,0.0,0.0,Sprng,No Holiday,Yes,10367314,1916
1621,10/4/2018,19,19.2,55,5.8,2000,9.9,,0.0,0.0,Spriing,No Holiday,Yes,6606775,1193
1622,4/8/2018,23,28.2,78,2.5,1678,23.9,0.0,0.0,0.0,Sumer,No Holiday,Yes,6407447,1165
1623,24/02/2018,2,3.7,82,1.6,229,0.9,0.0,0.0,0.0,Winter,No Holiday,Yes,1431696,211
1624,7/8/2018,18,34.6,50,,1821,22.6,,0.0,0.0,Sumer,No Holiday,Yes,11529982,2222
1625,19/06/2018,9,22.4,62,0.9,761,14.7,,0.0,0.0,Sumer,No Holiday,Yes,7437714,1349
1626,17/03/2018,20,7.9,54,2.3,1005,-0.8,0.0,0.0,0.0,Spring,No Holiday,Yes,4101223,733
1627,9/3/2018,13,7.5,44,2.0,1526,-3.9,1.24,0.0,0.0,Spriing,No Holiday,Yes,2728148,523
1628,24/01/2018,10,-14.5,24,4.6,1902,-30.6,0.61,0.0,0.9,Winter,No Holiday,Yes,1262683,83
1629,29/03/2018,12,18.2,55,2.3,594,9.0,2.24,0.0,0.0,Sprng,No Holiday,Yes,4568018,720
1630,14/11/2018,1,6.5,60,0.5,1788,-0.7,0.0,0.0,0.0,Autumn,No Holiday,Yes,3328006,514
1631,9/12/2017,1,-4.1,49,0.6,2000,-13.2,0.0,0.0,0.0,Wonter,No Holiday,Yes,1923963,318
1632,9/4/2018,4,1.1,95,0.5,345,0.3,0.0,0.0,0.0,Sproing,No Holiday,Yes,573487,54
1633,9/9/2018,13,27.2,32,1.7,2000,9.0,3.12,0.0,0.0,Autumn,No Holiday,Yes,7939084,1416
1634,3/7/2018,0,23.2,98,0.2,927,22.8,0.0,0.5,0.0,Sumer,No Holiday,Yes,2615972,361
1635,30/05/2018,11,22.8,66,2.7,1270,16.1,2.76,0.0,0.0,Spriing,No Holiday,Yes,5727455,1011
1636,26/11/2018,-1,12.5,59,1.7,1417,3.7,0.51,0.2,0.1,Sprng,Holiday,No,12910228,2552
1637,2/9/2018,21,26.2,62,2.3,2000,18.3,0.0,0.0,0.0,Autmn,No Holiday,Yes,9646386,1803
1638,18/06/2018,16,30.5,34,2.9,1830,12.8,2.51,0.0,0.0,Summer,No Holiday,Yes,7741283,1375
1639,2/2/2018,13,1.6,29,,1662,-14.5,,0.0,0.0,Wintr,No Holiday,Yes,2090233,261
1640,11/10/2018,2,7.1,64,0.9,2000,0.7,0.0,,0.0,Autmn,No Holiday,Yes,2295169,367
1641,18/08/2018,0,24.5,48,1.2,2000,12.7,0.0,0.0,0.0,Summr,No Holiday,Yes,6387486,1235
1642,2/11/2018,9,7.0,57,0.7,1553,-0.9,0.79,0.0,0.0,Autum,No Holiday,Yes,5815473,1027
1643,13/05/2018,3,14.2,98,1.5,135,13.8,0.0,0.2,0.0,Sprng,No Holiday,Yes,1401418,133
1644,2/11/2018,12,14.9,40,1.1,1288,1.4,2.06,0.0,0.0,Autmn,No Holiday,Yes,5709465,1020
1645,6/11/2018,22,12.3,73,1.2,277,7.5,0.0,0.0,0.0,Auttumn,No Holiday,No,907352,0
1646,10/4/2018,0,9.0,46,1.2,1259,-2.0,0.0,0.0,0.0,Spriing,No Holiday,Yes,2554458,471
1647,10/12/2017,23,-1.4,43,4.3,2000,-12.3,0.0,0.0,0.0,Winter,No Holiday,Yes,1810312,168
1648,23/01/2018,6,-11.5,47,3.2,2000,-20.5,0.0,0.0,1.0,Wintr,No Holiday,Yes,756546,90
1649,23/08/2018,5,28.5,57,0.9,2000,19.1,0.0,0.1,0.0,Sumer,No Holiday,Yes,1610515,204
1650,5/8/2018,14,33.3,55,4.7,1921,23.0,3.05,0.0,0.0,Summr,No Holiday,Yes,3522527,649
1651,6/2/2018,3,-11.6,35,3.2,1992,-24.0,0.0,0.0,0.0,Winteer,No Holiday,Yes,680939,41
1652,13/04/2018,8,10.6,27,1.1,2000,-7.6,0.39,0.0,0.0,Sprng,No Holiday,Yes,9815394,1847
1653,2/4/2018,8,15.7,75,1.1,804,11.2,0.11,0.0,0.0,Sproing,No Holiday,Yes,7507801,1478
1654,12/8/2018,-7,12.5,58,1.7,1415,4.4,0.56,0.1,0.0,Wonter,No Holiday,No,3841835,648
1655,28/07/2018,10,32.0,65,0.9,966,24.5,1.19,0.0,0.0,Summr,No Holiday,Yes,3822555,667
1656,28/06/2018,0,22.2,84,1.1,482,19.3,0.0,0.0,0.0,Sumer,No Holiday,Yes,3105590,574
1657,18/11/2018,14,10.1,37,2.4,1723,-3.9,1.24,0.0,0.0,Autumn,No Holiday,Yes,6245753,1050
1658,6/6/2018,11,25.8,52,,905,15.1,2.84,0.0,0.0,Summr,Holiday,Yes,6735838,1148
1659,9/12/2017,13,3.9,36,2.0,1702,-9.8,1.13,0.0,0.0,Winter,No Holiday,Yes,2760440,439
1660,28/08/2018,0,23.5,88,0.6,2000,21.3,0.0,0.0,0.0,Sumer,No Holiday,Yes,4831484,865
1661,10/3/2018,19,5.3,67,2.6,1314,-0.3,0.02,0.0,0.0,Spriing,No Holiday,Yes,3920054,585
1662,19/11/2018,0,6.8,56,0.7,1505,-1.3,0.0,0.0,0.0,Autumn,No Holiday,Yes,2698844,505
1663,4/10/2018,0,15.5,65,0.8,2000,8.9,0.0,0.0,0.0,Auttumn,No Holiday,No,871894,13
1664,12/12/2017,16,-6.0,29,2.8,1983,-21.2,0.58,0.0,0.0,Winteer,No Holiday,Yes,1604024,246
1665,10/5/2018,-4,12.1,59,1.8,1383,4.3,0.53,0.1,0.1,Spring,Holiday,Yes,1759490,260
1666,20/11/2018,9,2.3,43,1.2,1892,-9.0,0.52,0.0,0.0,Autum,No Holiday,Yes,5293826,967
1667,6/1/2018,22,-2.6,47,1.6,1492,-12.3,0.0,0.0,0.0,Wintr,No Holiday,Yes,1130356,202
1668,24/07/2018,7,27.8,63,1.2,1781,20.1,0.32,0.0,0.0,Summmer,No Holiday,Yes,6056512,1176
1669,30/05/2018,1,18.8,84,0.5,488,16.0,,0.0,0.0,Spring,No Holiday,Yes,2782598,522
1670,20/07/2018,-8,12.5,59,1.7,1439,4.5,0.62,0.2,0.1,Spring,Holiday,Yes,12726315,2502
1671,13/08/2018,12,33.4,54,2.6,1648,22.8,2.09,0.0,0.0,Summmer,No Holiday,Yes,3949454,712
1672,29/05/2018,12,23.1,64,2.6,1250,15.9,1.35,0.0,0.0,Sproing,No Holiday,Yes,6383762,1207
1673,5/3/2018,17,10.0,43,1.4,2000,-2.0,1.12,0.0,0.0,Sprng,No Holiday,Yes,5260026,901
1674,31/05/2018,10,20.8,54,1.2,1129,11.1,2.45,0.0,0.0,Sprng,No Holiday,Yes,5045105,929
1675,5/4/2018,0,9.5,61,1.7,2000,2.3,0.0,0.0,0.0,Sproing,No Holiday,Yes,2688008,495
1676,7/7/2018,9,22.6,51,1.7,2000,11.9,1.87,0.0,0.0,Summer,No Holiday,Yes,5651038,1010
1677,24/11/2018,13,2.6,83,1.9,1774,0.0,0.84,0.0,6.0,Auttumn,No Holiday,Yes,1601525,257
1678,2/12/2017,17,6.0,51,2.5,1891,-3.3,0.06,0.0,0.0,Wonter,No Holiday,Yes,3437537,571
1679,13/05/2018,-7,13.6,59,1.8,1472,5.0,0.52,0.1,0.1,Spring,Holiday,No,2179096,329
1680,26/04/2018,10,16.7,47,2.2,1147,5.3,2.26,0.0,0.0,Spring,No Holiday,Yes,4075957,777
1681,9/2/2018,14,4.0,25,0.9,1009,-14.3,1.06,0.0,0.0,Wintr,No Holiday,Yes,2025178,267
1682,6/4/2018,7,5.7,95,3.4,1136,4.9,,,0.0,Spriing,No Holiday,Yes,3284664,603
1683,10/4/2018,21,17.5,70,7.3,1634,11.9,0.0,,0.0,Sproing,No Holiday,Yes,1670717,138
1684,17/09/2018,1,20.5,73,1.9,1693,15.4,0.0,0.0,0.0,Autumn,No Holiday,Yes,2565168,375
1685,16/02/2018,7,-5.4,41,0.3,2000,-16.6,,0.0,0.0,Winter,Holiday,Yes,1109716,36
1686,30/10/2018,5,1.1,68,0.6,2000,-4.1,0.0,0.0,0.0,Autum,No Holiday,Yes,940344,159
1687,15/10/2018,20,15.9,81,2.8,250,12.6,0.0,0.0,0.0,Autum,No Holiday,Yes,8548236,1680
1688,17/01/2018,22,2.8,74,0.5,309,-1.3,0.0,0.0,0.0,Wonter,No Holiday,Yes,2480464,317
1689,25/02/2018,0,-1.1,44,1.2,1741,-11.8,0.0,0.0,0.0,Wonter,No Holiday,Yes,1868850,204
1690,22/08/2018,2,24.2,79,0.6,1882,20.3,0.0,0.0,0.0,Sumer,No Holiday,Yes,2965257,528
1691,16/12/2017,16,-3.3,24,3.5,2000,-21.0,0.54,0.0,0.0,Wintr,No Holiday,Yes,1713563,252
1692,23/12/2017,3,5.4,77,1.6,583,1.6,0.0,0.0,0.0,Wonter,No Holiday,Yes,1974837,233
1693,20/10/2018,-1,12.4,59,1.8,1461,4.6,0.63,,0.1,Spring,No Holiday,Yes,552480,71
1694,15/02/2018,6,-2.6,38,1.0,2000,-15.0,0.0,0.0,0.0,Winter,Holiday,Yes,391325,39
1695,21/03/2018,-4,13.1,58,1.7,1427,3.8,0.53,0.1,0.1,Wonter,No Holiday,No,5285801,938
1696,23/04/2018,13,9.3,95,2.3,419,8.5,0.4,2.5,0.0,Spring,No Holiday,Yes,491643,10
1697,12/12/2017,18,-7.7,36,1.0,2000,-20.2,0.0,0.0,0.0,Wintr,No Holiday,Yes,3060351,526
1698,8/9/2018,8,17.1,57,1.0,1979,8.5,0.76,0.0,0.0,Autmn,No Holiday,Yes,4701628,813
1699,12/1/2018,-8,13.4,60,1.8,1447,3.9,0.55,,0.1,Sproing,Holiday,No,5482425,1008
1700,19/05/2018,23,17.1,37,1.3,2000,2.2,0.0,0.0,0.0,Sprng,No Holiday,Yes,6428789,1188
1701,28/09/2018,20,18.0,67,0.7,2000,11.7,0.0,,0.0,Autumn,No Holiday,No,402568,0
1702,20/10/2018,11,16.2,39,1.6,1580,2.2,2.05,0.0,0.0,Autum,No Holiday,Yes,6411118,1207
1703,8/2/2018,14,0.9,25,2.4,1730,-16.9,2.09,0.0,0.0,Winteer,No Holiday,Yes,1794857,282
1704,1/4/2018,18,17.7,75,2.1,519,13.2,,0.0,0.0,Sprng,No Holiday,Yes,6885738,1296
1705,12/3/2018,21,8.7,49,1.7,464,-1.4,0.0,0.0,0.0,Spring,No Holiday,Yes,4894413,785
1706,18/11/2018,13,9.9,37,2.1,1900,-4.1,1.32,0.0,0.0,Autmn,No Holiday,Yes,4725196,879
1707,25/02/2018,19,3.1,40,2.6,1804,-9.2,0.01,,0.0,Wintr,No Holiday,Yes,2077061,304
1708,24/12/2017,14,3.3,90,2.5,561,1.8,,0.0,0.0,Winteer,Holiday,Yes,841057,31
1709,6/6/2018,18,26.6,52,2.5,1368,15.9,1.09,,0.0,Summr,Holiday,Yes,11595822,2223
1710,21/08/2018,1,28.0,61,3.9,1890,19.7,0.0,0.0,0.0,Summer,No Holiday,Yes,3747216,696
1711,25/12/2017,-7,13.3,59,1.8,1451,4.5,0.61,0.2,0.1,Autmn,Holiday,No,1425159,103
1712,11/7/2018,21,27.3,78,1.2,1606,23.1,0.0,0.0,0.0,Summr,No Holiday,Yes,10702105,1999
1713,19/12/2017,-2,13.3,56,1.7,1472,4.5,0.56,0.3,0.1,Spring,Holiday,Yes,8992030,1669
1714,11/6/2018,14,23.9,47,1.0,2000,11.8,0.97,0.0,0.0,Summr,No Holiday,Yes,5779595,1063
1715,1/12/2017,17,0.8,58,1.6,2000,-6.5,0.08,0.0,0.0,Wintr,No Holiday,Yes,3582326,558
1716,1/11/2018,13,13.6,32,1.8,1814,-2.8,2.22,0.0,0.0,Auttumn,No Holiday,Yes,5660111,966
1717,27/10/2018,-9,11.7,59,1.8,1355,3.1,0.51,0.2,0.1,Sumer,Holiday,No,1702640,158
1718,17/05/2018,1,22.0,97,2.1,192,21.4,0.0,0.5,0.0,Sprng,No Holiday,Yes,975579,127
1719,21/05/2018,22,16.9,65,0.3,1281,10.2,0.0,0.0,0.0,Sproing,No Holiday,Yes,9834437,1859
1720,27/08/2018,-6,13.0,57,1.6,1406,5.4,0.53,0.2,0.1,Spriing,Holiday,Yes,2351988,373
1721,29/09/2018,10,20.8,52,1.5,2000,10.5,1.88,0.0,0.0,Autmn,No Holiday,Yes,6583732,1158
1722,16/09/2018,0,22.8,82,1.5,935,19.5,0.0,0.0,0.0,Autumn,No Holiday,Yes,5550485,965
1723,23/12/2017,19,6.0,76,1.1,219,2.0,,0.0,0.0,Winteer,No Holiday,Yes,1676234,294
1724,8/7/2018,7,18.2,54,1.2,2000,8.7,0.42,0.0,0.0,Summer,No Holiday,Yes,2459655,392
1725,7/9/2018,10,22.6,58,1.8,1962,13.9,2.02,,0.0,Autum,No Holiday,Yes,5192591,948
1726,11/6/2018,16,22.0,60,1.8,2000,13.8,0.14,0.0,0.0,Summr,No Holiday,Yes,6934278,1274
1727,1/8/2018,5,28.3,68,0.3,2000,21.8,0.0,0.0,0.0,Summer,No Holiday,Yes,1857104,290
1728,31/05/2018,14,25.9,43,2.7,1493,12.3,2.97,0.0,0.0,Spriing,No Holiday,Yes,6376482,1173
1729,8/2/2018,10,-6.3,46,1.3,1346,-16.0,1.01,0.0,0.0,Wintr,No Holiday,Yes,1476741,166
1730,8/1/2018,17,2.7,50,2.8,1957,-6.7,,0.0,0.0,Wonter,No Holiday,Yes,2596505,368
1731,28/03/2018,11,15.6,60,3.7,817,7.8,1.44,0.0,0.0,Sprng,No Holiday,Yes,3810841,579
1732,2/8/2018,20,33.9,58,2.4,1519,24.4,0.04,0.0,0.0,Sumer,No Holiday,Yes,8510973,1557
1733,23/10/2018,17,15.7,63,3.2,1118,8.6,0.39,0.0,0.0,Autum,No Holiday,Yes,9070588,1636
1734,28/02/2018,18,3.6,90,2.1,845,2.1,0.0,9.5,0.0,Wonter,No Holiday,Yes,608627,10
1735,27/11/2018,19,9.3,52,2.7,482,0.0,0.0,0.0,0.0,Auttumn,No Holiday,Yes,5841094,1065
1736,25/04/2018,12,19.4,20,1.1,1663,-4.1,3.08,0.0,0.0,Sprng,No Holiday,Yes,6578849,1191
1737,27/12/2017,10,-8.5,29,2.4,1992,-23.4,0.56,0.0,0.0,Winteer,No Holiday,Yes,1577343,161
1738,8/8/2018,-10,13.3,60,1.8,1408,5.1,0.6,0.1,0.1,Autumn,No Holiday,Yes,10189203,1861
1739,17/01/2018,-4,12.5,59,1.8,1424,4.6,0.62,0.2,0.1,Spring,Holiday,Yes,5246176,932
1740,30/04/2018,14,24.0,47,2.3,520,11.9,2.87,0.0,0.0,Sprng,No Holiday,Yes,6094261,1045
1741,1/6/2018,0,20.1,63,1.1,1698,12.8,,0.0,0.0,Summer,No Holiday,Yes,5337668,949
1742,20/03/2018,11,8.4,34,3.6,1966,-6.5,2.36,0.0,0.0,Spriing,No Holiday,Yes,3127352,511
1743,25/03/2018,-9,13.2,56,1.7,1439,5.0,0.51,0.1,0.1,Summer,Holiday,Yes,5247632,885
1744,16/01/2018,4,0.8,65,0.7,502,-5.0,,0.0,0.0,Winter,No Holiday,Yes,907452,51
1745,25/06/2018,6,,81,0.7,604,17.8,0.05,0.0,0.0,Sumer,No Holiday,Yes,4393967,804
1746,5/10/2018,13,16.9,95,1.6,325,16.0,0.48,4.0,0.0,Auttumn,No Holiday,Yes,804910,14
1747,20/08/2018,22,29.0,63,4.2,1776,21.2,0.0,0.0,0.0,Summer,No Holiday,Yes,8384484,1611
1748,6/11/2018,2,9.7,78,0.0,619,6.0,0.0,0.0,0.0,Autumn,No Holiday,No,818332,0
1749,12/12/2017,11,-9.4,42,3.1,1815,-19.9,0.93,0.0,0.0,Winter,No Holiday,Yes,1838937,197
1750,14/06/2018,16,25.0,56,,1723,15.6,1.27,0.0,0.0,Summr,No Holiday,Yes,9063611,1633
1751,18/04/2018,1,8.9,45,2.1,1456,-2.4,0.0,0.0,0.0,Sproing,No Holiday,Yes,2205408,396
1752,28/02/2018,20,2.7,96,1.5,1479,2.1,0.0,0.0,0.0,Wintr,No Holiday,Yes,477407,11
1753,23/12/2017,20,5.9,75,1.5,222,1.7,0.0,0.0,0.0,Wintr,No Holiday,Yes,2076384,263
1754,24/10/2018,14,17.6,39,2.5,1964,3.4,,,0.0,Autmn,No Holiday,Yes,6507040,1161
1755,18/02/2018,22,-0.3,34,1.6,1981,-14.2,0.0,0.0,0.0,Winter,No Holiday,Yes,1469448,192
1756,6/6/2018,4,19.2,68,0.8,1181,13.1,,0.0,0.0,Sumer,Holiday,Yes,2326891,326
1757,31/03/2018,18,16.6,33,2.6,1867,0.2,0.48,0.0,0.0,Sprng,No Holiday,Yes,7468985,1408
1758,20/03/2018,7,3.8,44,4.1,2000,-7.3,0.02,0.0,0.0,Spring,No Holiday,Yes,4042947,680
1759,10/8/2018,5,26.1,83,0.3,1617,22.9,0.0,0.0,0.0,Summer,No Holiday,Yes,2442901,313
1760,30/07/2018,-8,12.1,58,1.7,1386,5.0,0.6,0.2,0.1,Summer,Holiday,Yes,2637374,441
1761,16/12/2017,11,-5.2,30,4.0,1991,-20.1,0.86,0.0,0.0,Wintr,No Holiday,Yes,1754442,241
1762,31/05/2018,16,27.3,38,2.9,1784,11.7,2.41,0.0,0.0,Spriing,No Holiday,Yes,8457166,1517
1763,19/06/2018,18,24.1,57,2.9,1301,15.0,,0.0,0.0,Summmer,No Holiday,Yes,18615095,3693
1764,1/10/2018,16,17.7,47,3.4,2000,6.2,0.81,0.0,0.0,Auttumn,No Holiday,Yes,6938014,1348
1765,24/07/2018,17,34.9,51,2.2,1235,23.2,0.98,0.0,0.0,Summer,No Holiday,Yes,6696715,1307
1766,24/06/2018,14,31.6,34,2.9,1050,13.8,3.12,0.0,0.0,Summmer,No Holiday,Yes,5890344,1110
1767,14/04/2018,4,10.3,72,1.0,2000,5.4,0.0,0.8,0.0,Spriing,No Holiday,Yes,1027980,48
1768,25/01/2018,19,-12.7,33,3.7,2000,-25.6,0.0,0.0,0.5,Wintr,No Holiday,Yes,1307011,216
1769,16/08/2018,20,27.9,47,1.9,2000,15.5,0.01,0.0,0.0,Sumer,No Holiday,Yes,11148908,2143
1770,21/09/2018,19,20.3,81,1.0,2000,16.9,,0.0,0.0,Autmn,No Holiday,Yes,9756279,1778
1771,3/6/2018,-5,12.6,59,1.7,1415,4.3,0.6,0.2,0.1,Summer,Holiday,No,7548473,1325
1772,21/06/2018,6,19.5,80,1.6,709,15.9,,0.0,0.0,Sumer,No Holiday,Yes,4139110,759
1773,12/11/2018,-5,13.2,57,1.7,1449,4.6,0.5,0.2,0.1,Winter,Holiday,Yes,5852661,1127
1774,15/02/2018,3,-1.4,34,2.1,2000,-15.2,0.0,,0.0,Wonter,Holiday,Yes,1131606,77
1775,19/11/2018,16,9.7,43,2.7,1012,-2.2,0.37,,0.0,Autumn,No Holiday,Yes,5539604,992
1776,20/01/2018,17,5.7,53,1.8,276,-3.1,0.22,0.0,0.0,Wintr,No Holiday,Yes,2273464,374
1777,7/6/2018,12,25.0,56,3.0,715,15.6,3.19,0.0,0.0,Summer,No Holiday,Yes,5781749,1088
1778,25/01/2018,1,-16.1,42,2.2,2000,-26.0,0.0,0.0,0.7,Winteer,No Holiday,Yes,1231275,85
1779,27/09/2018,9,17.7,48,1.5,2000,6.5,,0.0,0.0,Autmn,No Holiday,Yes,6191074,1147
1780,17/01/2018,0,3.5,62,0.4,382,-3.1,0.0,0.0,0.0,Winter,No Holiday,Yes,1653987,199
1781,21/07/2018,16,36.8,30,2.8,1756,16.3,2.41,0.0,0.0,Summr,No Holiday,Yes,5043415,939
1782,26/03/2018,18,16.0,33,2.9,1138,-0.2,0.6,,0.0,Spriing,No Holiday,Yes,7982576,1472
1783,30/01/2018,15,-1.6,55,2.5,1891,-9.4,0.64,0.0,0.0,Winteer,No Holiday,Yes,973488,166
1784,30/05/2018,5,18.4,84,0.6,352,15.6,0.0,0.0,0.0,Spriing,No Holiday,Yes,1522073,241
1785,13/08/2018,-3,13.5,60,1.8,1470,3.6,0.53,0.1,0.0,Spring,Holiday,Yes,2602408,478
1786,26/01/2018,7,-17.5,38,3.4,2000,-28.4,0.0,0.0,0.5,Wonter,No Holiday,Yes,1596727,154
1787,26/01/2018,21,-14.1,36,,1869,-25.9,0.0,0.0,0.3,Wintr,No Holiday,Yes,1595761,152
1788,7/1/2018,23,1.1,39,0.6,1422,-11.3,,0.0,0.0,Wintr,No Holiday,Yes,1091146,156
1789,1/6/2018,9,23.1,52,1.7,1012,12.6,1.88,,0.0,Summmer,No Holiday,Yes,6390256,1179
1790,29/11/2018,18,0.0,46,0.9,1566,-4.8,0.0,0.0,0.0,Auttumn,No Holiday,Yes,8849062,1572
1791,23/06/2018,4,21.6,47,0.4,1985,9.7,0.0,0.0,0.0,Summer,No Holiday,Yes,2652357,350
1792,30/05/2018,10,21.4,71,1.7,476,15.9,1.43,0.0,0.0,Sproing,No Holiday,Yes,4674428,877
1793,31/07/2018,10,32.7,43,1.2,2000,18.4,2.31,,0.0,Summr,No Holiday,Yes,4098951,652
1794,24/04/2018,11,14.1,62,1.6,2000,6.9,1.08,0.0,0.0,Spring,No Holiday,Yes,3880309,674
1795,1/2/2018,21,-3.2,47,1.8,1917,-12.9,0.0,0.0,0.0,Wintr,No Holiday,Yes,1590642,264
1796,8/7/2018,13,26.1,45,1.8,2000,13.2,3.33,0.0,0.0,Summer,No Holiday,Yes,7268839,1429
1797,15/01/2018,16,7.5,37,0.9,813,-6.2,0.48,0.0,0.0,Wonter,No Holiday,Yes,2747497,391
1798,29/09/2018,-4,13.2,59,1.7,1406,4.1,0.57,0.2,0.1,Wonter,Holiday,Yes,602941,55
1799,30/10/2018,8,1.4,58,0.9,1883,-5.9,0.15,0.0,0.0,Autumn,No Holiday,Yes,10230117,1966
1800,19/08/2018,8,24.4,58,,2000,15.5,0.45,,0.0,Sumer,No Holiday,Yes,3422231,601
1801,5/12/2017,12,-2.3,25,0.0,1962,-19.7,0.0,0.0,0.0,Wonter,No Holiday,Yes,2658267,339
1802,21/12/2017,12,1.9,40,,1835,-10.3,1.04,0.0,1.9,Wintr,No Holiday,Yes,2255388,309
1803,27/01/2018,4,-15.3,47,0.8,1868,-24.0,0.0,0.0,0.3,Wonter,No Holiday,Yes,474082,35
1804,25/04/2018,9,11.7,32,,1862,-4.4,1.6,0.0,0.0,Sprng,No Holiday,Yes,6117738,1063
1805,9/6/2018,10,25.8,49,,1442,14.2,2.42,0.0,0.0,Summr,No Holiday,Yes,6361835,1181
1806,15/12/2017,9,-5.9,60,0.6,691,-12.4,0.09,0.0,0.0,Winteer,No Holiday,Yes,1909060,352
1807,21/04/2018,-4,11.8,57,1.8,1459,4.9,0.5,0.2,0.1,Autumn,No Holiday,No,836275,113
1808,2/6/2018,13,29.6,24,2.4,1873,6.8,3.42,0.0,0.0,Summr,No Holiday,Yes,6611879,1291
1809,3/3/2018,0,0.5,34,0.4,1889,-13.5,0.0,0.0,0.0,Sproing,No Holiday,Yes,1890697,199
1810,26/09/2018,1,16.6,53,1.7,2000,6.9,0.0,0.0,0.0,Autmn,No Holiday,Yes,3341102,599
1811,18/01/2018,8,1.1,86,1.2,197,-0.9,0.0,0.0,0.0,Winteer,No Holiday,Yes,3502027,538
1812,5/10/2018,6,17.7,55,1.5,2000,8.5,0.0,0.0,0.0,Autmn,No Holiday,Yes,3010284,489
1813,7/3/2018,18,9.6,42,2.0,2000,-2.7,0.14,0.0,0.0,Spriing,No Holiday,Yes,7559757,1325
1814,4/3/2018,23,8.7,91,2.9,957,7.3,0.0,0.0,0.0,Spriing,No Holiday,Yes,771061,8
1815,21/12/2017,2,-2.2,88,1.4,348,-3.9,0.0,0.0,2.2,Wintr,No Holiday,Yes,978653,120
1816,28/06/2018,19,20.9,97,1.0,1747,20.3,0.19,0.0,0.0,Summr,No Holiday,Yes,5370340,929
1817,8/5/2018,2,15.5,65,1.3,1953,8.9,0.0,0.0,0.0,Sproing,No Holiday,Yes,2008305,256
1818,24/03/2018,5,4.7,54,1.3,543,-3.8,0.0,0.0,0.0,Spring,No Holiday,Yes,911984,95
1819,9/6/2018,19,,47,1.8,2000,13.5,,,0.0,Summr,No Holiday,Yes,5918908,1137
1820,19/11/2018,14,10.6,34,,920,-4.6,1.07,0.0,0.0,Autmn,No Holiday,Yes,4071612,790
1821,13/04/2018,1,10.0,23,0.7,2000,-10.2,0.0,0.0,0.0,Sprng,No Holiday,Yes,3062275,433
1822,31/03/2018,-9,12.4,58,1.7,1411,4.5,0.55,0.2,0.1,Sprng,Holiday,No,5794398,1014
1823,9/6/2018,12,28.2,42,1.4,1563,14.0,2.84,0.0,0.0,Summer,No Holiday,Yes,7906539,1457
1824,10/10/2018,2,14.4,91,0.4,402,12.9,0.0,4.5,0.0,Autum,No Holiday,Yes,600138,50
1825,6/4/2018,17,6.3,50,4.4,707,-3.3,0.64,0.0,0.0,Sproing,No Holiday,Yes,4795796,772
1826,4/9/2018,6,20.0,97,0.0,647,19.5,,,0.0,Autumn,No Holiday,Yes,4045966,616
1827,9/5/2018,1,11.3,58,1.3,2000,3.3,,0.0,0.0,Spriing,No Holiday,Yes,917560,152
1828,22/05/2018,6,15.5,0,,1691,10.4,0.06,0.0,0.0,Sproing,Holiday,Yes,1955295,263
1829,11/1/2018,2,-10.9,57,2.7,1900,-17.7,0.0,0.0,0.0,Winter,No Holiday,Yes,640505,80
1830,15/11/2018,5,5.3,78,,952,1.7,0.0,0.0,0.0,Autumn,No Holiday,Yes,1667761,181
1831,3/5/2018,-8,12.6,56,1.8,1427,3.0,,0.2,0.1,Summmer,No Holiday,No,13098198,2488
1832,27/11/2018,10,6.4,71,1.0,385,1.5,,0.0,0.0,Auttumn,No Holiday,Yes,3996629,627
1833,19/03/2018,1,6.7,84,0.8,320,4.1,0.0,,0.0,Spriing,No Holiday,Yes,278493,26
1834,18/07/2018,11,30.2,53,2.2,1143,19.5,2.77,0.0,0.0,Sumer,No Holiday,Yes,3993587,710
1835,22/01/2018,2,-0.2,33,1.4,2000,-14.5,0.0,,0.0,Winteer,No Holiday,Yes,1214900,75
1836,13/02/2018,5,-6.7,64,1.6,1981,-12.3,0.0,0.0,0.0,Wonter,No Holiday,Yes,729475,62
1837,29/04/2018,23,15.2,51,1.0,858,5.1,0.0,0.0,0.0,Spring,No Holiday,Yes,4764908,837
1838,9/5/2018,11,17.6,40,1.4,1955,3.8,2.88,0.0,0.0,Spriing,No Holiday,Yes,5684963,979
1839,5/2/2018,9,-11.1,38,2.4,1945,-22.6,0.43,0.0,0.0,Wonter,No Holiday,Yes,1358235,229
1840,11/3/2018,8,2.8,82,1.2,240,0.0,0.19,0.0,0.0,Sprng,No Holiday,Yes,1475567,233
1841,1/4/2018,7,12.5,62,0.4,1003,5.4,0.0,0.0,0.0,Sprng,No Holiday,Yes,1831363,175
1842,24/01/2018,6,-15.7,29,2.5,2000,-29.7,,0.0,0.9,Wonter,No Holiday,Yes,534017,65
1843,31/10/2018,13,11.2,34,2.6,1940,-4.1,2.26,0.0,0.0,Autmn,No Holiday,Yes,5218864,1009
1844,14/10/2018,20,14.4,61,2.3,1945,6.9,0.0,0.0,0.0,Autumn,No Holiday,Yes,7395263,1293
1845,29/11/2018,12,5.6,27,0.3,1522,-11.9,0.34,0.0,0.0,Autumn,No Holiday,Yes,3902063,653
1846,12/12/2017,21,-8.8,43,1.4,1999,-19.1,0.0,,0.0,Wintr,No Holiday,Yes,2049637,282
1847,18/04/2018,14,18.9,15,1.8,1822,-8.3,3.17,0.0,0.0,Spring,No Holiday,Yes,5315615,998
1848,16/08/2018,10,31.9,51,2.2,1939,20.4,2.04,0.0,0.0,Summmer,No Holiday,Yes,3758248,627
1849,19/03/2018,16,8.9,63,3.0,1614,2.2,0.28,0.0,0.0,Sproing,No Holiday,Yes,1700745,254
1850,29/03/2018,-2,13.1,58,1.7,1466,3.7,0.6,,0.1,Sprng,Holiday,No,1801369,252
1851,11/10/2018,19,11.1,43,2.0,2000,-1.0,0.0,0.0,0.0,Auttumn,No Holiday,Yes,8771644,1652
1852,15/10/2018,17,19.3,49,2.8,966,8.3,0.55,0.0,0.0,Auttumn,No Holiday,Yes,10405185,1905
1853,1/8/2018,18,37.8,47,3.8,1931,24.5,1.09,0.0,0.0,Summer,No Holiday,Yes,10446599,1901
1854,10/12/2017,-10,13.5,58,1.8,1466,3.7,0.58,0.1,0.1,Summr,Holiday,Yes,12726315,2502
1855,12/9/2018,4,18.0,59,1.5,2000,9.8,0.0,0.0,0.0,Auttumn,No Holiday,Yes,1253097,210
1856,6/4/2018,19,4.8,48,,1126,-5.3,0.17,0.0,0.0,Spriing,No Holiday,Yes,3972708,714
1857,28/12/2017,20,-0.3,62,1.3,1040,-6.7,0.0,0.0,0.0,Winteer,No Holiday,Yes,2209629,324
1858,6/11/2018,-10,12.1,57,1.7,1377,5.4,0.54,0.2,0.1,Wonter,No Holiday,Yes,11577848,2194
1859,5/2/2018,7,-11.6,44,1.6,2000,-21.4,0.0,0.0,0.0,Wonter,No Holiday,Yes,1311585,218
1860,12/6/2018,19,23.1,58,2.4,1997,14.3,0.59,0.0,0.0,Summr,No Holiday,Yes,15691708,2942
1861,9/10/2018,3,,66,0.9,2000,4.8,0.0,0.0,0.0,Auttumn,Holiday,No,319961,0
1862,14/09/2018,18,25.7,57,1.5,2000,16.5,,0.0,0.0,Autum,No Holiday,Yes,14912402,2829
1863,14/11/2018,20,10.5,52,1.4,1153,1.0,0.0,0.0,0.0,Autmn,No Holiday,Yes,6575227,1289
1864,24/02/2018,-4,13.2,59,1.8,1423,4.2,0.54,0.1,0.1,Spriing,No Holiday,No,366984,2
1865,23/05/2018,-8,12.5,57,1.7,1409,3.8,0.55,0.1,0.1,Sumer,Holiday,Yes,13827703,2628
1866,5/4/2018,23,7.1,96,1.3,1497,6.5,0.0,0.5,0.0,Sprng,No Holiday,Yes,856951,75
1867,11/10/2018,8,7.0,56,3.1,1971,-1.1,0.44,0.0,0.0,Auttumn,No Holiday,Yes,11685618,2172
1868,20/11/2018,21,8.8,37,3.8,1750,-5.1,0.0,0.0,0.0,Auttumn,No Holiday,Yes,5479213,1047
1869,19/11/2018,13,10.8,44,2.0,935,-0.9,1.01,0.0,0.0,Autumn,No Holiday,Yes,4812932,816
1870,22/12/2017,15,6.5,55,0.9,801,-1.9,0.38,0.0,0.0,Winter,Holiday,Yes,2744473,388
1871,17/02/2018,2,-3.8,30,3.9,2000,-18.8,0.0,0.0,0.0,Winteer,Holiday,Yes,1223420,60
1872,23/12/2017,8,5.1,83,0.9,297,2.4,0.0,0.0,0.0,Winteer,No Holiday,Yes,1129014,183
1873,17/08/2018,14,32.7,27,2.0,1964,11.2,3.21,0.0,0.0,Summr,No Holiday,Yes,4894447,830
1874,20/08/2018,12,31.7,45,2.5,1814,18.3,1.96,0.0,0.0,Summmer,No Holiday,Yes,5022550,807
1875,7/11/2018,22,13.2,74,1.4,1407,8.6,0.0,,0.0,Auttumn,No Holiday,Yes,5799297,1070
1876,22/01/2018,14,3.3,73,0.4,744,-1.0,,0.0,0.0,Winteer,No Holiday,Yes,1733744,241
1877,23/10/2018,16,,70,1.3,898,10.6,0.83,0.0,0.0,Autum,No Holiday,Yes,6889044,1334
1878,9/2/2018,21,2.9,63,1.0,786,-3.4,0.0,0.0,0.0,Wonter,No Holiday,Yes,1510725,253
1879,12/10/2018,0,8.2,61,1.3,2000,1.1,0.0,0.0,0.0,Auttumn,No Holiday,Yes,4490199,736
1880,7/11/2018,21,13.5,75,0.8,1275,9.1,0.0,0.0,0.0,Autum,No Holiday,Yes,6426763,1087
1881,7/12/2017,15,4.0,35,3.1,1962,-10.1,0.84,0.0,0.0,Winter,No Holiday,Yes,2812221,432
1882,14/02/2018,12,6.9,67,3.9,986,1.1,0.42,0.0,0.0,Wintr,No Holiday,Yes,1982473,293
1883,14/01/2018,10,-2.1,72,1.7,489,-6.4,,0.0,0.0,Winteer,No Holiday,Yes,1332421,148
1884,25/05/2018,22,18.3,54,1.7,1394,8.8,0.0,0.0,0.0,Spriing,No Holiday,Yes,8579173,1686
1885,24/05/2018,16,23.5,36,4.0,1763,7.5,2.42,0.0,0.0,Spring,No Holiday,Yes,7415798,1455
1886,3/2/2018,0,-2.5,69,2.2,1366,-7.4,0.0,0.0,0.0,Winter,No Holiday,Yes,1273006,173
1887,19/04/2018,7,7.7,48,0.4,1110,-2.6,,0.0,0.0,Spring,No Holiday,Yes,2101950,334
1888,7/4/2018,7,1.9,51,4.9,1297,-7.1,0.07,0.0,0.0,Sproing,No Holiday,Yes,1627723,215
1889,30/01/2018,13,-1.3,35,2.0,1893,-14.8,1.18,0.0,0.0,Wonter,No Holiday,Yes,1982828,219
1890,26/07/2018,20,31.0,68,1.4,1162,24.3,0.05,0.0,0.0,Summer,No Holiday,Yes,10155832,1842
1891,23/02/2018,4,1.1,96,2.5,241,0.5,0.0,0.0,3.9,Winteer,No Holiday,Yes,718624,22
1892,5/4/2018,6,7.5,94,,511,6.5,0.0,0.4,0.0,Sproing,No Holiday,Yes,974441,34
1893,27/04/2018,16,23.2,33,2.4,869,6.0,2.12,0.0,0.0,Sprng,No Holiday,Yes,7605883,1453
1894,5/1/2018,17,,45,3.3,1827,-11.0,0.24,0.0,0.0,Wintr,No Holiday,Yes,2430526,457
1895,28/08/2018,2,23.2,88,0.6,2000,21.0,,0.0,0.0,Summmer,No Holiday,Yes,2761171,504
1896,27/01/2018,0,-15.0,42,1.2,1766,-25.0,0.0,0.0,0.3,Wonter,No Holiday,Yes,1199688,81
1897,4/10/2018,-10,12.7,58,1.8,1410,4.5,0.56,0.2,0.1,Auttumn,No Holiday,Yes,6258279,1127
1898,30/06/2018,7,22.5,86,0.6,299,20.0,0.07,0.0,0.0,Summr,No Holiday,Yes,3356580,479
1899,13/02/2018,4,-6.4,62,1.8,1978,-12.4,0.0,0.0,0.0,Wintr,No Holiday,Yes,1215447,47
1900,19/04/2018,18,19.1,31,3.0,958,1.5,0.7,0.0,0.0,Spring,No Holiday,Yes,11288935,2179
1901,11/3/2018,22,5.3,31,2.3,1842,-10.5,0.0,0.0,0.0,Spring,No Holiday,Yes,2948008,455
1902,9/1/2018,5,-5.1,48,3.2,1821,-14.4,0.0,0.0,0.9,Winter,No Holiday,Yes,765801,51
1903,19/04/2018,22,13.4,49,,1326,2.8,0.0,,0.0,Sproing,No Holiday,Yes,6233255,1053
1904,29/04/2018,1,11.2,57,1.6,1533,2.9,0.0,0.0,0.0,Sprng,No Holiday,Yes,3520870,544
1905,20/01/2018,5,-0.3,62,0.6,862,-6.7,0.0,0.0,0.0,Wintr,No Holiday,Yes,1131626,37
1906,19/02/2018,15,6.3,35,2.6,991,-8.0,1.2,0.0,0.0,Winter,No Holiday,Yes,2500804,422
1907,1/12/2017,13,2.4,25,1.6,2000,-15.6,1.16,0.0,0.0,Wonter,No Holiday,Yes,2371178,444
1908,21/08/2018,23,25.6,75,0.1,1892,20.8,0.0,,0.0,Summmer,No Holiday,Yes,6770799,1282
1909,27/09/2018,1,16.1,53,1.4,2000,6.5,0.0,,0.0,Auttumn,No Holiday,Yes,2957315,523
1910,17/11/2018,1,3.4,76,0.5,909,-0.4,0.0,0.0,0.0,Autumn,No Holiday,Yes,3185521,615
1911,31/03/2018,7,9.5,72,0.2,1017,4.6,0.04,0.0,0.0,Sprng,No Holiday,Yes,1509479,272
1912,14/07/2018,16,31.7,55,2.3,1895,21.5,2.16,0.0,0.0,Sumer,No Holiday,Yes,6338086,1214
1913,18/09/2018,5,17.9,77,0.5,1658,13.8,0.0,0.0,0.0,Auttumn,No Holiday,No,884186,0
1914,14/11/2018,21,9.8,52,0.5,1255,0.3,0.0,0.0,0.0,Autum,No Holiday,Yes,7160538,1246
1915,7/7/2018,18,27.8,48,1.2,2000,15.7,0.91,0.0,0.0,Summer,No Holiday,Yes,11641631,2234
1916,24/08/2018,6,24.9,88,1.1,2000,22.7,0.0,0.5,0.0,Summr,No Holiday,Yes,1558537,181
1917,11/9/2018,-1,12.2,60,1.8,1435,3.8,0.56,0.2,0.1,Spring,Holiday,Yes,7526593,1353
1918,16/02/2018,6,-5.2,42,0.7,1980,-16.1,0.0,0.0,0.0,Wonter,Holiday,Yes,369865,38
1919,3/3/2018,3,0.8,38,0.8,1594,-11.9,0.0,0.0,0.0,Spring,No Holiday,Yes,1741054,149
1920,14/02/2018,-8,12.9,60,1.8,1427,3.1,0.69,0.1,0.0,Sprng,No Holiday,Yes,10202597,1846
1921,18/09/2018,2,18.8,74,0.2,1866,14.0,,0.0,0.0,Auttumn,No Holiday,No,341640,0
1922,28/02/2018,2,5.2,54,1.3,516,-3.3,0.0,0.0,0.0,Wonter,No Holiday,Yes,1735035,161
1923,24/06/2018,12,28.9,40,2.3,809,13.9,3.15,0.0,0.0,Summmer,No Holiday,Yes,5974890,1099
1924,6/11/2018,0,10.0,73,0.5,700,5.3,0.0,0.0,0.0,Autum,No Holiday,No,646705,4
1925,16/03/2018,17,11.2,30,1.5,2000,-5.7,1.44,0.0,0.0,Sprng,No Holiday,Yes,6598616,1200
1926,23/07/2018,8,30.0,56,0.9,2000,20.2,0.54,0.0,0.0,Summer,No Holiday,Yes,10369421,1919
1927,10/7/2018,12,24.1,80,0.8,2000,20.4,0.72,0.0,0.0,Summer,No Holiday,Yes,6268228,1058
1928,12/4/2018,0,9.5,40,2.4,1987,-3.4,0.0,0.0,0.0,Spriing,No Holiday,Yes,3071876,550
1929,15/04/2018,6,5.6,85,1.2,769,3.2,0.0,0.0,0.0,Spriing,No Holiday,Yes,990723,107
1930,22/09/2018,21,19.4,55,0.8,2000,10.1,0.0,0.0,0.0,Autum,No Holiday,Yes,8071091,1587
1931,6/4/2018,21,4.0,67,3.0,794,-1.5,0.0,0.0,0.0,Sproing,No Holiday,Yes,3076657,481
1932,4/4/2018,8,10.3,86,2.5,2000,8.0,0.15,,0.0,Spriing,No Holiday,Yes,7043098,1302
1933,15/04/2018,1,7.1,78,3.6,1662,3.5,0.0,0.0,0.0,Spring,No Holiday,Yes,2545174,377
1934,11/1/2018,10,-11.1,46,,1638,-20.4,0.48,0.0,0.0,Wintr,No Holiday,Yes,806314,134
1935,10/9/2018,19,24.4,47,2.0,2000,12.3,0.05,0.0,0.0,Auttumn,No Holiday,Yes,13080980,2504
1936,27/07/2018,20,,73,2.8,1310,25.2,0.04,0.0,0.0,Sumer,No Holiday,Yes,8565543,1625
1937,6/9/2018,17,26.6,63,3.0,2000,18.9,0.43,0.0,0.0,Autmn,No Holiday,Yes,8183932,1588
1938,23/03/2018,10,,64,1.6,637,-0.8,1.7,0.0,0.0,Sproing,No Holiday,Yes,3114752,461
1939,11/9/2018,0,20.1,52,1.5,2000,9.9,0.0,0.0,0.0,Autumn,No Holiday,Yes,5650946,1004
1940,3/9/2018,3,24.2,70,0.3,2000,18.3,0.0,0.0,0.0,Autumn,No Holiday,Yes,2026926,207
1941,20/07/2018,-2,,59,1.7,1394,4.4,,0.2,0.1,Autmn,No Holiday,No,1436381,182
1942,23/07/2018,6,29.2,58,1.7,2000,20.0,,0.0,0.0,Summer,No Holiday,Yes,4414151,705
1943,25/06/2018,3,22.0,83,0.5,684,18.9,,0.0,0.0,Summmer,No Holiday,Yes,1310652,240
1944,14/12/2017,11,-6.1,38,1.0,1587,-18.1,0.52,,0.0,Wintr,No Holiday,Yes,1846445,242
1945,21/01/2018,15,5.4,20,2.2,1890,-15.8,0.8,0.0,0.0,Winteer,No Holiday,Yes,2096324,371
1946,18/11/2018,9,3.5,53,1.0,1338,-5.2,0.22,0.0,0.0,Autmn,No Holiday,Yes,2520777,463
1947,18/09/2018,15,26.1,43,2.8,1785,12.5,1.62,0.0,0.0,Autmn,No Holiday,No,509968,0
1948,9/2/2018,13,2.6,27,,1120,-14.5,,0.0,0.0,Wintr,No Holiday,Yes,1653157,257
1949,19/10/2018,22,12.3,65,1.7,2000,5.8,0.0,0.0,0.0,Autmn,No Holiday,Yes,7058134,1320
1950,28/12/2017,-10,13.6,60,1.8,1470,4.2,0.5,0.1,0.1,Autumn,Holiday,No,8110378,1542
1951,17/09/2018,4,20.0,81,2.0,1313,16.6,0.0,0.0,0.0,Autumn,No Holiday,Yes,1076930,176
1952,15/02/2018,3,-1.4,34,2.1,2000,-15.2,0.0,,0.0,Wonter,Holiday,Yes,1131606,77
1953,29/07/2018,-4,13.7,58,1.8,1440,3.8,0.63,0.1,0.0,Spriing,No Holiday,No,1268767,109
1954,21/03/2018,3,1.3,40,2.1,2000,-10.8,0.0,0.0,0.0,Sproing,No Holiday,Yes,792711,91
1955,16/02/2018,14,4.2,18,3.3,1976,-18.0,2.25,0.0,0.0,Wintr,Holiday,Yes,1303530,180
1956,18/05/2018,20,16.2,76,2.1,2000,11.9,0.02,,0.0,Spriing,No Holiday,Yes,7551798,1426
1957,5/3/2018,6,4.2,87,2.0,1979,2.2,0.0,2.0,0.0,Spring,No Holiday,Yes,671492,10
1958,1/7/2018,6,22.3,93,0.6,1262,21.1,0.01,0.4,0.0,Sumer,No Holiday,Yes,839704,67
1959,30/03/2018,6,10.3,70,1.2,555,5.0,0.0,0.0,0.0,Spring,No Holiday,Yes,1768413,283
1960,20/06/2018,7,20.0,77,1.7,595,15.8,0.29,0.0,0.0,Summmer,No Holiday,Yes,8720927,1656
1961,6/6/2018,23,,77,3.1,797,15.9,0.0,0.0,0.0,Summr,Holiday,Yes,6339380,1202
1962,3/10/2018,14,23.4,35,1.6,1972,7.0,2.51,0.0,0.0,Autmn,Holiday,Yes,10793341,1959
1963,20/08/2018,16,,45,2.8,1928,18.8,0.98,0.0,0.0,Summr,No Holiday,Yes,7288151,1276
1964,26/09/2018,3,16.5,57,1.6,2000,7.9,,0.0,0.0,Autmn,No Holiday,Yes,2025301,342
1965,10/8/2018,11,31.9,53,1.2,2000,21.1,2.33,0.0,0.0,Sumer,No Holiday,Yes,3884296,704
1966,20/10/2018,16,20.9,20,2.0,1976,-2.9,1.35,0.0,0.0,Autum,No Holiday,Yes,10105247,1901
1967,17/06/2018,8,21.1,70,0.3,766,15.4,0.9,0.0,0.0,Sumer,No Holiday,Yes,3787860,704
1968,8/12/2017,9,-6.7,50,0.9,1492,-15.4,0.23,0.0,0.0,Wonter,No Holiday,Yes,3027669,430
1969,14/08/2018,16,36.3,41,2.4,1957,20.9,1.85,0.0,0.0,Summer,No Holiday,Yes,5354434,974
1970,30/10/2018,11,7.5,36,1.4,1993,-6.6,1.98,0.0,0.0,Autmn,No Holiday,Yes,4480566,729
1971,5/4/2018,9,6.8,89,2.9,2000,5.1,0.07,0.0,0.0,Sproing,No Holiday,Yes,795450,130
1972,7/4/2018,6,1.7,58,3.8,1189,-5.6,0.0,0.0,0.0,Sproing,No Holiday,Yes,958580,126
1973,2/9/2018,11,26.5,44,1.4,1958,13.2,2.62,0.0,0.0,Autmn,No Holiday,Yes,5422350,930
1974,15/04/2018,20,10.3,62,,1749,3.3,0.0,0.0,0.0,Sproing,No Holiday,Yes,2275614,319
1975,11/12/2017,6,-5.9,39,2.9,1979,-17.6,0.0,,0.0,Winteer,No Holiday,Yes,1117822,117
1976,15/01/2018,-4,13.8,59,1.7,1423,4.0,0.64,0.1,0.1,Wintr,Holiday,No,1639646,238
1977,2/9/2018,20,26.9,56,1.6,2000,17.3,0.0,0.0,0.0,Auttumn,No Holiday,Yes,9918697,1821
1978,14/01/2018,14,3.7,53,0.6,592,-5.0,,0.0,0.0,Winteer,No Holiday,Yes,2264372,279
1979,7/11/2018,4,10.6,95,0.7,94,9.8,0.0,0.0,0.0,Autumn,No Holiday,Yes,425587,40
1980,7/11/2018,15,15.4,72,1.1,608,10.3,,0.0,0.0,Auttumn,No Holiday,Yes,4480589,839
1981,23/09/2018,0,17.2,69,0.6,2000,11.4,0.0,0.0,0.0,Autum,Holiday,Yes,4928258,819
1982,7/3/2018,20,8.5,46,1.0,1977,-2.4,0.0,,0.0,Spriing,No Holiday,Yes,3544052,629
1983,31/12/2017,9,-1.9,82,1.6,410,-4.5,0.15,0.0,1.2,Winter,Holiday,Yes,1168637,115
1984,14/08/2018,10,31.7,57,1.3,1875,22.1,1.25,0.0,0.0,Sumer,No Holiday,Yes,3469861,645
1985,1/9/2018,11,27.6,47,1.2,2000,15.2,2.63,0.0,0.0,Autumn,No Holiday,Yes,5734632,999
1986,30/08/2018,21,24.8,72,1.4,1298,19.4,0.0,0.0,0.0,Sumer,No Holiday,Yes,8826557,1722
1987,10/5/2018,16,19.6,54,3.9,1154,10.0,2.41,0.0,0.0,Spriing,No Holiday,No,212398,0
1988,16/01/2018,23,3.9,60,0.9,379,-3.1,0.0,0.0,0.0,Wintr,No Holiday,Yes,2091842,239
1989,20/09/2018,21,18.7,84,2.7,1744,15.9,0.0,0.0,0.0,Autum,No Holiday,Yes,4621141,785
1990,19/02/2018,11,4.3,44,2.3,1091,-6.9,,0.0,0.0,Winteer,No Holiday,Yes,2525634,318
1991,16/02/2018,-8,11.9,57,1.8,1390,4.5,0.57,0.2,0.0,Autum,Holiday,No,2176708,285
1992,7/1/2018,21,1.2,39,0.6,1378,-11.2,0.0,0.0,0.0,Winter,No Holiday,Yes,1955784,239
1993,11/11/2018,2,7.9,85,1.1,275,5.5,0.0,0.0,0.0,Autum,No Holiday,Yes,2783389,375
1994,1/2/2018,-9,13.4,57,1.6,1402,4.0,0.55,0.2,0.1,Summr,Holiday,Yes,3438229,658
1995,6/11/2018,18,14.0,71,1.5,201,8.8,0.01,0.0,0.0,Autumn,No Holiday,No,238962,0
1996,5/11/2018,13,16.8,46,1.1,760,5.0,1.71,0.0,0.0,Autum,No Holiday,Yes,5900181,1039
1997,6/12/2017,18,1.7,90,1.0,66,0.2,0.0,,0.3,Wintr,No Holiday,Yes,1774222,196
1998,9/1/2018,6,-5.6,52,3.7,1785,-13.9,0.0,0.0,0.9,Winteer,No Holiday,Yes,1436434,121
1999,6/1/2018,6,-6.5,67,0.7,1175,-11.6,0.0,0.0,0.0,Wonter,No Holiday,Yes,974661,65
2000,20/02/2018,22,0.5,22,2.9,2000,-18.8,0.0,0.0,0.0,Winter,No Holiday,Yes,1904064,317
2001,18/10/2018,16,18.5,40,1.8,2000,4.6,1.28,,0.0,Autum,No Holiday,Yes,8248687,1479
2002,28/11/2018,9,3.0,30,1.3,1242,-12.9,0.3,0.0,0.0,Autumn,No Holiday,Yes,4908733,798
2003,14/06/2018,13,22.8,67,1.2,930,16.3,1.55,0.0,0.0,Summer,No Holiday,Yes,6238899,1092
2004,18/05/2018,16,17.0,82,1.9,2000,13.8,0.84,0.0,0.0,Sproing,No Holiday,Yes,6498564,1203
2005,25/04/2018,22,15.2,35,1.2,1999,-0.1,0.0,0.0,0.0,Sproing,No Holiday,Yes,7846690,1455
2006,9/11/2018,22,11.2,75,1.7,478,6.9,0.0,0.0,0.0,Autum,No Holiday,No,822828,0
2007,24/02/2018,10,0.8,60,,497,-6.0,0.71,0.0,0.0,Wintr,No Holiday,Yes,1504510,269
2008,30/06/2018,8,23.4,81,0.5,313,19.9,0.37,0.0,0.0,Summr,No Holiday,Yes,4590850,808
2009,5/8/2018,21,29.3,75,3.6,1674,24.4,0.0,0.0,0.0,Summmer,No Holiday,Yes,8129965,1486
2010,19/04/2018,10,14.7,29,1.7,1070,-3.1,2.07,0.0,0.0,Spring,No Holiday,Yes,1603239,137
2011,26/08/2018,0,22.8,78,1.5,2000,18.7,0.0,0.0,0.0,Summmer,No Holiday,Yes,6402549,1201
2012,13/05/2018,10,15.2,88,2.2,1090,13.2,,0.0,0.0,Sprng,No Holiday,Yes,4218748,726
2013,13/02/2018,3,,61,1.3,1992,-12.5,0.0,0.0,0.0,Winter,No Holiday,Yes,605200,63
2014,12/3/2018,3,2.3,48,0.8,1448,-7.6,0.0,0.0,0.0,Sprng,No Holiday,Yes,488769,54
2015,24/12/2017,16,2.3,91,3.3,270,0.9,0.07,0.0,0.0,Winter,Holiday,Yes,750154,48
2016,17/08/2018,-3,12.6,57,1.7,1407,3.4,,0.2,0.1,Sprng,No Holiday,No,7960544,1434
2017,12/6/2018,9,21.1,60,0.9,1998,13.0,2.18,0.0,0.0,Summer,No Holiday,Yes,7685234,1352
2018,27/06/2018,8,19.7,97,1.5,200,19.2,,0.0,0.0,Summmer,No Holiday,Yes,10647795,1991
2019,16/05/2018,4,22.3,86,0.5,387,19.8,0.0,0.0,0.0,Sprng,No Holiday,Yes,804634,125
2020,28/10/2018,-5,13.3,57,1.6,1467,4.6,0.57,0.2,0.1,Summer,Holiday,Yes,1411605,245
2021,6/3/2018,-1,12.7,58,1.7,1382,4.8,0.57,0.2,0.1,Spring,No Holiday,Yes,2322938,369
2022,10/4/2018,1,9.0,44,1.0,1314,-2.6,0.0,0.0,0.0,Spriing,No Holiday,Yes,2171741,376
2023,17/12/2017,7,-10.2,42,2.3,2000,-20.6,0.0,0.0,0.0,Wintr,No Holiday,Yes,934520,47
2024,4/8/2018,1,29.9,61,1.1,1745,21.5,0.0,0.0,0.0,Summer,No Holiday,Yes,4835822,832
2025,5/4/2018,10,7.1,87,2.9,2000,5.0,0.15,,0.0,Spriing,No Holiday,Yes,893942,93
2026,15/01/2018,-9,13.5,59,1.8,1400,4.0,0.57,0.2,0.1,Winter,Holiday,Yes,9892687,1906
2027,26/09/2018,5,16.3,61,1.5,2000,8.7,0.0,0.0,0.0,Auttumn,No Holiday,Yes,1290719,168
2028,11/7/2018,14,29.2,67,2.8,1725,22.4,1.13,0.0,0.0,Summmer,No Holiday,Yes,6105584,1108
2029,20/04/2018,18,24.7,33,2.3,687,7.3,0.78,0.0,0.0,Spriing,No Holiday,Yes,11686493,2287
2030,30/06/2018,14,27.5,69,0.5,736,21.2,,0.0,0.0,Sumer,No Holiday,Yes,6709645,1255
2031,17/03/2018,23,6.4,59,1.1,961,-1.0,0.0,0.0,0.0,Sproing,No Holiday,Yes,2648357,460
2032,7/10/2018,19,16.6,36,1.4,2000,1.4,0.0,0.0,0.0,Autum,No Holiday,Yes,9652903,1759
2033,8/2/2018,6,-9.3,61,0.7,1684,-15.4,,0.0,0.0,Wintr,No Holiday,Yes,1341090,103
2034,21/09/2018,14,21.4,76,,2000,16.9,1.5,0.5,0.0,Autum,No Holiday,Yes,5626006,958
2035,24/05/2018,12,22.1,36,5.3,1696,6.3,3.2,0.0,0.0,Spring,No Holiday,Yes,6518883,1131
2036,28/10/2018,16,12.2,65,1.9,2000,5.8,0.52,0.0,0.0,Autmn,No Holiday,Yes,2262343,428
2037,5/6/2018,3,19.1,72,0.6,1370,13.9,0.0,,0.0,Summmer,No Holiday,Yes,2561747,336
2038,17/11/2018,16,8.3,35,2.1,1987,-6.2,0.37,0.0,0.0,Autumn,No Holiday,Yes,5753229,1023
2039,29/12/2017,9,1.2,67,,591,-4.2,0.06,0.0,0.0,Wonter,No Holiday,Yes,2217312,339
2040,13/07/2018,4,24.8,86,2.1,1103,22.2,0.0,0.0,0.0,Summmer,No Holiday,Yes,1810214,231
2041,20/10/2018,23,11.7,58,0.0,1567,3.6,0.0,0.0,0.0,Auttumn,No Holiday,Yes,5559809,939
2042,22/07/2018,12,35.5,39,1.9,1803,19.4,3.05,0.0,0.0,Summer,No Holiday,Yes,3814188,567
2043,13/12/2017,4,-11.4,58,1.3,1907,-18.0,0.0,0.0,0.0,Winteer,No Holiday,Yes,740955,42
2044,24/05/2018,13,23.3,35,3.7,1874,6.9,3.28,0.0,0.0,Spring,No Holiday,Yes,6110825,1093
2045,23/12/2017,4,5.3,79,0.9,506,1.9,0.0,0.0,0.0,Winteer,No Holiday,Yes,1443715,130
2046,30/10/2018,7,1.3,65,1.2,2000,-4.5,0.0,0.0,0.0,Autmn,No Holiday,Yes,6025575,1028
2047,24/10/2018,5,8.5,87,1.2,1046,6.4,0.0,0.0,0.0,Autumn,No Holiday,Yes,1135878,160
2048,29/07/2018,11,33.6,46,1.7,1965,20.3,2.6,0.0,0.0,Sumer,No Holiday,Yes,2823969,511
2049,14/08/2018,11,32.4,54,1.9,1962,21.8,,0.0,0.0,Sumer,No Holiday,Yes,4244676,689
2050,19/08/2018,18,,41,1.9,2000,17.3,0.62,0.0,0.0,Summr,No Holiday,Yes,10066126,1869
2051,19/01/2018,10,0.0,29,1.3,1592,-15.9,0.52,0.0,0.0,Wintr,No Holiday,Yes,2265917,291
2052,27/11/2018,20,8.3,39,1.6,560,-4.8,0.0,0.0,0.0,Autumn,No Holiday,Yes,4741165,835
2053,17/10/2018,15,18.3,21,2.7,2000,-4.4,2.02,0.0,0.0,Autmn,No Holiday,Yes,6302390,1225
2054,31/03/2018,23,12.4,63,1.3,1201,5.5,0.0,0.0,0.0,Spring,No Holiday,Yes,3876314,693
2055,6/4/2018,6,6.1,96,2.1,798,5.5,0.0,0.0,0.0,Spring,No Holiday,Yes,1816678,174
2056,28/09/2018,22,17.1,70,1.0,2000,11.5,0.0,0.0,0.0,Autmn,No Holiday,No,564974,0
2057,18/07/2018,2,25.2,82,0.4,791,21.9,0.0,0.0,0.0,Summr,No Holiday,Yes,3562880,552
2058,1/5/2018,19,,68,1.5,610,15.0,0.16,0.0,0.0,Sprng,Holiday,Yes,9287146,1742
2059,23/01/2018,-4,12.7,59,1.7,1404,3.7,0.51,0.1,0.1,Auttumn,No Holiday,No,718624,22
2060,29/01/2018,3,-9.8,43,2.8,1963,-20.0,0.0,0.0,0.0,Winteer,No Holiday,Yes,629999,24
2061,1/1/2018,12,1.5,20,2.8,1992,-19.0,1.03,0.0,0.0,Wintr,Holiday,Yes,1856170,224
2062,13/07/2018,17,30.1,65,1.8,1923,22.7,1.36,0.0,0.0,Summer,No Holiday,Yes,10099403,1836
2063,4/6/2018,8,22.1,44,1.4,1435,9.2,1.16,0.0,0.0,Summmer,No Holiday,Yes,11435640,2243
2064,17/09/2018,-1,13.0,58,1.8,1411,3.8,0.56,0.2,0.1,Winter,No Holiday,Yes,1417816,129
2065,16/02/2018,1,-3.6,35,2.0,1943,-16.8,,,0.0,Winter,Holiday,Yes,560445,62
2066,10/4/2018,12,20.5,37,4.6,1761,5.2,2.94,0.0,0.0,Spring,No Holiday,Yes,5609920,1080
2067,7/8/2018,16,35.4,45,2.6,1529,21.6,1.84,0.0,0.0,Sumer,No Holiday,Yes,4644498,846
2068,1/4/2018,14,17.5,67,,832,11.2,,0.0,0.0,Sprng,No Holiday,Yes,6437916,1167
2069,24/02/2018,-3,12.7,58,1.6,1453,4.7,0.57,0.2,0.1,Summmer,Holiday,No,6324721,1108
2070,22/01/2018,18,1.1,96,3.0,187,0.5,0.0,3.3,1.0,Wonter,No Holiday,Yes,1627120,160
2071,5/4/2018,20,7.3,96,1.9,2000,6.6,0.0,0.0,0.0,Sprng,No Holiday,Yes,505325,70
2072,19/09/2018,8,19.8,71,1.1,1534,14.3,,0.0,0.0,Autumn,No Holiday,No,798877,0
2073,13/04/2018,22,16.3,25,2.0,2000,-3.7,0.0,0.0,0.0,Sprng,No Holiday,Yes,6221716,1208
2074,15/01/2018,20,3.7,58,1.3,474,-3.8,0.0,0.0,0.0,Wonter,No Holiday,Yes,2419281,351
2075,20/01/2018,11,3.7,59,1.8,978,-3.5,0.51,0.0,0.0,Winter,No Holiday,Yes,2326116,275
2076,15/05/2018,14,28.5,33,0.9,1348,10.6,2.51,0.0,0.0,Spriing,No Holiday,Yes,6301801,1105
2077,4/12/2017,23,-5.8,44,2.4,2000,-16.1,0.0,0.0,0.0,Winteer,No Holiday,Yes,1765017,263
2078,27/06/2018,22,22.7,77,2.0,1099,18.4,0.0,0.0,0.0,Summr,No Holiday,Yes,10953055,1992
2079,5/9/2018,6,19.8,82,0.5,2000,16.6,0.0,0.0,0.0,Autumn,No Holiday,Yes,4209962,710
2080,15/11/2018,10,8.6,57,,1102,0.5,0.77,,0.0,Autum,No Holiday,Yes,4726851,782
2081,14/04/2018,20,9.4,76,,1376,5.3,0.0,0.0,0.0,Sproing,No Holiday,Yes,4006266,621
2082,1/5/2018,22,19.9,75,0.8,516,15.3,0.0,0.0,0.0,Sproing,Holiday,Yes,7432185,1390
2083,9/11/2018,18,12.3,69,2.1,623,6.7,0.01,0.0,0.0,Auttumn,No Holiday,No,662535,0
2084,1/12/2017,3,-6.2,40,0.9,2000,-17.6,0.0,0.0,0.0,Wonter,No Holiday,Yes,1413697,99
2085,11/11/2018,5,6.8,83,0.6,341,4.1,0.0,0.0,0.0,Autum,No Holiday,Yes,871341,100
2086,21/11/2018,6,6.7,86,0.3,593,4.5,0.0,0.0,0.0,Auttumn,No Holiday,Yes,1901155,281
2087,2/8/2018,17,37.4,44,2.3,1829,23.0,1.49,0.0,0.0,Summr,No Holiday,Yes,5549657,1067
2088,1/6/2018,1,19.5,65,0.4,1662,12.7,0.0,0.0,0.0,Sumer,No Holiday,Yes,3999332,761
2089,15/12/2017,4,-7.1,59,0.8,1058,-13.7,0.0,0.0,0.0,Winter,No Holiday,Yes,1015688,70
2090,13/11/2018,12,12.8,45,1.8,1170,1.1,1.82,0.0,0.0,Autmn,No Holiday,Yes,5745268,968
2091,26/10/2018,4,12.6,60,0.6,1648,5.0,0.0,0.0,0.0,Auttumn,No Holiday,Yes,1404523,172
2092,25/12/2017,6,-4.1,50,3.0,2000,-13.0,0.0,0.0,0.0,Winter,Holiday,Yes,1090395,57
2093,4/11/2018,-7,12.8,59,1.8,1416,4.4,0.5,0.1,0.1,Sumer,No Holiday,No,5144185,891
2094,20/11/2018,16,11.3,21,2.8,1925,-10.2,0.82,0.0,0.0,Autmn,No Holiday,Yes,5746571,954
2095,23/10/2018,23,11.2,78,0.5,802,7.4,0.0,0.0,0.0,Autum,No Holiday,Yes,5079175,884
2096,16/01/2018,6,1.2,69,0.6,436,-3.8,0.0,0.0,0.0,Winteer,No Holiday,Yes,1507012,139
2097,6/7/2018,8,23.2,60,1.7,2000,14.9,0.58,0.0,0.0,Summr,No Holiday,Yes,11731579,2295
2098,30/06/2018,15,27.8,71,0.9,733,22.0,,0.0,0.0,Summmer,No Holiday,Yes,7115385,1336
2099,6/3/2018,12,8.5,34,1.9,1876,-6.4,2.55,0.0,0.0,Spring,No Holiday,Yes,3407551,496
2100,5/9/2018,19,25.4,55,3.2,2000,15.6,0.15,0.0,0.0,Autum,No Holiday,Yes,13899066,2620
2101,20/04/2018,11,20.6,34,2.2,705,4.1,2.51,0.0,0.0,Sprng,No Holiday,Yes,5032469,816
2102,27/05/2018,9,19.5,43,1.5,1548,0.0,1.02,0.0,0.0,Spring,No Holiday,Yes,4046265,778
2103,26/10/2018,3,12.8,57,0.5,1715,4.4,,0.0,0.0,Autum,No Holiday,Yes,2128552,328
2104,9/12/2017,22,-0.5,55,0.6,1655,-8.4,0.0,0.0,0.0,Wintr,No Holiday,Yes,1724309,307
2105,29/10/2018,0,5.3,81,1.7,1993,2.2,0.0,0.0,0.0,Autumn,No Holiday,Yes,2952279,481
2106,24/10/2018,11,15.7,53,1.0,1172,6.1,1.99,0.0,0.0,Auttumn,No Holiday,Yes,4690731,912
2107,28/07/2018,12,33.6,62,1.9,820,25.3,1.35,0.0,0.0,Summmer,No Holiday,Yes,3388444,636
2108,27/01/2018,20,-7.6,36,1.7,1858,-20.1,0.0,0.0,0.0,Winteer,No Holiday,Yes,822568,119
2109,17/11/2018,-6,13.4,59,1.7,1417,3.2,,0.2,0.1,Autmn,No Holiday,No,3942977,695
2110,16/08/2018,4,27.8,69,0.9,2000,21.5,0.0,0.0,0.0,Summr,No Holiday,Yes,1484989,176
2111,3/6/2018,-1,12.6,59,1.9,1399,3.7,0.54,0.1,0.1,Summr,No Holiday,Yes,5816663,1057
2112,3/12/2017,22,4.3,89,1.8,201,2.6,,0.0,0.0,Winter,No Holiday,Yes,2108001,328
2113,5/3/2018,3,5.7,92,2.0,458,4.4,0.0,,0.0,Spriing,No Holiday,Yes,791626,1
2114,17/08/2018,12,30.3,30,1.9,1981,10.7,3.17,0.0,0.0,Summer,No Holiday,Yes,4950081,957
2115,17/06/2018,3,19.9,80,1.6,741,16.3,0.0,,0.0,Summmer,No Holiday,Yes,3267762,495
2116,6/10/2018,14,19.3,79,3.6,2000,15.5,1.36,0.0,0.0,Autumn,No Holiday,Yes,5567018,984
2117,24/11/2018,11,1.2,97,2.3,975,0.7,0.07,,8.8,Autmn,No Holiday,Yes,858531,107
2118,28/04/2018,3,11.6,76,1.0,364,7.5,0.0,,0.0,Spring,No Holiday,Yes,2509245,327
2119,29/05/2018,19,22.3,71,2.5,1268,16.7,0.14,0.0,0.0,Spring,No Holiday,Yes,3593589,698
2120,27/11/2018,-1,13.9,60,1.8,1442,3.4,0.53,0.1,0.1,Spriing,No Holiday,No,1525478,274
2121,6/10/2018,0,16.4,94,1.8,1744,15.4,0.0,1.0,0.0,Autumn,No Holiday,No,768323,0
2122,16/06/2018,3,17.4,61,1.2,2000,9.7,,0.0,0.0,Summer,No Holiday,Yes,3536253,541
2123,29/12/2017,10,1.9,65,0.3,562,-3.9,0.17,0.0,0.0,Winteer,No Holiday,Yes,1934951,271
2124,27/11/2018,12,9.3,61,1.5,390,2.1,0.85,0.0,0.0,Autumn,No Holiday,Yes,4259606,680
2125,10/7/2018,3,20.6,98,,1986,20.2,0.0,,0.0,Summr,No Holiday,Yes,1572420,138
2126,20/04/2018,19,22.9,35,1.8,714,6.6,0.22,0.0,0.0,Sproing,No Holiday,Yes,9145671,1670
2127,30/01/2018,-9,12.6,58,1.8,1488,3.9,0.57,0.2,0.1,Auttumn,Holiday,Yes,12754719,2474
2128,7/4/2018,3,1.5,82,3.5,372,-1.2,0.0,0.1,0.0,Spring,No Holiday,Yes,1050212,107
2129,19/02/2018,3,-1.4,41,1.6,1870,-12.9,0.0,0.0,0.0,Wonter,No Holiday,Yes,607426,34
2130,26/08/2018,-10,12.7,58,1.8,1443,3.6,0.55,0.1,0.1,Summmer,Holiday,No,3543527,599
2131,10/3/2018,8,1.5,73,1.2,466,-2.8,0.11,0.0,0.0,Spring,No Holiday,Yes,2145370,315
2132,13/12/2017,22,-8.9,39,0.1,2000,-20.3,,0.0,0.0,Wintr,No Holiday,Yes,2474821,311
2133,13/09/2018,17,27.9,51,1.4,2000,16.8,1.19,0.0,0.0,Autmn,No Holiday,Yes,10486275,2036
2134,5/6/2018,6,17.8,73,0.4,1188,12.8,0.04,0.0,0.0,Sumer,No Holiday,Yes,4341759,698
2135,9/6/2018,4,19.0,83,0.4,473,16.0,0.0,0.0,0.0,Summer,No Holiday,Yes,1926990,354
2136,11/2/2018,23,-7.0,49,3.4,1984,-15.9,0.0,0.0,0.0,Winter,No Holiday,Yes,1062028,76
2137,9/8/2018,9,29.4,64,2.3,1926,21.8,0.9,0.0,0.0,Summr,No Holiday,Yes,5630417,964
2138,15/05/2018,9,20.8,53,,381,10.8,1.58,0.0,0.0,Spriing,No Holiday,Yes,6086724,1192
2139,8/3/2018,4,3.3,90,1.3,682,1.8,0.0,0.0,0.0,Spriing,No Holiday,Yes,444537,9
2140,25/03/2018,23,-15.4,0,2.1,1241,37.6,,0.0,0.0,Summer,No Holiday,Yes,8476811,1536
2141,30/09/2018,3,17.0,70,0.9,2000,11.4,0.0,0.0,0.0,Auttumn,No Holiday,No,987018,0
2142,13/09/2018,-6,12.6,61,1.8,1424,4.9,0.67,0.1,0.1,Sprng,No Holiday,Yes,1062028,76
2143,3/3/2018,9,2.2,30,1.5,1513,-13.6,0.81,0.0,0.0,Spriing,No Holiday,Yes,2553679,329
2144,13/02/2018,20,2.3,59,3.8,1981,-4.9,0.0,0.0,0.0,Wonter,No Holiday,Yes,2181265,306
2145,12/3/2018,16,14.5,34,3.1,471,-1.2,1.59,0.0,0.0,Sproing,No Holiday,Yes,4699605,817
2146,8/11/2018,14,11.3,96,2.7,302,10.6,0.11,0.0,0.0,Auttumn,No Holiday,Yes,493525,37
2147,24/12/2017,7,4.7,89,1.1,100,3.0,0.0,,0.0,Winter,Holiday,Yes,417626,4
2148,3/1/2018,15,-1.1,29,2.8,1976,-16.9,0.96,0.0,0.0,Winteer,No Holiday,Yes,2093937,271
2149,15/03/2018,2,16.5,68,1.3,1724,10.5,0.0,0.0,0.0,Spring,No Holiday,Yes,1339316,201
2150,24/05/2018,11,21.5,30,2.9,1779,3.1,2.92,,0.0,Spring,No Holiday,Yes,5951110,997
2151,2/10/2018,7,10.4,81,0.3,1956,7.2,0.02,0.0,0.0,Autum,No Holiday,No,295313,0
2152,2/1/2018,3,-2.5,62,0.4,1626,-8.7,0.0,0.0,0.0,Wintr,No Holiday,Yes,1188600,43
2153,5/3/2018,8,3.6,88,2.3,2000,1.7,0.03,0.0,0.0,Spring,No Holiday,Yes,1981433,209
2154,4/2/2018,7,-12.4,54,2.5,1790,-19.8,0.0,0.0,0.0,Wintr,No Holiday,Yes,727405,35
2155,26/04/2018,-7,12.6,59,1.7,1403,4.3,0.58,0.1,0.1,Wintr,Holiday,Yes,4418952,689
2156,14/06/2018,19,23.6,63,0.6,1956,16.1,0.19,,0.0,Summmer,No Holiday,Yes,10237595,2011
2157,10/4/2018,11,18.5,27,1.3,1610,-0.8,,0.0,0.0,Spring,No Holiday,Yes,5013511,851
2158,6/8/2018,1,28.7,80,1.5,1295,24.8,0.0,0.0,0.0,Summr,No Holiday,Yes,2903020,468
2159,11/3/2018,13,10.3,31,2.1,885,-6.1,2.67,0.0,0.0,Sproing,No Holiday,Yes,4683250,848
2160,17/11/2018,13,10.9,32,2.1,1581,-5.1,1.85,0.0,0.0,Autum,No Holiday,Yes,6450809,1091
2161,23/03/2018,21,5.8,60,2.2,650,-1.3,0.0,0.0,0.0,Sprng,No Holiday,Yes,3860249,687
2162,17/11/2018,19,6.0,44,0.8,1758,-5.3,0.0,0.0,0.0,Autmn,No Holiday,Yes,4382398,735
2163,2/11/2018,18,14.6,42,1.4,1428,1.8,0.02,0.0,0.0,Autmn,No Holiday,Yes,12447403,2463
2164,12/9/2018,16,27.8,42,1.7,1974,13.7,1.98,0.0,0.0,Auttumn,No Holiday,Yes,7808135,1508
2165,11/3/2018,19,7.8,28,1.9,1982,-9.6,0.04,0.0,0.0,Sprng,No Holiday,Yes,3498215,589
2166,6/2/2018,15,-5.9,25,3.1,1936,-22.8,1.93,,0.0,Winteer,No Holiday,Yes,1692163,147
2167,25/08/2018,18,27.1,56,3.0,1987,17.5,0.87,0.0,0.0,Summr,No Holiday,Yes,11833650,2182
2168,10/4/2018,7,7.2,50,1.1,1454,-2.5,0.1,0.0,0.0,Spriing,No Holiday,Yes,5885491,983
2169,19/05/2018,17,24.5,35,1.8,1927,8.0,1.93,0.0,0.0,Sprng,No Holiday,Yes,12709444,2493
2170,16/10/2018,-7,12.7,57,1.7,1439,3.4,0.56,0.1,0.1,Wonter,No Holiday,Yes,1834985,277
2171,14/03/2018,15,21.7,39,3.3,1979,7.1,2.09,0.0,0.0,Spriing,No Holiday,Yes,5492582,1075
2172,29/06/2018,21,25.2,75,,644,20.4,,0.0,0.0,Summmer,No Holiday,Yes,11917536,2237
2173,23/03/2018,3,1.9,81,1.1,525,-1.0,0.0,0.0,0.0,Spring,No Holiday,Yes,952737,113
2174,30/09/2018,16,21.2,28,3.2,2000,1.9,,0.0,0.0,Auttumn,No Holiday,No,796926,0
2175,5/9/2018,15,28.1,43,5.1,1929,14.3,2.65,0.0,0.0,Autum,No Holiday,Yes,5872645,1109
2176,23/08/2018,12,,49,1.9,2000,19.8,1.85,0.0,0.0,Summr,No Holiday,Yes,4509638,800
2177,7/3/2018,17,10.4,37,1.0,2000,-3.6,0.67,0.0,0.0,Sproing,No Holiday,Yes,4269883,807
2178,1/11/2018,8,2.8,74,0.9,1366,-1.3,0.13,0.0,0.0,Autmn,No Holiday,Yes,10630552,1985
2179,26/07/2018,9,29.1,69,1.0,853,22.8,0.67,0.0,0.0,Summmer,No Holiday,Yes,5353654,976
2180,3/3/2018,20,11.1,51,3.7,1957,1.3,0.0,0.0,0.0,Spriing,No Holiday,Yes,3608044,590
2181,20/11/2018,4,1.3,48,0.5,2000,-8.5,0.0,0.0,0.0,Autmn,No Holiday,Yes,1000324,137
2182,12/5/2018,16,13.8,97,0.7,196,13.3,0.12,1.5,0.0,Spring,No Holiday,Yes,507043,34
2183,26/11/2018,21,6.7,71,0.9,461,1.8,0.0,0.0,0.0,Auttumn,No Holiday,Yes,5330520,945
2184,5/1/2018,22,-3.8,53,1.3,1300,-12.0,0.0,0.0,0.0,Winter,No Holiday,Yes,1540759,281
2185,18/07/2018,12,31.2,51,2.0,1101,19.8,2.96,0.0,0.0,Summr,No Holiday,Yes,3867352,750
2186,18/03/2018,10,7.2,53,1.6,709,-1.7,0.45,,0.0,Sproing,No Holiday,Yes,2540711,443
2187,23/01/2018,17,-10.6,38,3.5,2000,-22.2,0.38,0.0,0.9,Wintr,No Holiday,Yes,1366228,248
2188,26/09/2018,17,23.6,38,,2000,8.4,1.04,0.0,0.0,Auttumn,No Holiday,Yes,12739268,2443
2189,13/11/2018,16,14.2,37,2.0,1783,-0.3,0.91,0.0,0.0,Autumn,No Holiday,Yes,6446558,1199
2190,11/11/2018,10,10.2,68,0.7,354,4.5,1.06,0.0,0.0,Autumn,No Holiday,Yes,3617041,584
2191,8/11/2018,1,11.9,77,1.1,1634,7.9,,0.0,0.0,Autum,No Holiday,Yes,990515,147
2192,19/08/2018,9,26.3,50,0.7,1980,15.0,1.28,0.0,0.0,Summmer,No Holiday,Yes,4055431,668
2193,3/11/2018,11,14.5,42,1.6,890,1.7,,0.0,0.0,Autum,No Holiday,No,825682,0
2194,17/10/2018,17,16.9,34,2.5,2000,0.9,0.74,,0.0,Auttumn,No Holiday,Yes,10268063,1888
2195,29/05/2018,4,,60,1.9,1364,11.8,,,0.0,Spriing,No Holiday,Yes,1166938,166
2196,29/04/2018,0,11.7,53,1.4,1620,2.4,0.0,0.0,0.0,Spring,No Holiday,Yes,4585505,786
2197,7/3/2018,19,,44,2.3,2000,-2.7,0.0,0.0,0.0,Spring,No Holiday,Yes,4959333,849
2198,9/4/2018,9,2.6,96,1.1,316,2.0,0.87,0.0,0.0,Sprng,No Holiday,Yes,4330904,668
2199,2/10/2018,6,10.6,81,0.0,1798,7.4,0.0,0.0,0.0,Autumn,No Holiday,No,403836,0
2200,18/03/2018,12,9.8,46,1.2,710,-1.2,,0.0,0.0,Sproing,No Holiday,Yes,4320197,761
2201,17/02/2018,10,-4.3,21,1.4,1908,-23.4,1.34,0.0,0.0,Wintr,Holiday,Yes,1491042,116
2202,10/2/2018,9,1.6,78,2.0,260,-1.8,0.17,,0.0,Winter,No Holiday,Yes,2049498,247
2203,18/08/2018,14,31.0,31,1.8,1999,11.8,2.8,0.0,0.0,Summer,No Holiday,Yes,6439857,1106
2204,9/11/2018,5,10.9,68,3.1,1034,5.2,,0.0,0.0,Autmn,No Holiday,No,167166,0
2205,18/11/2018,4,2.5,49,0.4,1988,-7.1,0.0,0.0,0.0,Autumn,No Holiday,Yes,1365215,150
2206,24/02/2018,4,2.7,82,2.8,222,0.0,0.0,0.0,0.0,Wonter,No Holiday,Yes,1005088,85
2207,5/4/2018,3,8.9,64,2.2,2000,2.4,0.0,0.0,0.0,Sproing,No Holiday,Yes,1320335,151
2208,9/5/2018,5,9.5,65,0.9,2000,3.2,0.0,0.0,0.0,Spriing,No Holiday,Yes,1233731,205
2209,26/10/2018,5,12.4,60,0.8,1563,4.8,0.0,0.0,0.0,Auttumn,No Holiday,Yes,1450448,204
2210,2/6/2018,9,23.3,43,1.2,1257,10.0,1.91,0.0,0.0,Summmer,No Holiday,Yes,6105513,1075
2211,23/09/2018,1,16.4,66,0.1,2000,10.0,,0.0,0.0,Autumn,Holiday,Yes,3392494,640
2212,27/12/2017,9,-9.8,33,2.0,1997,-23.0,0.17,0.0,0.0,Wonter,No Holiday,Yes,1986275,281
2213,20/03/2018,-1,12.5,56,,1419,3.4,0.6,0.2,0.0,Summr,No Holiday,Yes,8756022,1611
2214,22/11/2018,4,0.5,39,1.6,2000,-11.8,0.0,0.0,0.0,Autumn,No Holiday,Yes,1380034,111
2215,4/10/2018,18,23.1,48,1.3,2000,11.4,0.2,0.0,0.0,Autum,No Holiday,No,540308,0
2216,10/1/2018,11,-6.4,49,4.5,1759,-15.3,0.86,,0.5,Wintr,No Holiday,Yes,999317,164
2217,21/06/2018,17,28.4,43,3.3,1715,14.6,2.04,0.0,0.0,Summr,No Holiday,Yes,11089471,2127
2218,2/5/2018,7,17.6,94,0.5,166,16.6,0.0,1.0,0.0,Spring,No Holiday,Yes,1252239,94
2219,5/5/2018,3,11.6,53,1.1,1904,2.3,0.0,,0.0,Spring,No Holiday,Yes,2191738,382
2220,23/03/2018,-1,12.7,59,1.7,1432,3.9,0.64,0.2,0.1,Summr,Holiday,Yes,2681632,475
2221,16/04/2018,14,18.0,28,1.6,1820,-0.8,3.11,0.0,0.0,Sproing,No Holiday,Yes,5644102,1075
2222,22/12/2017,8,-0.4,69,0.5,904,-5.4,0.0,0.0,0.7,Wintr,Holiday,Yes,3636999,555
2223,9/9/2018,10,22.9,45,1.5,2000,10.3,2.1,0.0,0.0,Autum,No Holiday,Yes,5008649,942
2224,21/08/2018,19,29.2,62,1.7,2000,21.1,0.31,0.0,0.0,Summr,No Holiday,Yes,12798602,2433
2225,13/07/2018,1,24.8,89,0.9,1555,22.8,0.0,0.0,0.0,Sumer,No Holiday,Yes,4560242,778
2226,21/10/2018,14,20.1,23,2.3,1896,-1.7,2.23,0.0,0.0,Auttumn,No Holiday,Yes,9141370,1730
2227,6/3/2018,3,0.1,71,0.4,2000,-4.5,,0.0,0.0,Spriing,No Holiday,Yes,1090538,91
2228,6/4/2018,22,3.9,68,3.0,737,-1.4,0.0,0.0,0.0,Sprng,No Holiday,Yes,3237008,511
2229,24/04/2018,5,9.4,93,1.3,2000,8.3,0.0,0.0,0.0,Spriing,No Holiday,Yes,1064677,76
2230,8/3/2018,-5,13.0,58,1.8,1461,4.3,0.56,0.2,0.1,Summer,No Holiday,No,10953055,1992
2231,24/06/2018,9,23.1,68,1.9,482,16.8,,0.0,0.0,Summmer,No Holiday,Yes,4135648,734
2232,20/09/2018,4,19.6,74,,847,14.8,0.0,0.0,0.0,Autumn,No Holiday,Yes,1795929,263
2233,26/09/2018,16,24.4,35,1.8,2000,7.9,1.71,0.0,0.0,Auttumn,No Holiday,Yes,12687893,2350
2234,30/06/2018,5,21.7,88,0.6,289,19.6,0.0,,0.0,Summer,No Holiday,Yes,1740891,225
2235,24/11/2018,-2,13.0,58,1.7,1425,4.6,0.59,0.2,0.1,Sprng,No Holiday,Yes,4382561,713
2236,14/06/2018,9,,96,0.6,273,18.4,0.17,1.5,0.0,Sumer,No Holiday,Yes,1168442,182
2237,30/06/2018,23,22.9,92,0.6,989,21.5,0.0,0.0,0.0,Summr,No Holiday,Yes,5131238,956
2238,16/01/2018,12,5.2,52,1.2,349,-3.8,0.45,0.0,0.0,Wonter,No Holiday,Yes,1795426,301
2239,11/3/2018,6,3.4,85,1.5,234,1.1,0.0,0.0,0.0,Spriing,No Holiday,Yes,1187036,75
2240,2/2/2018,22,-2.4,63,1.3,1523,-8.4,0.0,0.0,0.0,Winteer,No Holiday,Yes,1842890,211
2241,9/3/2018,17,8.9,46,1.8,789,-2.1,1.0,0.0,0.0,Spring,No Holiday,Yes,5382964,915
2242,22/10/2018,13,19.4,35,1.2,678,3.5,1.73,0.0,0.0,Autmn,No Holiday,Yes,5723002,1082
2243,26/07/2018,0,,78,1.2,1341,23.5,0.0,0.0,0.0,Summr,No Holiday,Yes,6032110,1023
2244,25/12/2017,11,-2.8,35,,1984,-16.1,0.87,0.0,0.0,Winteer,Holiday,Yes,1312569,192
2245,5/3/2018,14,10.0,44,1.9,2000,-1.7,2.46,0.0,0.0,Sprng,No Holiday,Yes,3145961,540
2246,2/7/2018,20,23.5,97,0.1,1814,22.9,,24.0,0.0,Summer,No Holiday,Yes,837651,64
2247,1/11/2018,11,11.1,46,1.6,1518,-0.1,1.84,0.0,0.0,Auttumn,No Holiday,Yes,4882820,845
2248,12/10/2018,10,11.6,40,1.7,1991,-1.5,1.77,0.0,0.0,Autumn,No Holiday,Yes,4607219,885
2249,12/7/2018,3,26.2,83,0.3,1294,23.0,0.0,0.0,0.0,Summer,No Holiday,Yes,2240987,316
2250,14/06/2018,-6,12.0,59,1.8,1418,4.2,,0.1,0.1,Winter,No Holiday,Yes,7009769,1226
2251,14/11/2018,-4,12.1,59,1.8,1437,3.0,0.53,0.2,0.1,Autumn,No Holiday,Yes,452044,30
2252,15/02/2018,4,-1.9,34,3.0,2000,-15.7,0.0,0.0,0.0,Winter,Holiday,Yes,475180,42
2253,1/12/2017,-10,12.3,58,1.8,1366,4.2,0.56,0.2,0.0,Winteer,Holiday,Yes,7018483,1319
2254,10/10/2018,5,13.6,89,2.7,990,11.8,0.0,0.0,0.0,Auttumn,No Holiday,Yes,1553329,154
2255,15/09/2018,12,25.4,63,0.9,2000,17.8,1.01,,0.0,Autumn,No Holiday,Yes,7548473,1325
2256,28/03/2018,4,10.6,77,0.9,422,6.7,0.0,0.0,0.0,Spring,No Holiday,Yes,586465,91
2257,25/03/2018,13,14.6,38,1.9,315,0.4,2.75,0.0,0.0,Spring,No Holiday,Yes,4440553,793
2258,2/8/2018,4,31.1,54,1.9,2000,20.6,0.0,0.0,0.0,Summer,No Holiday,Yes,1191411,210
2259,17/12/2017,-4,12.5,57,,1417,3.8,,0.2,0.1,Autum,No Holiday,Yes,12687893,2350
2260,12/11/2018,20,9.0,48,,1879,-1.4,0.0,0.0,0.0,Autumn,No Holiday,Yes,6345041,1226
2261,25/03/2018,17,15.8,40,2.3,481,2.2,1.28,0.0,0.0,Sprng,No Holiday,Yes,5279435,953
2262,20/12/2017,7,-8.1,67,0.9,1737,-13.1,0.0,0.0,2.0,Winteer,No Holiday,Yes,1635192,206
2263,28/05/2018,16,28.1,43,3.4,845,14.3,2.32,0.0,0.0,Sproing,No Holiday,Yes,7738717,1498
2264,8/3/2018,2,4.2,88,0.9,553,2.3,0.0,0.0,0.0,Sproing,No Holiday,Yes,235529,15
2265,7/5/2018,23,17.5,69,1.5,978,11.7,0.0,0.0,0.0,Spriing,No Holiday,Yes,5758682,979
2266,21/03/2018,2,1.4,40,2.9,2000,-10.7,0.0,0.0,0.0,Sproing,No Holiday,Yes,1297430,132
2267,18/08/2018,2,23.4,53,1.1,2000,13.2,0.0,0.0,0.0,Sumer,No Holiday,Yes,4298785,725
2268,22/06/2018,22,23.3,32,1.1,2000,5.6,,0.0,0.0,Sumer,No Holiday,Yes,11658392,2201
2269,20/06/2018,16,28.2,48,3.9,1103,16.1,2.55,0.0,0.0,Summer,No Holiday,Yes,8862260,1579
2270,22/02/2018,8,-3.6,63,0.9,1473,-9.6,0.07,0.0,0.0,Winteer,No Holiday,Yes,4920750,811
2271,19/05/2018,0,12.2,67,1.2,2000,6.2,0.0,0.0,0.0,Sprng,No Holiday,Yes,3646403,690
2272,5/12/2017,8,-8.1,36,1.6,2000,-20.5,0.01,0.0,0.0,Wonter,No Holiday,Yes,4600249,881
2273,11/7/2018,19,28.2,72,1.6,1745,22.6,0.13,0.0,0.0,Summer,No Holiday,Yes,12754138,2414
2274,7/8/2018,15,34.3,49,1.0,1633,22.0,,0.0,0.0,Summr,No Holiday,Yes,4104842,712
2275,28/06/2018,21,21.3,94,0.3,1314,20.2,0.0,0.0,0.0,Summer,No Holiday,Yes,6998739,1267
2276,4/6/2018,6,18.9,53,0.3,1871,9.1,0.04,0.0,0.0,Summer,No Holiday,Yes,4778364,785
2277,30/03/2018,14,21.0,28,2.8,1191,1.7,2.75,0.0,0.0,Spring,No Holiday,Yes,6391177,1093
2278,7/12/2017,11,2.3,69,1.7,628,-2.8,0.63,0.0,0.6,Wonter,No Holiday,Yes,2060649,389
2279,9/11/2018,14,15.0,49,2.8,518,4.3,1.53,0.0,0.0,Autumn,No Holiday,No,319534,0
2280,18/08/2018,19,28.5,45,1.6,2000,15.4,,,0.0,Summr,No Holiday,Yes,11059110,2144
2281,30/05/2018,12,23.2,64,3.0,1305,16.0,2.08,0.0,0.0,Spring,No Holiday,Yes,6020392,1163
2282,21/02/2018,9,-3.8,28,1.7,1904,-19.6,,0.0,0.0,Wintr,No Holiday,Yes,2860932,391
2283,10/7/2018,-2,12.6,59,1.7,1467,3.8,0.57,0.1,0.1,Wonter,No Holiday,Yes,3127352,511
2284,20/01/2018,9,0.9,63,0.9,1090,-5.3,0.07,0.0,0.0,Winteer,No Holiday,Yes,1927788,247
2285,26/04/2018,9,14.0,54,1.5,1054,4.8,1.37,0.0,0.0,Sprng,No Holiday,Yes,5885812,1007
2286,25/01/2018,-4,14.2,58,1.8,1463,4.5,0.61,0.2,0.1,Auttumn,Holiday,Yes,1406750,228
2287,14/04/2018,2,13.5,27,1.6,2000,-5.1,0.0,0.0,0.0,Sprng,No Holiday,Yes,1932912,282
2288,24/10/2018,12,16.8,48,1.6,1673,5.7,2.1,0.0,0.0,Auttumn,No Holiday,Yes,6134164,1060
2289,1/3/2018,11,0.8,52,4.6,1035,-7.9,2.2,0.0,0.0,Spriing,Holiday,Yes,1765964,255
2290,6/11/2018,15,16.3,54,1.6,374,6.9,0.76,0.0,0.0,Autmn,No Holiday,No,992010,0
2291,21/04/2018,21,17.8,21,1.2,2000,-4.8,0.0,0.0,0.0,Spriing,No Holiday,Yes,7843166,1459
2292,24/04/2018,10,12.9,68,1.3,2000,7.1,0.97,0.0,0.0,Sproing,No Holiday,Yes,3266641,608
2293,2/8/2018,0,31.9,67,1.5,1550,25.0,0.0,0.0,0.0,Summmer,No Holiday,Yes,4457675,832
2294,28/02/2018,4,5.4,56,1.7,472,-2.6,0.0,0.0,0.0,Winter,No Holiday,Yes,1285744,77
2295,3/3/2018,1,0.6,36,0.4,1933,-12.7,0.0,0.0,0.0,Sproing,No Holiday,Yes,2133197,230
2296,22/06/2018,21,24.2,32,1.5,2000,6.4,0.0,0.0,0.0,Sumer,No Holiday,Yes,11237235,2226
2297,2/1/2018,17,0.3,27,2.6,2000,-16.5,0.18,0.0,0.0,Wonter,No Holiday,Yes,2277489,349
2298,15/08/2018,10,33.5,49,1.0,1937,21.3,2.09,0.0,0.0,Summmer,Holiday,Yes,3704181,558
2299,20/02/2018,-3,13.1,58,1.9,1394,4.8,0.61,,0.1,Wintr,Holiday,No,7919415,1385
2300,10/4/2018,22,15.8,83,5.4,691,12.9,0.0,1.5,0.0,Spriing,No Holiday,Yes,855555,97
2301,1/3/2018,20,-2.2,49,3.5,1325,-11.4,0.0,0.0,0.0,Spriing,Holiday,Yes,1843872,247
2302,29/10/2018,19,,53,3.7,2000,-0.9,0.0,0.0,0.0,Autum,No Holiday,Yes,7363886,1397
2303,27/06/2018,6,19.2,97,1.5,157,18.7,0.0,0.0,0.0,Sumer,No Holiday,Yes,2607487,396
2304,23/05/2018,16,23.0,33,4.2,1880,5.8,,0.0,0.0,Spriing,No Holiday,Yes,8601147,1635
2305,24/09/2018,13,20.9,30,3.5,2000,2.6,2.93,0.0,0.0,Autmn,Holiday,Yes,4863845,892
2306,9/10/2018,21,16.8,52,1.6,2000,6.8,0.0,0.0,0.0,Autum,Holiday,No,531637,0
2307,21/04/2018,15,25.0,13,4.1,2000,-5.3,2.98,0.0,0.0,Sprng,No Holiday,Yes,9462166,1732
2308,8/9/2018,18,25.7,38,1.5,2000,10.3,0.64,0.0,0.0,Autmn,No Holiday,Yes,11810377,2323
2309,23/07/2018,3,,50,2.1,1970,18.0,0.0,0.0,0.0,Summer,No Holiday,Yes,1920659,249
2310,13/03/2018,12,15.5,47,3.3,1303,4.2,2.44,0.0,0.0,Sproing,No Holiday,Yes,3721241,657
2311,13/10/2018,16,19.4,29,1.2,1154,0.8,1.37,0.0,0.0,Autmn,No Holiday,Yes,10869962,2094
2312,27/09/2018,13,23.0,39,1.7,2000,8.2,2.28,0.0,0.0,Autumn,No Holiday,Yes,6437176,1214
2313,23/10/2018,13,13.5,82,0.8,962,10.4,1.33,0.0,0.0,Auttumn,No Holiday,Yes,4100590,668
2314,22/08/2018,5,23.4,82,0.4,2000,20.1,0.0,0.0,0.0,Summer,No Holiday,Yes,1921347,300
2315,4/9/2018,1,21.3,97,1.1,570,20.7,0.0,0.0,0.0,Auttumn,No Holiday,Yes,3167217,484
2316,30/09/2018,12,20.8,47,3.1,1665,9.0,2.0,0.0,0.0,Autmn,No Holiday,No,200316,0
2317,13/02/2018,20,2.3,59,3.8,1981,-4.9,0.0,0.0,0.0,Wonter,No Holiday,Yes,2181265,306
2318,13/03/2018,20,13.9,77,1.5,1010,9.9,0.0,0.0,0.0,Sproing,No Holiday,Yes,6051961,1052
2319,31/01/2018,6,-3.1,80,0.7,1215,-6.0,0.0,0.0,3.5,Wintr,No Holiday,Yes,783498,60
2320,18/02/2018,4,-4.1,27,0.6,2000,-20.3,0.0,0.0,0.0,Winter,No Holiday,Yes,1100540,44
2321,25/12/2017,16,0.4,27,2.0,2000,-16.4,0.58,0.0,0.0,Winteer,Holiday,Yes,1912463,261
2322,10/8/2018,9,29.0,64,0.8,1987,21.4,1.45,0.0,0.0,Summer,No Holiday,Yes,5092619,980
2323,25/01/2018,23,-14.9,35,2.8,2000,-26.9,0.0,,0.5,Winter,No Holiday,Yes,606466,79
2324,2/10/2018,4,11.2,80,0.3,1236,7.8,0.0,0.0,0.0,Auttumn,No Holiday,No,535083,0
2325,15/04/2018,0,7.8,78,1.8,1741,4.1,0.0,0.0,0.0,Spring,No Holiday,Yes,2959919,429
2326,13/09/2018,13,25.1,56,2.0,1964,15.6,1.41,0.0,0.0,Autumn,No Holiday,Yes,5374609,1029
2327,13/09/2018,14,27.2,49,1.5,1945,15.5,2.54,0.0,0.0,Autumn,No Holiday,Yes,6410625,1087
2328,17/08/2018,4,22.1,54,1.6,2000,12.3,,0.0,0.0,Summer,No Holiday,Yes,2379988,276
2329,15/12/2017,10,-4.6,52,0.8,648,-12.9,0.34,0.0,0.0,Wonter,No Holiday,Yes,1884265,214
2330,13/06/2018,4,18.7,74,0.9,1933,13.9,0.0,0.0,0.0,Sumer,No Holiday,Yes,2160056,398
2331,4/6/2018,14,26.5,43,3.9,1671,12.8,2.36,,0.0,Summer,No Holiday,Yes,6147346,1162
2332,5/10/2018,22,16.2,92,2.6,1771,14.8,0.0,1.5,0.0,Auttumn,No Holiday,Yes,508693,24
2333,4/2/2018,3,-10.6,47,3.7,2000,-19.7,0.0,0.0,0.0,Wintr,No Holiday,Yes,401744,48
2334,9/2/2018,20,3.0,61,1.9,842,-3.8,0.0,0.0,0.0,Winteer,No Holiday,Yes,2011546,305
2335,8/8/2018,11,32.7,55,2.7,1836,22.4,2.44,0.0,0.0,Summr,No Holiday,Yes,3855418,643
2336,21/01/2018,10,-1.3,37,0.8,1070,-14.1,,0.0,0.0,Winter,No Holiday,Yes,1872881,185
2337,17/03/2018,15,13.2,23,2.8,1696,-7.5,2.52,0.0,0.0,Sprng,No Holiday,Yes,7954627,1474
2338,29/09/2018,-8,12.1,60,1.8,1464,4.4,0.6,0.1,0.1,Auttumn,No Holiday,No,6594136,1190
2339,28/11/2018,-5,12.8,58,1.8,1450,4.0,0.6,0.2,0.1,Winteer,Holiday,Yes,544133,55
2340,18/07/2018,5,23.9,83,0.4,780,20.8,0.0,0.0,0.0,Summer,No Holiday,Yes,2229898,324
2341,16/04/2018,8,6.9,54,0.7,1706,-1.7,0.85,0.0,0.0,Sproing,No Holiday,Yes,9379344,1795
2342,11/7/2018,13,28.7,69,2.6,1546,22.4,1.02,0.0,0.0,Sumer,No Holiday,Yes,5578974,1009
2343,21/06/2018,7,19.9,74,1.7,683,15.1,,,0.0,Sumer,No Holiday,Yes,8655037,1572
2344,30/10/2018,3,1.7,59,0.5,2000,-5.4,0.0,0.0,0.0,Autum,No Holiday,Yes,1874650,181
2345,13/12/2017,6,-11.9,57,1.1,1974,-18.7,,0.0,0.0,Winteer,No Holiday,Yes,991981,112
2346,2/11/2018,17,17.0,36,1.5,1672,1.8,0.47,0.0,0.0,Autumn,No Holiday,Yes,9683937,1745
2347,27/11/2018,8,54.3,2,2.3,1822,-24.2,0.0,0.0,1.1,Spriing,No Holiday,No,16362942,3225
2348,14/04/2018,15,8.6,88,3.2,1211,6.7,0.17,0.0,0.0,Spring,No Holiday,Yes,1442711,206
2349,26/06/2018,21,23.5,94,4.6,227,22.4,0.0,1.5,0.0,Summr,No Holiday,Yes,1591643,257
2350,11/2/2018,14,-2.2,29,4.1,1983,-17.8,,,0.0,Wonter,No Holiday,Yes,1579604,201
2351,10/1/2018,3,-6.1,70,1.1,2000,-10.6,0.0,0.3,0.8,Winteer,No Holiday,Yes,646332,46
2352,1/3/2018,22,-3.6,52,3.7,1277,-12.0,0.0,0.0,0.0,Sproing,Holiday,Yes,1713121,219
2353,22/04/2018,0,15.9,35,0.3,1995,0.4,0.0,0.0,0.0,Spriing,No Holiday,Yes,4539315,819
2354,3/10/2018,5,11.8,82,1.1,1878,8.8,0.0,0.0,0.0,Autum,Holiday,Yes,1713516,197
2355,1/5/2018,11,22.7,63,1.1,605,15.2,1.36,0.0,0.0,Sproing,Holiday,Yes,6332869,1202
2356,28/09/2018,12,19.0,52,1.2,2000,8.9,0.98,0.0,0.0,Autmn,No Holiday,No,452341,0
2357,1/6/2018,14,29.6,31,3.7,1988,10.6,3.25,0.0,0.0,Summer,No Holiday,Yes,6059283,1104
2358,3/11/2018,5,6.1,75,1.0,1053,1.9,0.0,0.0,0.0,Autmn,No Holiday,No,197219,0
2359,8/8/2018,5,27.9,84,0.0,1172,24.9,0.0,0.0,0.0,Summmer,No Holiday,Yes,2001893,280
2360,25/01/2018,0,,43,3.8,2000,-25.6,0.0,0.0,0.7,Winteer,No Holiday,Yes,1189529,78
2361,12/1/2018,19,-8.2,32,1.1,2000,-22.0,0.0,0.0,0.0,Wonter,No Holiday,Yes,2098678,247
2362,25/11/2018,0,2.7,86,1.2,422,0.5,0.0,0.0,3.0,Auttumn,No Holiday,Yes,2877822,460
2363,6/6/2018,12,27.3,51,2.8,703,16.2,3.16,,0.0,Sumer,Holiday,Yes,6909686,1329
2364,25/03/2018,-2,12.6,59,1.8,1450,3.0,0.56,0.1,0.1,Summer,Holiday,Yes,5459275,1033
2365,30/04/2018,19,21.2,65,2.9,559,14.3,0.25,0.0,0.0,Sproing,No Holiday,Yes,10285051,1970
2366,16/05/2018,11,22.7,93,4.8,832,21.5,0.17,0.0,0.0,Sproing,No Holiday,Yes,1742150,237
2367,20/12/2017,19,-1.5,81,1.8,751,-4.3,0.0,0.0,2.2,Wintr,No Holiday,Yes,2071307,215
2368,12/8/2018,14,35.0,45,2.2,1957,21.2,2.73,0.0,0.0,Summr,No Holiday,Yes,4092462,735
2369,23/08/2018,1,30.1,54,0.8,2000,19.7,0.0,0.0,0.0,Summer,No Holiday,Yes,4219266,738
2370,7/6/2018,23,20.3,77,1.3,770,16.1,,0.0,0.0,Summr,No Holiday,Yes,7712004,1363
2371,19/05/2018,22,18.4,34,1.2,2000,2.2,0.0,0.0,0.0,Spriing,No Holiday,Yes,8281677,1615
2372,2/7/2018,21,23.4,98,0.4,1038,23.0,0.0,,0.0,Sumer,No Holiday,Yes,688647,67
2373,3/6/2018,19,27.4,29,2.4,2000,7.7,0.5,0.0,0.0,Summr,No Holiday,Yes,13386600,2544
2374,4/6/2018,7,19.5,52,0.8,1818,9.3,0.46,0.0,0.0,Summer,No Holiday,Yes,8187799,1508
2375,16/10/2018,14,19.9,29,,1833,1.3,2.09,0.0,0.0,Autumn,No Holiday,Yes,6221634,1108
2376,5/6/2018,21,23.3,51,1.7,1654,12.5,,0.0,0.0,Summmer,No Holiday,Yes,13079851,2456
2377,18/08/2018,7,21.7,57,1.3,2000,12.8,0.23,0.0,0.0,Summmer,No Holiday,Yes,3139355,532
2378,30/01/2018,23,-1.7,83,1.0,1093,-4.2,0.0,0.0,3.5,Wonter,No Holiday,Yes,986311,72
2379,3/2/2018,6,-7.8,57,4.8,1867,-14.8,0.0,0.4,0.3,Wintr,No Holiday,Yes,975219,39
2380,17/03/2018,14,12.1,29,2.3,1734,-5.4,2.26,0.0,0.0,Spriing,No Holiday,Yes,7377406,1333
2381,21/11/2018,-9,11.6,59,1.8,1444,3.6,0.6,0.2,0.1,Autumn,Holiday,Yes,2170392,311
2382,7/4/2018,4,1.6,70,3.6,1392,-3.2,0.0,0.1,0.0,Spring,No Holiday,Yes,1177957,83
2383,13/02/2018,16,3.9,41,4.0,1973,-8.1,1.24,0.0,0.0,Winter,No Holiday,Yes,2295005,347
2384,10/12/2017,19,1.6,53,4.0,2000,-6.9,0.0,0.0,0.0,Wonter,No Holiday,Yes,1399797,181
2385,12/8/2018,15,34.9,46,2.0,2000,21.5,1.54,0.0,0.0,Summmer,No Holiday,Yes,4773253,873
2386,24/02/2018,15,6.7,24,2.7,1536,-12.4,1.95,0.0,0.0,Wintr,No Holiday,Yes,3208523,484
2387,16/03/2018,7,3.7,59,2.9,2000,-3.5,0.0,0.0,0.0,Sprng,No Holiday,Yes,3939598,618
2388,19/07/2018,12,31.7,42,2.6,1868,17.2,3.23,,0.0,Summer,No Holiday,Yes,4790897,825
2389,28/08/2018,14,24.9,97,0.5,766,24.3,0.36,4.0,0.0,Sumer,No Holiday,Yes,1229747,105
2390,20/09/2018,12,19.0,91,1.7,965,17.4,0.67,,0.0,Autum,No Holiday,Yes,1455454,183
2391,21/09/2018,3,18.5,88,1.2,659,16.4,0.0,1.5,0.0,Autmn,No Holiday,Yes,1031537,29
2392,1/4/2018,6,12.4,61,0.4,1131,5.0,0.0,0.0,0.0,Spriing,No Holiday,Yes,1097789,133
2393,17/12/2017,10,-8.5,31,1.5,1997,-22.6,0.58,0.0,0.0,Winter,No Holiday,Yes,805579,127
2394,15/07/2018,11,28.7,64,1.3,1332,21.2,1.53,0.0,0.0,Summmer,No Holiday,Yes,4002045,749
2395,29/09/2018,-8,12.1,60,1.8,1464,4.4,0.6,0.1,0.1,Auttumn,No Holiday,No,6594136,1190
2396,25/09/2018,4,12.0,69,0.5,2000,6.4,0.0,0.0,0.0,Auttumn,Holiday,Yes,1172258,159
2397,30/12/2017,0,-0.4,83,1.2,247,-2.9,0.0,0.0,0.0,Wonter,No Holiday,Yes,2225974,273
2398,2/5/2018,5,18.4,87,0.8,209,16.1,0.0,0.4,0.0,Sprng,No Holiday,Yes,1075288,53
2399,20/06/2018,9,21.1,73,2.0,623,16.0,0.43,0.0,0.0,Summr,No Holiday,Yes,7838990,1423
2400,1/5/2018,16,22.6,63,3.1,551,15.1,0.88,0.0,0.0,Spring,Holiday,Yes,9614706,1794
2401,17/01/2018,10,4.3,58,0.5,401,-3.2,0.23,,0.0,Winter,No Holiday,Yes,1459128,204
2402,19/04/2018,15,20.2,21,4.8,1161,-2.8,2.53,0.0,0.0,Sproing,No Holiday,Yes,5816663,1057
2403,27/01/2018,13,-6.6,27,2.1,1889,-22.5,1.24,0.0,0.3,Wonter,No Holiday,Yes,1668042,161
2404,2/4/2018,1,16.0,79,1.0,716,12.3,0.0,0.0,0.0,Sproing,No Holiday,Yes,1788956,303
2405,8/9/2018,17,27.2,35,1.7,2000,10.3,1.32,0.0,0.0,Autumn,No Holiday,Yes,11309619,2206
2406,2/1/2018,12,0.9,29,1.9,1761,-15.1,0.88,0.0,0.0,Wonter,No Holiday,Yes,2244133,266
2407,22/08/2018,19,35.2,41,0.5,2000,19.9,,0.0,0.0,Summmer,No Holiday,Yes,11053873,2113
2408,25/05/2018,20,20.4,45,2.0,1457,8.0,0.06,0.0,0.0,Spriing,No Holiday,Yes,10788864,1972
2409,5/4/2018,17,8.0,96,1.4,298,7.3,0.13,1.0,0.0,Sprng,No Holiday,Yes,504792,38
2410,21/09/2018,-4,13.2,57,,1488,4.8,0.6,0.2,0.1,Summer,No Holiday,Yes,2335810,398
2411,28/07/2018,15,28.9,86,2.2,1592,26.3,0.26,7.3,0.0,Sumer,No Holiday,Yes,2453346,467
2412,30/03/2018,21,13.7,73,1.8,658,8.9,0.0,0.0,0.0,Spriing,No Holiday,Yes,5661302,961
2413,18/10/2018,11,15.0,52,1.4,2000,5.2,1.5,0.0,0.0,Autumn,No Holiday,Yes,5186702,997
2414,25/07/2018,14,33.0,53,1.7,1357,22.1,1.73,0.0,0.0,Sumer,No Holiday,Yes,4573256,755
2415,13/05/2018,13,19.1,65,1.9,1145,12.3,,0.0,0.0,Sprng,No Holiday,Yes,9268168,1823
2416,4/4/2018,12,15.3,54,2.1,1989,6.0,2.83,0.0,0.0,Sprng,No Holiday,Yes,5313241,983
2417,25/08/2018,3,23.1,80,2.0,1849,19.4,0.0,,0.0,Summer,No Holiday,Yes,3226800,473
2418,6/7/2018,12,25.7,57,1.9,2000,16.5,,0.0,0.0,Sumer,No Holiday,Yes,7050791,1268
2419,17/11/2018,-4,12.7,58,,1452,3.3,0.62,0.2,0.1,Wintr,Holiday,Yes,1759946,188
2420,22/09/2018,4,18.9,88,0.8,1226,16.8,0.0,0.0,0.0,Autmn,No Holiday,Yes,1091679,129
2421,16/11/2018,-5,12.4,59,1.8,1473,3.7,0.62,0.1,0.1,Wonter,Holiday,No,4730945,778
2422,21/11/2018,22,4.6,48,2.2,1782,-5.4,0.0,0.0,0.0,Autum,No Holiday,Yes,4812272,834
2423,13/11/2018,18,11.3,42,,1846,-1.1,0.01,0.0,0.0,Autumn,No Holiday,Yes,11994989,2232
2424,18/08/2018,16,31.8,33,2.1,2000,13.5,1.88,0.0,0.0,Sumer,No Holiday,Yes,8019321,1405
2425,29/05/2018,2,20.2,56,2.3,1498,0.0,,,0.0,Sprng,No Holiday,Yes,2710568,447
2426,7/6/2018,13,26.7,47,2.4,806,14.4,3.26,0.0,0.0,Sumer,No Holiday,Yes,6141968,1075
2427,7/11/2018,2,12.0,81,1.3,295,8.8,0.0,0.0,0.0,Auttumn,No Holiday,Yes,1209827,167
2428,4/9/2018,22,22.2,58,1.5,2000,13.5,0.0,0.0,0.0,Auttumn,No Holiday,Yes,10540685,1936
2429,18/12/2017,3,-5.3,76,1.0,767,-8.8,0.0,0.3,0.5,Wintr,No Holiday,Yes,625894,28
2430,2/6/2018,19,25.4,33,2.7,2000,7.9,0.54,0.0,0.0,Summmer,No Holiday,Yes,11917020,2328
2431,21/05/2018,22,16.9,65,0.3,1281,10.2,0.0,0.0,0.0,Sproing,No Holiday,Yes,9834437,1859
2432,5/12/2017,3,-6.9,39,2.0,2000,-18.5,0.0,,0.0,Winter,No Holiday,Yes,993339,83
2433,21/04/2018,10,20.6,24,2.0,950,-0.7,2.29,0.0,0.0,Sproing,No Holiday,Yes,4333055,734
2434,11/3/2018,5,3.9,85,1.6,264,1.6,0.0,0.0,0.0,Sproing,No Holiday,Yes,489608,53
2435,7/8/2018,20,31.1,64,2.7,1770,23.4,0.02,,0.0,Summr,No Holiday,Yes,9744787,1837
2436,4/7/2018,11,30.0,60,2.3,1861,21.3,,0.0,0.0,Summer,No Holiday,Yes,5846201,977
2437,27/05/2018,4,17.9,59,1.3,1261,9.7,0.0,0.0,0.0,Spring,No Holiday,Yes,1660667,222
2438,24/02/2018,0,28.3,2,1.9,1078,6.8,0.0,0.0,0.0,Spriing,No Holiday,No,8173170,1453
2439,29/07/2018,16,36.0,33,1.4,2000,17.1,,,0.0,Sumer,No Holiday,Yes,3944601,768
2440,26/05/2018,16,29.0,31,2.9,889,10.1,2.26,0.0,0.0,Spriing,No Holiday,Yes,8544678,1684
2441,8/4/2018,16,6.1,65,1.5,1465,0.0,0.21,0.0,0.0,Sprng,No Holiday,Yes,1567565,150
2442,4/9/2018,5,,97,1.2,528,19.7,0.0,0.0,0.0,Autum,No Holiday,Yes,1775653,214
2443,2/4/2018,6,14.9,81,0.4,580,11.6,0.0,0.0,0.0,Sprng,No Holiday,Yes,2628001,368
2444,17/02/2018,3,-4.5,28,3.0,2000,-20.3,0.0,0.0,0.0,Winter,Holiday,Yes,628338,40
2445,22/03/2018,0,1.6,86,1.7,1141,-0.4,0.0,0.0,0.0,Sprng,No Holiday,Yes,1636335,226
2446,15/03/2018,1,16.3,68,2.1,1859,10.3,0.0,0.0,0.0,Sproing,No Holiday,Yes,2546542,334
2447,14/09/2018,8,21.4,70,1.5,1986,15.6,0.38,0.0,0.0,Autumn,No Holiday,Yes,11429020,2236
2448,31/01/2018,21,-3.4,40,0.9,2000,-15.0,0.0,0.0,1.6,Winter,No Holiday,Yes,1508635,231
2449,23/04/2018,1,10.6,87,2.3,1523,8.5,0.0,0.1,0.0,Sproing,No Holiday,Yes,933139,42
2450,9/4/2018,-6,13.8,58,1.8,1433,4.3,0.53,,0.1,Spring,No Holiday,No,540393,63
2451,17/04/2018,18,17.1,31,3.3,1501,-0.1,0.93,0.0,0.0,Spring,No Holiday,Yes,10268768,2000
2452,5/3/2018,5,4.7,89,2.3,1242,3.0,0.0,0.0,0.0,Spring,No Holiday,Yes,906623,22
2453,5/2/2018,17,-6.4,28,4.5,2000,-21.9,0.81,0.0,0.0,Winteer,No Holiday,Yes,1833430,218
2454,21/03/2018,13,4.0,64,2.0,1834,-2.2,0.75,0.0,0.0,Spring,No Holiday,Yes,1175026,208
2455,9/11/2018,4,10.6,75,3.2,913,6.3,0.0,0.0,0.0,Autumn,No Holiday,No,251677,0
2456,16/12/2017,14,-3.4,22,4.3,1966,-22.1,1.07,0.0,0.0,Winter,No Holiday,Yes,1788815,323
2457,26/03/2018,0,7.1,84,2.3,185,4.5,0.0,0.0,0.0,Sprng,No Holiday,Yes,1572521,254
2458,16/04/2018,23,9.7,33,0.4,2000,-5.8,0.0,0.0,0.0,Spriing,No Holiday,Yes,3896035,759
2459,21/11/2018,1,6.9,86,0.7,533,4.7,0.0,0.0,0.0,Autmn,No Holiday,Yes,1526448,131
2460,11/7/2018,8,25.1,97,0.8,490,24.5,0.26,0.0,0.0,Summmer,No Holiday,Yes,4343994,808
2461,21/03/2018,9,2.5,40,1.9,2000,-9.7,0.41,0.0,0.0,Sproing,No Holiday,Yes,3235371,613
2462,6/11/2018,-8,12.5,59,1.8,1493,3.7,0.56,0.2,0.1,Winteer,Holiday,No,1130930,121
2463,28/06/2018,13,27.2,68,1.8,1575,20.7,,0.0,0.0,Summr,No Holiday,Yes,5738081,1063
2464,26/04/2018,1,12.4,55,1.0,1836,3.5,0.0,0.0,0.0,Sproing,No Holiday,Yes,3500876,567
2465,21/05/2018,14,23.4,36,2.8,1947,7.4,3.11,0.0,0.0,Spriing,No Holiday,Yes,8583962,1576
2466,27/03/2018,2,8.3,70,0.8,394,3.1,0.0,0.0,0.0,Spring,No Holiday,Yes,1117616,175
2467,18/11/2018,18,8.4,46,2.4,1823,-2.5,0.0,0.0,0.0,Autum,No Holiday,Yes,4751083,913
2468,25/05/2018,17,23.6,28,3.1,1844,4.0,,0.0,0.0,Spring,No Holiday,Yes,10666208,2034
2469,3/4/2018,20,17.3,80,2.4,927,13.8,0.0,0.0,0.0,Sprng,No Holiday,Yes,8000919,1469
2470,17/02/2018,14,-0.1,15,4.0,2000,-23.7,2.39,0.0,0.0,Wonter,Holiday,Yes,1552764,250
2471,12/7/2018,10,26.7,88,1.6,802,24.5,0.89,0.5,0.0,Summer,No Holiday,Yes,4083329,771
2472,12/8/2018,-8,,58,1.7,1424,4.5,0.64,0.1,0.1,Summmer,Holiday,No,7043098,1302
2473,18/11/2018,-9,12.6,59,,1425,3.5,0.63,0.1,0.1,Sproing,Holiday,No,6998739,1267
2474,2/10/2018,16,21.7,36,3.2,1929,5.9,1.64,0.0,0.0,Autmn,No Holiday,No,883234,0
2475,31/08/2018,10,25.5,53,,1843,15.2,1.81,,0.0,Sumer,No Holiday,Yes,4187833,766
2476,18/06/2018,17,29.5,36,3.7,1786,12.8,1.94,0.0,0.0,Summer,No Holiday,Yes,10285246,2031
2477,26/09/2018,10,19.4,47,2.3,2000,7.7,1.45,0.0,0.0,Autum,No Holiday,Yes,5144185,891
2478,20/04/2018,-8,12.1,57,1.9,1400,4.1,0.53,0.2,0.1,Wonter,No Holiday,Yes,1560084,148
2479,8/11/2018,15,11.4,96,2.0,910,10.7,0.07,9.5,0.0,Auttumn,No Holiday,Yes,925231,50
2480,5/5/2018,21,19.3,57,3.1,1924,10.5,0.0,0.0,0.0,Sproing,No Holiday,Yes,8295944,1547
2481,28/11/2018,-8,,58,1.7,1411,4.5,0.55,0.1,0.1,Spring,No Holiday,Yes,6921356,1193
2482,13/11/2018,15,15.3,37,1.8,1774,0.6,1.5,0.0,0.0,Autum,No Holiday,Yes,5767238,1030
2483,2/3/2018,11,0.1,30,1.8,1640,-15.4,2.19,0.0,0.0,Sproing,No Holiday,Yes,2303348,379
2484,1/9/2018,5,21.1,87,0.6,1116,18.8,,0.0,0.0,Autmn,No Holiday,Yes,1550764,256
2485,24/07/2018,2,28.6,66,0.9,2000,21.6,0.0,0.0,0.0,Summr,No Holiday,Yes,3288583,473
2486,30/01/2018,7,-11.3,57,0.9,1984,-18.1,0.0,0.0,0.0,Winter,No Holiday,Yes,1625536,248
2487,27/02/2018,8,2.0,51,0.7,990,-7.0,,0.0,0.0,Winteer,No Holiday,Yes,4886608,782
2488,6/6/2018,20,23.4,64,1.8,1144,16.1,,0.0,0.0,Summmer,Holiday,Yes,11722139,2220
2489,16/05/2018,5,22.3,87,0.6,399,20.0,0.0,0.0,0.0,Spriing,No Holiday,Yes,590159,61
2490,21/09/2018,7,17.6,96,1.7,310,16.9,0.0,5.0,0.0,Autumn,No Holiday,Yes,1251986,54
2491,26/02/2018,-2,13.0,60,1.8,1437,5.7,0.55,0.1,0.1,Summmer,Holiday,No,786353,20
2492,4/4/2018,14,17.9,42,1.3,1981,4.7,3.04,0.0,0.0,Spring,No Holiday,Yes,5705224,1095
2493,18/01/2018,-10,12.3,59,1.7,1438,3.2,0.57,0.1,0.1,Autumn,Holiday,No,3582326,558
2494,9/4/2018,23,9.6,43,1.2,1333,-2.3,0.0,0.0,0.0,Spriing,No Holiday,Yes,3571059,646
2495,20/04/2018,8,13.0,54,1.2,738,3.8,0.68,0.0,0.0,Spriing,No Holiday,Yes,9142604,1706
2496,5/8/2018,12,32.5,59,3.4,1780,23.4,,0.0,0.0,Summr,No Holiday,Yes,3573538,624
2497,6/6/2018,0,21.2,60,0.9,1789,13.1,0.0,0.0,0.0,Summmer,Holiday,Yes,6489072,1276
2498,15/04/2018,10,10.3,62,2.1,914,3.3,1.76,0.0,0.0,Spring,No Holiday,Yes,3293441,633
2499,25/10/2018,14,20.6,31,1.4,1562,2.8,1.7,0.0,0.0,Autumn,No Holiday,Yes,6828189,1193
2500,27/12/2017,11,-6.8,28,2.1,1986,-22.3,0.88,0.0,0.0,Wintr,No Holiday,Yes,1241709,221
2501,10/12/2017,1,-0.2,54,0.5,1747,-8.4,0.0,0.0,0.0,Winter,No Holiday,Yes,1696493,282
2502,25/07/2018,10,30.7,61,2.8,1521,22.3,1.5,0.0,0.0,Summr,No Holiday,Yes,3600533,645
2503,25/07/2018,21,,74,2.2,1342,24.5,0.0,0.0,0.0,Sumer,No Holiday,Yes,9920266,1890
2504,9/12/2017,0,-3.5,48,0.9,1967,-12.9,0.0,0.0,0.0,Wintr,No Holiday,Yes,1751936,286
2505,18/07/2018,6,23.7,83,0.1,713,20.6,0.03,0.0,0.0,Summr,No Holiday,Yes,4401445,711
2506,17/01/2018,12,8.1,51,1.4,367,-1.4,0.75,0.0,0.0,Winter,No Holiday,Yes,2276449,296
2507,2/8/2018,21,33.3,63,1.2,1304,25.2,0.0,0.0,0.0,Summr,No Holiday,Yes,8783812,1582
2508,12/4/2018,22,13.5,15,2.2,2000,-12.6,0.0,0.0,0.0,Sproing,No Holiday,Yes,6374561,1188
2509,14/02/2018,4,1.1,67,1.7,1506,-4.3,0.0,0.0,0.0,Winteer,No Holiday,Yes,792977,60
2510,14/08/2018,-4,13.2,58,,1430,4.5,0.55,0.1,0.1,Spriing,No Holiday,Yes,996920,44
2511,23/06/2018,22,23.0,74,2.4,473,18.1,,,0.0,Summer,No Holiday,Yes,10373918,1884
2512,11/3/2018,20,6.7,32,1.9,1722,-8.8,0.0,0.0,0.0,Sproing,No Holiday,Yes,3701939,573
2513,8/9/2018,19,24.0,41,1.9,2000,9.9,0.1,0.0,0.0,Autmn,No Holiday,Yes,10377391,2031
2514,23/03/2018,-1,12.9,58,1.7,1338,3.2,0.57,0.1,0.1,Autumn,Holiday,No,1277137,97
2515,27/06/2018,2,19.6,97,2.6,201,19.1,0.0,0.4,0.0,Summer,No Holiday,Yes,1455917,171
2516,29/06/2018,-2,13.3,57,1.6,1496,4.7,0.64,0.2,0.1,Autum,Holiday,No,2757898,426
2517,29/10/2018,5,5.1,76,0.7,2000,1.2,0.0,0.0,0.0,Autum,No Holiday,Yes,1338820,147
2518,14/02/2018,8,2.1,65,1.1,1559,-3.8,,0.0,0.0,Winteer,No Holiday,Yes,3610504,645
2519,8/4/2018,8,2.9,53,1.5,1892,-5.7,0.68,0.0,0.0,Sprng,No Holiday,Yes,2189306,333
2520,10/2/2018,3,2.0,71,1.2,534,-2.7,0.0,0.0,0.0,Wonter,No Holiday,Yes,770180,124
2521,21/02/2018,2,-2.9,31,1.6,1931,-17.7,0.0,0.0,0.0,Wintr,No Holiday,Yes,1377359,122
2522,7/2/2018,3,,49,1.5,1885,-21.0,0.0,0.0,0.0,Wonter,No Holiday,Yes,697200,51
2523,29/06/2018,6,21.9,97,0.2,190,21.3,0.0,4.5,0.0,Summmer,No Holiday,Yes,1829253,329
2524,2/6/2018,7,18.1,59,0.6,789,9.9,0.47,0.0,0.0,Summr,No Holiday,Yes,3053014,551
2525,13/08/2018,0,28.4,85,1.3,1406,25.6,0.0,0.0,0.0,Summmer,No Holiday,Yes,2237003,421
2526,21/05/2018,8,15.3,30,1.3,2000,-2.2,1.3,0.0,0.0,Sprng,No Holiday,Yes,9515549,1853
2527,7/3/2018,8,2.6,63,1.6,1857,-3.7,0.14,0.0,0.0,Spriing,No Holiday,Yes,5462692,1037
2528,2/2/2018,15,3.6,26,2.4,1687,-14.1,0.99,0.0,0.0,Winteer,No Holiday,Yes,2497980,331
2529,20/10/2018,-8,12.6,58,1.7,1419,3.9,0.63,0.2,0.1,Summer,No Holiday,No,7018483,1319
2530,9/5/2018,17,21.3,34,2.7,1967,4.7,1.82,0.0,0.0,Spring,No Holiday,Yes,10952230,2080
2531,11/5/2018,4,11.9,85,0.7,315,9.4,0.0,0.0,0.0,Spriing,No Holiday,Yes,1508542,165
2532,5/6/2018,5,18.1,73,0.5,1182,13.1,0.0,0.0,0.0,Sumer,No Holiday,Yes,2333912,290
2533,3/5/2018,13,13.4,56,3.7,1693,4.7,0.82,0.1,0.0,Sproing,No Holiday,Yes,3123720,526
2534,31/08/2018,4,23.2,83,1.6,1102,20.1,0.0,0.0,0.0,Summmer,No Holiday,Yes,1829532,176
2535,2/2/2018,14,3.2,26,2.2,1499,-14.5,1.16,0.0,0.0,Winter,No Holiday,Yes,2265872,314
2536,22/04/2018,9,16.9,45,,1958,4.8,,0.0,0.0,Sprng,No Holiday,Yes,1701637,275
2537,2/7/2018,0,21.4,97,0.6,680,20.8,,2.5,0.0,Summmer,No Holiday,Yes,607244,21
2538,6/4/2018,6,6.1,96,2.1,798,5.5,0.0,0.0,0.0,Spring,No Holiday,Yes,1816678,174
2539,22/05/2018,11,21.9,55,1.4,1820,12.4,1.87,0.0,0.0,Sproing,Holiday,Yes,7683492,1506
2540,22/06/2018,9,24.2,47,1.2,822,12.1,1.94,0.0,0.0,Summr,No Holiday,Yes,7180702,1301
2541,20/10/2018,17,19.2,23,1.5,2000,-2.4,0.62,,0.0,Autum,No Holiday,Yes,10335509,1979
2542,26/02/2018,6,-2.7,72,0.5,1253,-7.0,0.0,0.0,0.0,Wintr,No Holiday,Yes,1815826,168
2543,7/11/2018,3,10.8,88,1.0,145,8.8,0.0,0.5,0.0,Auttumn,No Holiday,Yes,580938,50
2544,11/8/2018,10,31.3,53,1.8,2000,20.5,2.34,0.0,0.0,Summer,No Holiday,Yes,3928241,640
2545,10/4/2018,15,21.4,33,,1998,4.4,1.63,0.0,0.0,Spring,No Holiday,Yes,5307969,950
2546,17/10/2018,8,9.2,68,0.2,952,3.5,0.28,0.0,0.0,Autum,No Holiday,Yes,12165333,2254
2547,26/10/2018,22,10.5,72,2.4,2000,5.6,0.0,0.0,0.0,Autum,No Holiday,Yes,3438229,658
2548,24/11/2018,16,3.5,82,1.6,1092,0.7,0.51,0.0,3.6,Autmn,No Holiday,Yes,2372348,405
2549,7/12/2017,5,1.5,92,1.1,175,0.3,0.0,0.0,0.9,Wonter,No Holiday,Yes,1208583,83
2550,5/11/2018,11,13.8,47,,994,2.6,1.71,0.0,0.0,Autumn,No Holiday,Yes,4300956,831
2551,28/08/2018,17,24.8,96,1.8,564,24.1,0.14,2.5,0.0,Summer,No Holiday,Yes,1090506,53
2552,21/09/2018,12,19.1,91,2.0,1971,17.5,0.63,0.0,0.0,Autum,No Holiday,Yes,1560084,148
2553,26/01/2018,16,-10.8,28,,1778,-25.8,0.77,0.0,0.4,Wonter,No Holiday,Yes,1272539,163
2554,16/12/2017,19,-6.0,32,2.4,2000,-20.0,0.0,0.0,0.0,Wonter,No Holiday,Yes,1326005,168
2555,18/02/2018,9,-4.1,30,0.5,2000,-19.1,0.28,0.0,0.0,Wonter,No Holiday,Yes,902278,128
2556,10/9/2018,1,20.5,58,1.7,2000,11.9,0.0,0.0,0.0,Autumn,No Holiday,Yes,3306517,489
2557,13/05/2018,12,18.3,65,1.2,1489,11.5,,0.0,0.0,Spriing,No Holiday,Yes,7498841,1442
2558,22/10/2018,3,10.2,60,1.0,1796,2.7,0.0,0.0,0.0,Autum,No Holiday,Yes,1047984,149
2559,16/09/2018,20,21.1,88,1.7,404,19.0,0.0,0.0,0.0,Autmn,No Holiday,Yes,6303244,1086
2560,30/08/2018,18,26.1,72,2.4,1066,20.6,,0.0,0.0,Summmer,No Holiday,Yes,9687193,1900
2561,7/6/2018,19,24.0,60,,1379,15.7,0.38,0.0,0.0,Summr,No Holiday,Yes,14077765,2665
2562,12/9/2018,23,,62,0.8,2000,14.5,0.0,0.0,0.0,Autumn,No Holiday,Yes,7276601,1269
2563,20/04/2018,5,11.4,60,0.4,851,3.8,0.0,0.0,0.0,Spring,No Holiday,Yes,1309633,154
2564,20/10/2018,22,,58,0.0,1480,4.6,0.0,0.0,0.0,Autmn,No Holiday,Yes,6604328,1158
2565,13/10/2018,23,11.0,62,0.3,946,3.9,0.0,0.0,0.0,Auttumn,No Holiday,Yes,5044854,903
2566,21/10/2018,22,12.2,57,0.0,1544,3.9,0.0,,0.0,Autumn,No Holiday,Yes,5541979,1078
2567,25/03/2018,1,6.4,82,1.2,186,3.5,0.0,0.0,0.0,Spring,No Holiday,Yes,1514067,271
2568,11/4/2018,0,14.4,82,4.6,1041,11.3,0.0,0.0,0.0,Spring,No Holiday,No,861172,0
2569,14/09/2018,15,26.6,55,1.8,2000,16.8,1.1,,0.0,Autmn,No Holiday,Yes,8173950,1444
2570,28/12/2017,14,0.8,55,1.8,1132,-7.2,0.59,0.0,0.0,Winteer,No Holiday,Yes,2353485,307
2571,23/01/2018,16,-10.1,34,4.3,2000,-23.0,0.74,0.0,1.0,Winter,No Holiday,Yes,1222316,203
2572,27/06/2018,11,23.4,73,1.3,827,18.2,2.38,0.0,0.0,Summmer,No Holiday,Yes,5152942,1006
2573,20/05/2018,20,19.0,26,1.5,2000,-0.9,0.02,0.0,0.0,Spriing,No Holiday,Yes,10032364,1865
2574,9/6/2018,2,19.4,84,0.7,382,16.6,,0.0,0.0,Summmer,No Holiday,Yes,4641663,763
2575,16/11/2018,11,11.9,44,2.1,791,0.0,,0.0,0.0,Auttumn,No Holiday,Yes,4866566,820
2576,8/4/2018,-3,12.5,57,1.8,1460,2.7,0.6,,0.1,Sprng,No Holiday,Yes,2930913,470
2577,17/06/2018,22,22.2,70,0.5,1056,16.4,0.0,0.0,0.0,Summmer,No Holiday,Yes,9606149,1836
2578,10/9/2018,8,20.1,57,1.6,2000,11.3,0.73,0.0,0.0,Autum,No Holiday,Yes,12085687,2246
2579,18/09/2018,1,,71,0.4,1912,13.9,0.0,0.0,0.0,Auttumn,No Holiday,No,988895,0
2580,25/02/2018,21,0.2,55,2.5,1942,-7.7,0.0,0.0,0.0,Wonter,No Holiday,Yes,1998078,235
2581,11/6/2018,9,22.2,48,1.7,1889,10.6,1.77,0.0,0.0,Sumer,No Holiday,Yes,6738084,1300
2582,5/1/2018,13,0.9,43,2.0,1112,-10.2,0.98,0.0,0.0,Wonter,No Holiday,Yes,1988070,335
2583,3/11/2018,21,11.1,69,0.9,619,5.6,,0.0,0.0,Autum,No Holiday,No,934168,0
2584,13/04/2018,6,8.3,35,0.3,2000,-6.2,0.0,0.0,0.0,Sprng,No Holiday,Yes,2387174,375
2585,20/06/2018,10,22.2,70,3.1,740,16.4,1.44,0.0,0.0,Summr,No Holiday,Yes,6006602,1044
2586,11/11/2018,13,9.8,70,1.7,360,4.5,0.33,0.0,0.0,Autmn,No Holiday,Yes,4616418,780
2587,29/08/2018,-2,12.5,58,1.8,1459,3.4,0.59,,0.0,Spriing,Holiday,No,7354121,1296
2588,14/12/2017,12,-4.9,34,,1768,-18.3,0.6,0.0,0.0,Winteer,No Holiday,Yes,2208434,279
2589,28/08/2018,20,23.3,97,3.3,183,22.7,0.0,15.5,0.0,Summer,No Holiday,Yes,935679,12
2590,23/05/2018,15,23.0,29,2.9,1876,3.9,3.11,0.0,0.0,Sproing,No Holiday,Yes,7326559,1396
2591,4/4/2018,18,16.0,47,2.1,2000,4.6,0.79,0.0,0.0,Spriing,No Holiday,Yes,13148662,2479
2592,17/12/2017,1,-8.4,40,1.6,2000,-19.6,0.0,0.0,0.0,Wonter,No Holiday,Yes,1152611,157
2593,6/11/2018,11,13.0,55,1.0,488,4.1,0.84,0.0,0.0,Autum,No Holiday,No,571386,0
2594,28/02/2018,-5,13.3,58,1.8,1397,5.1,0.57,0.1,0.1,Sumer,Holiday,Yes,2285574,410
2595,3/9/2018,10,23.3,89,0.7,1716,21.3,0.2,0.5,0.0,Auttumn,No Holiday,Yes,2709411,483
2596,7/10/2018,10,18.1,56,2.6,1720,9.1,1.79,0.0,0.0,Autum,No Holiday,Yes,5343737,927
2597,12/11/2018,9,5.2,55,1.4,1752,-3.1,0.67,0.0,0.0,Autumn,No Holiday,Yes,5246176,932
2598,26/06/2018,-3,13.3,59,1.6,1491,5.2,0.56,0.2,0.1,Sproing,Holiday,Yes,752792,128
2599,12/2/2018,9,-8.4,28,2.2,1947,-23.7,0.49,0.0,0.0,Wintr,No Holiday,Yes,1940602,270
2600,10/12/2017,20,0.6,57,3.9,1954,-6.9,0.0,0.0,0.0,Winter,No Holiday,Yes,979634,147
2601,15/04/2018,21,9.6,66,1.7,1850,3.5,0.0,0.0,0.0,Spriing,No Holiday,Yes,3229631,456
2602,26/02/2018,13,8.1,26,1.2,1422,-10.2,2.48,0.0,0.0,Winteer,No Holiday,Yes,2715528,491
2603,28/05/2018,18,26.0,39,2.7,1950,10.9,1.07,0.0,0.0,Spring,No Holiday,Yes,16362942,3225
2604,21/07/2018,3,26.1,74,0.1,1683,21.0,0.0,0.0,0.0,Summer,No Holiday,Yes,3148291,496
2605,14/10/2018,7,6.9,81,0.8,665,3.8,0.01,0.0,0.0,Autum,No Holiday,Yes,1860747,323
2606,4/12/2017,11,-0.5,41,4.1,1799,-12.1,0.94,0.0,0.0,Winteer,No Holiday,Yes,2537700,378
2607,17/04/2018,16,19.5,28,3.0,1605,0.4,2.24,0.0,0.0,Spring,No Holiday,Yes,7349216,1299
2608,24/09/2018,8,15.4,52,2.2,1985,5.5,0.49,0.0,0.0,Autmn,Holiday,Yes,2186877,309
2609,29/09/2018,5,15.0,77,0.5,2000,10.9,0.0,0.0,0.0,Autum,No Holiday,Yes,1820490,180
2610,29/03/2018,6,12.6,83,0.5,332,9.7,0.0,0.0,0.0,Sproing,No Holiday,Yes,1925692,273
2611,15/02/2018,23,-2.5,31,1.4,1996,-17.3,0.0,0.0,0.0,Winteer,Holiday,Yes,1480796,119
2612,26/01/2018,6,-17.4,40,1.6,2000,-27.7,0.0,0.0,0.5,Wonter,No Holiday,Yes,1211052,88
2613,7/2/2018,4,-13.1,54,0.7,1369,-20.4,0.0,0.0,0.0,Wintr,No Holiday,Yes,559401,34
2614,2/12/2017,2,-2.9,86,1.5,1256,-4.9,0.0,0.0,0.0,Wonter,No Holiday,Yes,1450844,242
2615,22/04/2018,3,15.2,31,0.3,2000,-1.8,0.0,0.0,0.0,Spriing,No Holiday,Yes,2132821,287
2616,31/03/2018,3,10.7,74,1.7,712,6.2,,0.0,0.0,Sproing,No Holiday,Yes,2039502,275
2617,13/04/2018,17,18.1,16,1.4,2000,-8.1,0.45,0.0,0.0,Sprng,No Holiday,Yes,9027419,1722
2618,1/9/2018,8,22.3,64,1.7,2000,15.1,0.75,0.0,0.0,Autmn,No Holiday,Yes,5048085,813
2619,15/10/2018,23,14.1,74,1.5,486,9.5,,0.0,0.0,Autum,No Holiday,Yes,5369225,913
2620,21/08/2018,16,30.4,53,2.0,1990,19.7,1.82,,0.0,Summmer,No Holiday,Yes,6324721,1108
2621,28/08/2018,-4,12.5,57,1.6,1414,4.1,0.6,0.1,0.0,Winter,No Holiday,No,5333661,880
2622,28/01/2018,8,-8.1,43,1.7,1943,-18.5,0.0,0.0,0.0,Wonter,No Holiday,Yes,1028096,60
2623,25/09/2018,2,13.4,62,0.2,2000,6.2,0.0,0.0,0.0,Autmn,Holiday,Yes,2227076,265
2624,10/2/2018,10,1.8,73,,270,-2.5,0.69,0.0,0.0,Winteer,No Holiday,Yes,2194858,260
2625,6/3/2018,10,3.7,51,1.3,1596,-5.5,1.56,0.0,0.0,Sproing,No Holiday,Yes,2349665,364
2626,5/3/2018,7,3.8,87,2.2,2000,1.8,0.0,0.0,0.0,Sproing,No Holiday,Yes,878508,75
2627,13/07/2018,6,24.8,84,1.1,1426,21.9,0.0,0.0,0.0,Summmer,No Holiday,Yes,3590210,680
2628,28/09/2018,16,21.9,46,1.2,1995,9.7,1.67,0.0,0.0,Autmn,No Holiday,No,164409,0
2629,11/8/2018,15,35.0,41,1.5,2000,19.7,2.4,,0.0,Summr,No Holiday,Yes,4586565,737
2630,23/11/2018,1,-0.6,44,2.3,2000,-11.3,0.0,0.0,0.0,Autumn,No Holiday,Yes,2356591,398
2631,31/10/2018,-6,12.6,57,,1441,4.6,,0.1,0.1,Autumn,No Holiday,No,2554559,481
2632,30/04/2018,3,14.3,61,1.0,475,6.8,0.0,0.0,0.0,Spring,No Holiday,Yes,1328263,167
2633,12/7/2018,0,26.7,79,0.9,1590,22.7,0.0,0.0,0.0,Summer,No Holiday,Yes,5136231,940
2634,2/2/2018,-6,13.3,60,1.7,1383,3.4,0.58,,0.0,Summer,Holiday,Yes,2305814,373
2635,8/12/2017,14,-1.3,27,3.1,1906,-17.9,1.12,0.0,0.0,Winter,No Holiday,Yes,2439341,361
2636,24/12/2017,0,5.6,78,0.6,196,2.0,0.0,0.0,0.0,Wonter,Holiday,Yes,2166412,246
2637,29/12/2017,16,5.4,56,2.2,396,-2.6,0.39,0.0,0.0,Wonter,No Holiday,Yes,3049264,445
2638,9/9/2018,15,28.9,27,1.8,2000,8.0,2.9,0.0,0.0,Autumn,No Holiday,Yes,9932482,1920
2639,10/8/2018,18,35.2,44,2.6,2000,21.1,1.23,0.0,0.0,Summmer,No Holiday,Yes,11979040,2360
2640,3/4/2018,13,20.1,61,2.6,1117,12.3,1.01,0.0,0.0,Sprng,No Holiday,Yes,5306030,973
2641,28/04/2018,15,21.1,25,4.1,1885,0.2,2.96,0.0,0.0,Spriing,No Holiday,Yes,9805161,1891
2642,17/11/2018,21,5.0,42,1.5,1927,-6.8,0.0,0.0,0.0,Autumn,No Holiday,Yes,3738497,705
2643,22/08/2018,2,24.2,79,0.6,1882,20.3,0.0,0.0,0.0,Sumer,No Holiday,Yes,2965257,528
2644,12/5/2018,19,15.5,97,0.7,403,15.0,0.0,2.0,0.0,Spring,No Holiday,Yes,831991,28
2645,9/6/2018,6,19.0,84,0.5,440,16.2,0.05,0.0,0.0,Summr,No Holiday,Yes,2404233,408
2646,28/03/2018,7,9.6,82,,284,6.6,0.04,0.0,0.0,Sproing,No Holiday,Yes,3829164,727
2647,7/5/2018,21,19.6,64,1.5,1297,12.5,0.0,0.0,0.0,Sprng,No Holiday,Yes,9386429,1695
2648,22/01/2018,12,3.9,28,0.9,1383,-12.9,0.6,0.0,0.0,Wintr,No Holiday,Yes,2698875,345
2649,7/4/2018,17,7.6,36,5.3,2000,-6.5,1.8,0.0,0.0,Spriing,No Holiday,Yes,5090946,878
2650,10/7/2018,10,22.6,85,0.9,1996,19.9,,0.0,0.0,Summmer,No Holiday,Yes,4910880,833
2651,5/5/2018,15,23.8,29,4.7,1876,4.6,,0.0,0.0,Sprng,No Holiday,Yes,9607942,1897
2652,6/10/2018,12,18.0,92,,1999,16.6,0.45,1.0,0.0,Autmn,No Holiday,Yes,1061776,115
2653,19/11/2018,11,9.8,51,0.5,781,0.1,1.42,0.0,0.0,Autumn,No Holiday,Yes,4386763,712
2654,26/04/2018,0,13.1,47,0.3,1877,2.0,0.0,0.0,0.0,Sprng,No Holiday,Yes,4115151,686
2655,28/06/2018,12,27.0,68,2.0,1863,20.5,,0.0,0.0,Summr,No Holiday,Yes,6434572,1149
2656,7/4/2018,16,7.9,34,4.7,1979,-7.0,1.09,0.0,0.0,Spring,No Holiday,Yes,4913075,890
2657,28/07/2018,22,29.0,74,0.9,1652,23.8,0.0,0.0,0.0,Summer,No Holiday,Yes,6755756,1168
2658,10/1/2018,8,-7.9,67,2.6,1896,-12.9,0.0,0.0,0.7,Wintr,No Holiday,Yes,2254643,417
2659,20/01/2018,6,-0.1,60,0.4,1080,-6.9,0.0,0.0,0.0,Winteer,No Holiday,Yes,544024,54
2660,30/01/2018,6,-11.2,53,0.9,2000,-18.9,0.0,0.0,0.0,Winter,No Holiday,Yes,1170338,87
2661,9/10/2018,8,11.4,66,0.8,1991,5.2,0.18,0.0,0.0,Autum,Holiday,No,103913,0
2662,12/3/2018,23,6.8,56,0.9,497,-1.3,0.0,0.0,0.0,Sprng,No Holiday,Yes,2090611,377
2663,18/07/2018,-6,13.3,57,1.8,1421,3.7,,0.1,0.1,Summer,No Holiday,No,3649103,572
2664,14/05/2018,14,23.1,56,1.6,391,13.8,2.67,0.0,0.0,Sprng,No Holiday,Yes,6269225,1114
2665,3/9/2018,12,23.9,83,1.1,1901,20.8,0.27,0.0,0.0,Autumn,No Holiday,Yes,3821670,625
2666,18/08/2018,12,29.8,33,1.5,1936,11.7,3.14,0.0,0.0,Sumer,No Holiday,Yes,5444844,916
2667,30/05/2018,18,23.6,42,2.1,2000,9.9,1.23,0.0,0.0,Spriing,No Holiday,Yes,17130517,3341
2668,10/7/2018,15,25.7,77,0.5,1875,21.3,,0.0,0.0,Summr,No Holiday,Yes,6178242,1197
2669,22/08/2018,23,31.2,50,1.8,2000,19.5,0.0,0.0,0.0,Summmer,No Holiday,Yes,6315013,1115
2670,8/9/2018,4,17.2,66,0.6,2000,10.7,0.0,0.0,0.0,Autum,No Holiday,Yes,2050893,311
2671,2/8/2018,1,31.5,69,1.5,1512,25.1,0.0,0.0,0.0,Sumer,No Holiday,Yes,4048188,678
2672,25/02/2018,20,1.3,49,2.8,1683,-8.2,0.0,0.0,0.0,Winteer,No Holiday,Yes,1788494,246
2673,21/05/2018,7,12.3,0,0.9,1989,-2.7,0.48,0.0,0.0,Sprng,No Holiday,Yes,6556245,1116
2674,20/05/2018,3,13.5,41,1.0,2000,0.4,,0.0,0.0,Sprng,No Holiday,Yes,2401402,370
2675,3/9/2018,20,21.5,97,0.3,2000,20.9,0.0,0.5,0.0,Auttumn,No Holiday,Yes,1402108,137
2676,22/06/2018,19,27.1,32,3.5,2000,8.9,0.52,0.0,0.0,Summer,No Holiday,Yes,14307545,2802
2677,24/09/2018,23,,51,0.4,2000,5.5,0.0,0.0,0.0,Autumn,Holiday,Yes,3865410,735
2678,22/12/2017,-9,12.8,58,1.7,1433,4.2,0.61,0.2,0.1,Autum,No Holiday,No,1318457,183
2679,4/10/2018,2,14.0,73,0.5,1992,9.2,0.0,0.0,0.0,Auttumn,No Holiday,No,688094,0
2680,25/03/2018,9,6.3,73,1.3,218,1.8,0.79,0.0,0.0,Spring,No Holiday,Yes,2552584,335
2681,20/06/2018,15,27.9,45,3.6,1558,14.8,3.04,0.0,0.0,Summmer,No Holiday,Yes,7354121,1296
2682,2/8/2018,14,37.3,40,1.8,1666,21.4,1.52,,0.0,Summmer,No Holiday,Yes,2998814,530
2683,26/06/2018,10,20.3,97,1.0,103,19.8,0.12,,0.0,Summmer,No Holiday,Yes,1017228,9
2684,10/11/2018,10,12.2,73,1.9,374,7.4,0.92,0.0,0.0,Auttumn,No Holiday,Yes,4002655,692
2685,20/05/2018,18,22.2,22,1.8,2000,-0.5,1.25,0.0,0.0,Sprng,No Holiday,Yes,12488962,2432
2686,29/03/2018,21,14.4,66,,677,8.1,0.0,,0.0,Sproing,No Holiday,Yes,5526090,1061
2687,9/7/2018,11,20.6,82,1.0,2000,17.4,0.29,0.3,0.0,Summer,No Holiday,Yes,1838607,194
2688,15/12/2017,0,-5.7,53,0.6,1262,-13.7,0.0,0.0,0.0,Wintr,No Holiday,Yes,1377410,241
2689,4/10/2018,10,19.0,49,1.7,1980,8.0,1.73,0.0,0.0,Autmn,No Holiday,No,838705,0
2690,1/5/2018,21,20.2,74,1.3,554,15.4,0.0,0.0,0.0,Spriing,Holiday,Yes,8732120,1660
2691,25/03/2018,6,4.6,84,0.7,193,2.1,0.0,0.0,0.0,Sproing,No Holiday,Yes,979169,85
2692,20/04/2018,17,25.6,30,2.3,671,6.7,1.47,0.0,0.0,Spring,No Holiday,Yes,8204467,1611
2693,2/2/2018,1,-5.2,56,0.9,1973,-12.6,0.0,0.0,0.0,Wintr,No Holiday,Yes,1236184,159
2694,22/09/2018,23,17.9,66,1.0,2000,11.4,0.0,0.0,0.0,Autmn,No Holiday,Yes,6117629,1095
2695,26/04/2018,7,10.7,68,0.8,1093,5.0,0.27,0.0,0.0,Spriing,No Holiday,Yes,6158907,1155
2696,16/04/2018,-5,12.5,59,1.7,1434,4.0,0.56,0.2,0.1,Summr,Holiday,Yes,11115617,2035
2697,19/11/2018,8,3.5,71,0.8,958,-1.2,0.06,0.0,0.0,Autum,No Holiday,Yes,9489176,1826
2698,7/7/2018,11,25.0,48,1.5,1986,13.2,2.95,,0.0,Summer,No Holiday,Yes,6240859,1119
2699,14/11/2018,3,6.1,66,0.5,1347,0.2,0.0,0.0,0.0,Auttumn,No Holiday,Yes,1519127,215
2700,26/08/2018,10,26.3,53,1.6,2000,15.9,,0.0,0.0,Summr,No Holiday,Yes,4138872,674
2701,13/04/2018,5,9.1,34,0.9,2000,-5.9,0.0,0.0,0.0,Spring,No Holiday,Yes,1622718,141
2702,30/08/2018,23,24.3,71,0.8,1549,18.6,0.0,0.0,0.0,Sumer,No Holiday,Yes,6075206,1191
2703,27/04/2018,0,11.8,59,2.4,1535,4.0,0.0,0.0,0.0,Sproing,No Holiday,Yes,4339446,668
2704,24/05/2018,20,20.0,46,2.6,1414,8.0,0.05,0.0,0.0,Sproing,No Holiday,Yes,10711573,1986
2705,17/07/2018,-1,12.3,58,1.7,1410,3.3,0.58,0.1,0.1,Wintr,Holiday,Yes,3010284,489
2706,6/8/2018,12,33.2,59,2.6,1289,24.0,2.37,0.0,0.0,Summr,No Holiday,Yes,3807243,606
2707,21/12/2017,21,-0.4,74,0.6,1065,-4.4,0.0,0.0,0.8,Wintr,No Holiday,Yes,1704893,260
2708,13/01/2018,19,-3.3,76,0.8,633,-6.9,0.0,0.0,0.0,Winteer,No Holiday,Yes,1147845,171
2709,12/4/2018,6,7.1,55,1.8,1780,-1.3,0.0,0.0,0.0,Sprng,No Holiday,Yes,2136321,372
2710,10/11/2018,22,10.6,81,1.2,281,7.4,0.0,0.0,0.0,Auttumn,No Holiday,Yes,5014107,857
2711,27/09/2018,21,18.7,48,1.3,2000,7.4,0.0,0.0,0.0,Autum,No Holiday,Yes,10453711,1965
2712,18/04/2018,21,12.1,40,2.0,1308,-1.1,0.0,0.0,0.0,Sprng,No Holiday,Yes,6333117,1205
2713,25/09/2018,17,22.9,33,1.4,2000,5.7,0.83,0.0,0.0,Autum,Holiday,Yes,10906009,2032
2714,14/03/2018,9,14.6,62,1.2,1768,7.3,0.19,0.0,0.0,Spriing,No Holiday,Yes,4267645,781
2715,13/03/2018,10,10.9,40,0.5,714,-2.1,0.55,0.0,0.0,Sprng,No Holiday,Yes,2569700,453
2716,9/11/2018,7,10.4,81,3.0,1741,7.2,0.0,0.0,0.0,Autumn,No Holiday,No,455084,0
2717,26/07/2018,19,32.3,63,2.1,1037,24.3,0.41,0.0,0.0,Sumer,No Holiday,Yes,10753423,1978
2718,18/07/2018,22,27.2,73,1.5,1005,21.9,0.0,0.0,0.0,Summr,No Holiday,Yes,10437347,2056
2719,13/09/2018,5,20.5,70,1.2,2000,14.8,0.0,0.0,0.0,Autum,No Holiday,Yes,1554693,264
2720,16/07/2018,8,26.4,69,0.5,1559,20.2,,0.0,0.0,Summer,No Holiday,Yes,10414902,1914
2721,30/05/2018,22,17.3,76,1.7,801,13.0,0.0,0.0,0.0,Sprng,No Holiday,Yes,9393677,1778
2722,4/7/2018,6,24.0,84,0.1,1969,21.1,0.05,0.0,0.0,Summmer,No Holiday,Yes,4372983,747
2723,1/10/2018,10,16.3,47,3.6,1815,4.9,1.93,0.0,0.0,Autmn,No Holiday,Yes,4625751,860
2724,23/05/2018,2,15.0,97,2.5,236,14.5,0.0,3.0,0.0,Spring,No Holiday,Yes,420992,32
2725,12/6/2018,10,22.1,53,1.1,1999,12.0,2.28,0.0,0.0,Summer,No Holiday,Yes,5530357,965
2726,1/7/2018,11,21.2,97,,105,20.6,0.15,18.5,0.0,Sumer,No Holiday,Yes,621672,6
2727,26/10/2018,15,14.0,87,1.2,1482,11.8,0.68,1.0,0.0,Autmn,No Holiday,Yes,3661157,578
2728,24/08/2018,-7,13.8,58,1.8,1451,4.7,0.64,0.2,0.1,Autumn,Holiday,Yes,4768791,796
2729,18/05/2018,23,13.2,68,1.8,2000,7.4,0.0,0.0,0.0,Spriing,No Holiday,Yes,5277549,868
2730,27/08/2018,4,20.5,97,0.1,257,20.0,0.0,3.5,0.0,Summmer,No Holiday,Yes,449169,29
2731,24/11/2018,23,-11.0,1,0.4,1799,2.1,0.25,0.0,0.5,Wintr,No Holiday,No,1449653,250
2732,20/03/2018,19,3.2,45,3.7,2000,-7.6,0.02,0.0,0.0,Sprng,No Holiday,Yes,3943033,728
2733,4/1/2018,8,-8.6,55,0.6,1984,-16.0,0.0,0.0,0.0,Wintr,No Holiday,Yes,3443149,596
2734,17/01/2018,20,3.5,72,1.7,361,-1.0,0.0,0.0,0.0,Winteer,No Holiday,Yes,2159751,282
2735,22/03/2018,5,1.1,88,0.9,927,-0.6,0.0,0.0,0.0,Sprng,No Holiday,Yes,737672,51
2736,19/12/2017,9,-5.3,48,2.6,1810,-14.6,0.18,0.0,2.5,Winteer,No Holiday,Yes,1654861,203
2737,26/06/2018,0,26.9,61,,805,18.7,0.0,0.0,0.0,Summr,No Holiday,Yes,6486344,1106
2738,21/04/2018,11,23.1,19,2.0,1172,-1.8,2.85,0.0,0.0,Sprng,No Holiday,Yes,5285801,938
2739,30/06/2018,7,22.5,86,0.6,299,20.0,0.07,0.0,0.0,Summr,No Holiday,Yes,3356580,479
2740,16/07/2018,23,26.6,75,1.5,1996,21.7,0.0,0.0,0.0,Summer,No Holiday,Yes,6793054,1284
2741,14/08/2018,19,32.7,56,2.2,2000,22.7,0.33,0.0,0.0,Summer,No Holiday,Yes,10163310,1933
2742,8/1/2018,19,0.9,88,1.6,290,-0.8,0.0,0.0,0.5,Winter,No Holiday,Yes,1128286,154
2743,13/11/2018,14,15.0,37,1.6,1703,0.4,1.82,0.0,0.0,Autmn,No Holiday,Yes,4627468,896
2744,17/04/2018,19,14.5,31,3.1,1558,-2.4,0.25,0.0,0.0,Spriing,No Holiday,Yes,7767424,1370
2745,15/01/2018,8,4.1,85,1.1,470,1.7,0.0,0.0,0.0,Winteer,No Holiday,Yes,2769902,496
2746,27/03/2018,21,13.4,73,1.5,325,8.6,,0.0,0.0,Spring,No Holiday,Yes,4878291,847
2747,15/02/2018,20,-0.4,27,2.2,2000,-17.1,0.0,0.0,0.0,Wintr,Holiday,Yes,931150,151
2748,29/09/2018,7,14.7,76,0.8,2000,10.5,0.02,0.0,0.0,Autmn,No Holiday,Yes,3554666,549
2749,10/4/2018,4,,48,1.0,1458,-2.8,0.0,0.0,0.0,Spriing,No Holiday,Yes,1169513,111
2750,9/2/2018,4,-4.4,47,0.9,1343,-14.0,0.0,0.0,0.0,Wonter,No Holiday,Yes,1117949,51
2751,25/01/2018,8,-16.4,32,3.3,2000,-29.2,0.01,0.0,0.6,Wonter,No Holiday,Yes,2560112,364
2752,10/8/2018,15,34.8,47,2.4,2000,21.8,2.21,0.0,0.0,Sumer,No Holiday,Yes,4243220,744
2753,29/04/2018,20,16.9,42,2.7,942,3.8,0.0,0.0,0.0,Sproing,No Holiday,Yes,8525780,1512
2754,27/10/2018,4,8.8,61,2.8,2000,1.6,0.0,0.0,0.0,Autum,No Holiday,Yes,1276606,228
2755,28/12/2017,-7,13.3,56,1.7,1468,4.8,0.58,0.2,0.1,Sprng,Holiday,Yes,4457675,832
2756,10/2/2018,11,2.6,62,2.9,294,-3.9,1.12,0.0,0.0,Winteer,No Holiday,Yes,1580231,247
2757,22/12/2017,23,5.8,74,2.5,832,1.5,0.0,0.0,0.0,Wonter,Holiday,Yes,1759490,260
2758,3/11/2018,7,5.2,79,,894,1.8,0.0,0.0,0.0,Autum,No Holiday,No,538230,0
2759,1/9/2018,-7,13.2,58,1.7,1446,4.3,0.57,,0.1,Winter,Holiday,Yes,2096324,371
2760,12/12/2017,17,-7.0,32,2.6,2000,-20.9,0.19,0.0,0.0,Winter,No Holiday,Yes,2105384,304
2761,10/3/2018,-9,13.1,57,1.7,1392,3.8,,0.2,0.1,Sproing,Holiday,Yes,4546391,734
2762,10/5/2018,2,13.1,73,1.9,1895,8.3,0.0,0.0,0.0,Spriing,No Holiday,No,587489,0
2763,20/12/2017,17,-0.9,70,1.1,299,-5.6,,0.0,2.2,Wonter,No Holiday,Yes,1555163,232
2764,1/6/2018,8,20.6,55,,1200,11.2,,0.0,0.0,Sumer,No Holiday,Yes,11248786,2194
2765,21/12/2017,7,-5.3,90,1.1,311,-6.6,0.0,0.0,2.2,Wintr,No Holiday,Yes,1396905,180
2766,12/2/2018,9,-8.4,28,2.2,1947,-23.7,0.49,0.0,0.0,Wintr,No Holiday,Yes,1940602,270
2767,25/04/2018,18,21.2,32,3.8,1927,3.8,0.94,0.0,0.0,Sproing,No Holiday,Yes,14308385,2831
2768,23/03/2018,19,8.3,48,3.0,779,-2.0,0.06,0.0,0.0,Sprng,No Holiday,Yes,5462054,966
2769,11/2/2018,10,-6.9,21,,1827,-25.6,1.16,0.0,0.0,Winteer,No Holiday,Yes,863999,131
2770,16/07/2018,8,26.4,69,0.5,1559,20.2,,0.0,0.0,Summer,No Holiday,Yes,10414902,1914
2771,14/07/2018,17,31.5,53,,1974,20.7,2.02,0.0,0.0,Summer,No Holiday,Yes,7295707,1405
2772,20/06/2018,13,26.2,51,3.2,1078,15.2,3.36,0.0,0.0,Sumer,No Holiday,Yes,6854080,1201
2773,10/9/2018,13,27.1,38,1.7,2000,11.5,2.56,0.0,0.0,Autum,No Holiday,Yes,6448923,1117
2774,24/05/2018,8,15.2,50,1.6,1530,4.8,1.1,0.0,0.0,Sproing,No Holiday,Yes,11646084,2176
2775,9/4/2018,21,10.3,38,0.5,1433,-3.4,,0.0,0.0,Spring,No Holiday,Yes,6771243,1218
2776,5/4/2018,3,8.9,64,2.2,2000,2.4,0.0,0.0,0.0,Sproing,No Holiday,Yes,1320335,151
2777,29/03/2018,14,20.2,47,2.4,541,8.5,2.3,0.0,0.0,Spring,No Holiday,Yes,4602585,753
2778,9/10/2018,13,19.2,39,1.0,2000,4.8,1.66,0.0,0.0,Auttumn,Holiday,No,223192,0
2779,4/4/2018,20,12.8,56,2.0,2000,4.2,0.0,0.0,0.0,Sproing,No Holiday,Yes,7522789,1389
2780,18/12/2017,15,1.6,73,0.9,421,-2.7,0.6,0.0,3.2,Wonter,No Holiday,Yes,1458742,143
2781,13/12/2017,11,-8.1,35,1.8,1806,-20.9,0.96,,0.0,Winter,No Holiday,Yes,1853942,236
2782,3/3/2018,23,9.4,74,1.6,559,4.9,0.0,,0.0,Sprng,No Holiday,Yes,2081593,272
2783,10/12/2017,22,-1.0,56,4.7,2000,-8.6,0.0,0.0,0.0,Wonter,No Holiday,Yes,1588926,140
2784,9/3/2018,12,6.8,51,1.0,1617,-2.6,1.13,0.0,0.0,Spring,No Holiday,Yes,3162215,543
2785,6/12/2017,12,2.4,52,0.9,1224,-6.4,1.08,0.0,0.0,Winter,No Holiday,Yes,3018597,448
2786,21/09/2018,5,17.8,93,1.8,2000,16.6,0.0,0.5,0.0,Auttumn,No Holiday,Yes,760567,28
2787,16/03/2018,15,11.9,32,1.9,1976,-4.3,2.62,,0.0,Spring,No Holiday,Yes,5341762,932
2788,18/01/2018,18,2.0,39,2.1,1259,-10.5,0.01,0.0,0.0,Wonter,No Holiday,Yes,2713815,518
2789,8/9/2018,20,22.8,45,2.0,2000,10.2,0.0,0.0,0.0,Autmn,No Holiday,Yes,10689657,1938
2790,15/07/2018,9,27.0,71,1.0,1518,21.2,0.97,0.0,0.0,Sumer,No Holiday,Yes,4339816,714
2791,15/10/2018,1,12.2,80,,1283,8.8,0.0,0.0,0.0,Auttumn,No Holiday,Yes,2391146,390
2792,25/03/2018,5,5.0,83,0.7,200,2.3,0.0,0.0,0.0,Sprng,No Holiday,Yes,795355,57
2793,16/07/2018,18,32.3,47,3.0,1961,19.5,1.26,0.0,0.0,Summer,No Holiday,Yes,13160461,2596
2794,13/01/2018,8,-6.5,72,0.8,670,-10.7,0.0,0.0,0.2,Winter,No Holiday,Yes,687750,72
2795,23/07/2018,16,34.8,47,2.2,1839,21.8,1.32,0.0,0.0,Summer,No Holiday,Yes,5269944,961
2796,19/01/2018,9,8.3,1,-1.2,925,-29.9,2.22,0.7,1.4,Wintr,Holiday,Yes,3436601,596
2797,8/8/2018,13,34.4,48,2.1,1921,21.7,2.37,0.0,0.0,Summr,No Holiday,Yes,3802273,674
2798,26/09/2018,13,23.4,34,2.1,2000,6.6,2.84,0.0,0.0,Auttumn,No Holiday,Yes,8849178,1684
2799,8/2/2018,20,-2.8,40,1.5,1593,-14.5,0.0,0.0,0.0,Winter,No Holiday,Yes,1664847,268
2800,6/9/2018,1,21.9,85,0.2,1410,19.2,0.0,0.0,0.0,Autumn,No Holiday,Yes,4600193,758
2801,30/03/2018,8,11.5,60,1.6,550,3.9,0.42,0.0,0.0,Spring,No Holiday,Yes,7721131,1369
2802,14/01/2018,1,-3.7,79,0.9,438,-6.8,0.0,0.0,0.0,Winter,No Holiday,Yes,1722353,179
2803,2/9/2018,-3,13.0,58,1.8,1424,2.8,0.52,0.2,0.1,Autmn,Holiday,Yes,3386335,555
2804,1/10/2018,1,13.9,57,,2000,5.5,0.0,0.0,0.0,Autumn,No Holiday,Yes,2192362,417
2805,25/07/2018,0,28.9,66,2.2,2000,21.9,0.0,0.0,0.0,Sumer,No Holiday,Yes,5517806,948
2806,10/12/2017,16,5.4,71,3.5,622,0.5,0.2,0.0,0.5,Wintr,No Holiday,Yes,1161702,204
2807,10/5/2018,3,12.9,74,1.7,1698,8.3,0.0,0.0,0.0,Spriing,No Holiday,No,735668,0
2808,30/07/2018,0,29.2,50,1.1,2000,17.7,0.0,0.0,0.0,Summer,No Holiday,Yes,4384839,852
2809,25/06/2018,4,21.8,82,0.7,702,18.5,0.0,0.0,0.0,Sumer,No Holiday,Yes,1566873,207
2810,2/11/2018,20,11.7,45,1.2,1748,0.1,0.0,0.0,0.0,Autumn,No Holiday,Yes,7210179,1258
2811,15/01/2018,12,6.2,64,1.9,549,-0.1,0.79,0.0,0.0,Winter,No Holiday,Yes,1681438,312
2812,24/09/2018,22,16.6,47,3.9,2000,5.2,0.0,0.0,0.0,Auttumn,Holiday,Yes,5588715,987
2813,27/06/2018,5,19.1,97,1.2,402,18.6,0.0,0.0,0.0,Summmer,No Holiday,Yes,1697243,171
2814,10/3/2018,16,8.3,37,3.8,1867,-5.5,1.73,0.0,0.0,Spriing,No Holiday,Yes,5451290,998
2815,28/06/2018,6,22.0,90,0.4,373,20.2,0.04,0.1,0.0,Summr,No Holiday,Yes,3740914,589
2816,30/06/2018,13,25.6,87,1.7,390,23.2,0.71,3.5,0.0,Summer,No Holiday,Yes,6507886,1126
2817,4/4/2018,2,14.5,97,2.2,179,14.0,0.0,3.5,0.0,Sproing,No Holiday,Yes,711918,31
2818,25/10/2018,18,17.3,39,1.3,1641,3.1,0.03,0.0,0.0,Auttumn,No Holiday,Yes,14195587,2646
2819,27/06/2018,4,19.2,97,1.0,217,18.7,0.0,0.5,0.0,Summer,No Holiday,Yes,1021748,97
2820,14/08/2018,2,28.6,70,1.5,2000,22.5,0.0,0.0,0.0,Summer,No Holiday,Yes,3279952,470
2821,3/1/2018,14,-1.5,30,2.8,1903,-16.8,1.1,0.0,0.0,Winteer,No Holiday,Yes,1571541,268
2822,19/05/2018,15,23.9,37,1.6,2000,8.3,3.07,0.0,0.0,Spring,No Holiday,Yes,12403076,2343
2823,21/09/2018,15,21.8,76,1.4,2000,17.3,1.2,0.0,0.0,Autmn,No Holiday,Yes,6934248,1278
2824,8/6/2018,1,18.8,84,1.7,658,16.0,0.0,0.0,0.0,Summer,No Holiday,Yes,4651085,758
2825,10/12/2017,9,0.2,90,1.0,305,-1.2,0.0,1.6,4.3,Winter,No Holiday,Yes,811164,36
2826,12/7/2018,16,28.1,74,2.8,1559,23.0,1.06,0.0,0.0,Summer,No Holiday,Yes,7278152,1315
2827,17/12/2017,11,-7.2,29,,1926,-22.2,0.88,0.0,0.0,Winteer,No Holiday,Yes,1294998,178
2828,21/03/2018,21,1.2,92,0.7,1474,0.0,0.0,0.5,0.0,Spring,No Holiday,Yes,2156932,253
2829,25/05/2018,-1,12.6,56,1.8,1459,4.0,0.48,0.1,0.1,Sumer,No Holiday,Yes,1329233,200
2830,6/10/2018,7,16.5,97,2.3,364,16.0,,9.5,0.0,Autumn,No Holiday,Yes,954995,3
2831,10/7/2018,7,21.1,95,0.4,2000,20.2,0.14,0.0,0.0,Summmer,No Holiday,Yes,6980906,1240
2832,18/04/2018,22,11.3,42,1.6,1189,-1.1,0.0,0.0,0.0,Sprng,No Holiday,Yes,5525161,1059
2833,28/11/2018,13,9.2,13,1.6,1776,-17.8,1.86,0.0,0.0,Autum,No Holiday,Yes,3716565,673
2834,31/07/2018,1,30.2,57,0.7,2000,20.7,0.0,0.0,0.0,Summr,No Holiday,Yes,3529718,679
2835,2/10/2018,12,19.4,41,3.1,1956,5.7,2.67,0.0,0.0,Autum,No Holiday,No,255440,0
2836,1/10/2018,4,13.7,56,1.9,2000,5.0,0.0,0.0,0.0,Autmn,No Holiday,Yes,1414103,153
2837,4/9/2018,20,23.7,49,3.3,2000,12.3,0.0,0.0,0.0,Autum,No Holiday,Yes,12005084,2315
2838,21/05/2018,21,17.7,63,0.5,1324,10.5,0.0,0.0,0.0,Sproing,No Holiday,Yes,11127814,2185
2839,28/10/2018,21,7.6,75,1.1,2000,3.4,0.0,0.0,0.0,Autmn,No Holiday,Yes,4278012,722
2840,13/02/2018,19,2.4,57,3.2,1995,-5.2,0.0,,0.0,Wonter,No Holiday,Yes,2574495,371
2841,17/12/2017,-7,12.7,57,1.8,1442,3.9,0.57,0.3,0.1,Autum,No Holiday,Yes,3953240,761
2842,19/02/2018,-2,11.9,60,1.8,1467,4.6,0.62,0.1,0.1,Spriing,Holiday,No,4560242,778
2843,17/09/2018,-10,13.0,58,1.6,1397,3.5,0.47,0.1,0.1,Sumer,No Holiday,Yes,3920102,598
2844,10/12/2017,18,2.0,61,3.0,2000,-4.7,0.0,0.0,0.0,Wonter,No Holiday,Yes,1880523,215
2845,16/04/2018,5,5.3,73,0.8,1474,0.8,0.0,0.0,0.0,Sproing,No Holiday,Yes,1195672,149
2846,31/07/2018,0,31.0,54,0.8,2000,20.5,0.0,0.0,0.0,Summer,No Holiday,Yes,4559308,860
2847,12/3/2018,17,13.7,38,2.6,436,-0.3,,0.0,0.0,Spring,No Holiday,Yes,5459390,892
2848,9/5/2018,7,10.0,59,1.1,2000,2.3,0.36,0.0,0.0,Spriing,No Holiday,Yes,7617389,1371
2849,3/8/2018,19,33.5,54,2.7,1871,22.9,0.35,0.0,0.0,Summer,No Holiday,Yes,8519469,1598
2850,14/07/2018,15,31.1,59,2.3,1929,22.1,2.34,0.0,0.0,Summmer,No Holiday,Yes,6378537,1108
2851,11/1/2018,23,-13.2,51,1.5,1972,-21.2,,0.0,0.0,Wonter,No Holiday,Yes,1658616,135
2852,31/10/2018,3,5.6,69,0.1,2000,0.3,0.0,0.0,0.0,Auttumn,No Holiday,Yes,1824411,217
2853,7/1/2018,16,2.6,32,1.0,1381,-12.4,0.27,0.0,0.0,Winteer,No Holiday,Yes,2471250,324
2854,12/9/2018,6,17.0,63,1.3,2000,9.8,0.0,0.0,0.0,Autum,No Holiday,Yes,3833577,654
2855,10/9/2018,0,20.7,57,1.8,2000,11.8,0.0,0.0,0.0,Auttumn,No Holiday,Yes,4683868,810
2856,10/2/2018,3,2.0,71,1.2,534,-2.7,0.0,0.0,0.0,Wonter,No Holiday,Yes,770180,124
2857,6/4/2018,5,6.3,97,1.7,787,5.8,0.0,0.5,0.0,Spring,No Holiday,Yes,459941,50
2858,25/02/2018,17,6.9,25,2.9,1795,-11.8,,,0.0,Winter,No Holiday,Yes,3575909,578
2859,11/4/2018,23,9.7,45,2.0,1969,-1.6,0.0,0.0,0.0,Sprng,No Holiday,No,636364,0
2860,27/10/2018,17,9.5,34,5.7,2000,-5.6,0.45,0.0,0.0,Autumn,No Holiday,Yes,6777935,1208
2861,15/07/2018,6,24.8,83,0.2,1534,21.7,0.02,0.0,0.0,Summmer,No Holiday,Yes,2306730,266
2862,11/4/2018,23,9.7,45,2.0,1969,-1.6,0.0,0.0,0.0,Sprng,No Holiday,No,636364,0
2863,26/07/2018,23,29.0,79,1.2,971,24.9,0.0,,0.0,Summr,No Holiday,Yes,6907946,1280
2864,6/2/2018,7,-12.7,41,3.7,1982,-23.2,0.0,0.0,0.0,Winteer,No Holiday,Yes,1540627,227
2865,17/01/2018,13,8.0,54,1.8,435,-0.7,0.57,0.0,0.0,Winteer,No Holiday,Yes,1684756,298
2866,29/03/2018,23,12.7,75,1.6,475,8.3,0.0,0.0,0.0,Sproing,No Holiday,Yes,3289147,630
2867,21/05/2018,2,13.9,0,0.9,2000,-2.1,,0.0,0.0,Sprng,No Holiday,Yes,1624017,233
2868,4/4/2018,15,17.9,44,2.2,2000,5.4,2.79,,0.0,Spriing,No Holiday,Yes,6130138,1147
2869,5/2/2018,23,-10.5,47,2.8,1794,-19.6,,0.0,0.0,Winteer,No Holiday,Yes,1425054,98
2870,10/11/2018,3,,81,0.7,361,7.1,0.0,0.0,0.0,Autum,No Holiday,Yes,2229185,410
2871,17/03/2018,9,3.4,49,1.6,1950,-6.3,1.03,0.0,0.0,Spriing,No Holiday,Yes,2907401,518
2872,4/3/2018,8,8.3,97,0.6,152,7.8,,0.0,0.0,Spring,No Holiday,Yes,784925,76
2873,22/02/2018,-4,13.1,57,,1439,4.0,0.54,0.2,0.1,Spriing,Holiday,No,2276080,374
2874,7/12/2017,20,-1.4,47,2.5,1620,-11.2,0.0,,0.0,Wintr,No Holiday,Yes,2911413,405
2875,24/09/2018,9,17.0,43,2.1,1993,4.3,1.36,0.0,0.0,Autumn,Holiday,Yes,1801558,337
2876,12/2/2018,11,-6.1,25,2.8,1976,-22.9,1.28,0.0,0.0,Winteer,No Holiday,Yes,1892397,208
2877,7/12/2017,12,3.7,65,2.4,833,-2.2,0.98,0.0,0.3,Winter,No Holiday,Yes,2480860,435
2878,12/2/2018,4,-8.6,31,3.5,2000,-22.7,0.0,0.0,0.0,Wonter,No Holiday,Yes,979641,37
2879,27/04/2018,6,9.9,66,1.5,931,3.8,0.0,0.0,0.0,Spriing,No Holiday,Yes,2978544,408
2880,16/03/2018,13,10.4,38,2.4,1959,-3.3,2.99,0.0,0.0,Spring,No Holiday,Yes,4221642,718
2881,25/02/2018,13,6.1,22,2.4,1710,-14.0,2.5,0.0,0.0,Winteer,No Holiday,Yes,2829957,506
2882,1/2/2018,15,0.7,25,3.0,1987,-17.1,1.12,0.0,0.0,Winteer,No Holiday,Yes,2143262,275
2883,6/7/2018,18,25.9,52,2.1,2000,15.2,0.57,0.0,0.0,Summr,No Holiday,Yes,16924230,3240
2884,2/2/2018,17,2.0,25,2.3,1998,-16.0,0.34,0.0,0.0,Wintr,No Holiday,Yes,2284121,391
2885,5/8/2018,13,33.0,56,3.5,1857,23.0,2.68,0.0,0.0,Summmer,No Holiday,Yes,3058251,588
2886,26/04/2018,19,15.2,45,3.3,1138,3.3,0.24,,0.0,Sprng,No Holiday,Yes,10544105,1959
2887,23/06/2018,14,28.0,46,3.6,1401,15.2,2.88,,0.0,Summr,No Holiday,Yes,7733829,1450
2888,26/10/2018,20,12.2,67,5.4,1956,6.2,0.0,0.0,0.0,Auttumn,No Holiday,Yes,5101087,995
2889,14/08/2018,4,28.1,71,0.4,2000,22.3,0.0,0.0,0.0,Sumer,No Holiday,Yes,1243481,213
2890,1/7/2018,-2,12.8,59,1.8,1463,3.5,0.52,0.2,0.1,Autumn,Holiday,Yes,618834,42
2891,30/09/2018,2,17.3,68,0.7,2000,11.3,0.0,0.0,0.0,Auttumn,No Holiday,No,642357,0
2892,16/09/2018,8,21.9,88,1.6,601,19.8,0.17,0.0,0.0,Auttumn,No Holiday,Yes,3272372,495
2893,10/7/2018,-7,12.3,58,1.8,1435,5.0,0.52,0.2,0.1,Summer,Holiday,Yes,3422231,601
2894,28/12/2017,9,-4.3,38,0.7,1877,-16.5,0.04,0.0,0.0,Wonter,No Holiday,Yes,2346640,306
2895,23/02/2018,22,5.7,81,2.5,292,2.6,0.0,0.0,0.0,Winteer,No Holiday,Yes,2202651,270
2896,10/3/2018,21,5.0,73,2.2,1173,0.5,0.0,0.0,0.0,Spriing,No Holiday,Yes,3229750,453
2897,23/08/2018,13,31.0,53,1.9,2000,20.2,0.79,0.0,0.0,Summr,No Holiday,Yes,3356943,599
2898,30/08/2018,7,24.3,96,1.4,1025,23.6,0.04,0.0,0.0,Summmer,No Holiday,Yes,4940811,808
2899,27/08/2018,19,24.7,83,0.4,2000,21.6,0.1,0.0,0.0,Summer,No Holiday,Yes,9398670,1681
2900,14/12/2017,4,,50,0.8,1718,-19.4,0.0,0.0,0.0,Wonter,No Holiday,Yes,608620,55
2901,15/12/2017,3,-6.9,56,0.5,1111,-14.2,0.0,0.0,0.0,Wonter,No Holiday,Yes,1226096,103
2902,24/02/2018,19,2.1,27,2.8,1883,-15.0,0.01,0.0,0.0,Wintr,No Holiday,Yes,2064876,300
2903,3/6/2018,14,29.8,26,2.2,1818,8.2,3.2,0.0,0.0,Summr,No Holiday,Yes,7812259,1395
2904,19/07/2018,0,25.9,76,1.3,984,21.3,0.0,0.0,0.0,Sumer,No Holiday,Yes,6177910,1110
2905,4/8/2018,0,30.0,61,1.7,1794,21.6,0.0,0.0,0.0,Summmer,No Holiday,Yes,6150025,1036
2906,16/05/2018,23,22.0,97,0.9,158,21.4,0.0,0.0,0.0,Spriing,No Holiday,Yes,2000547,272
2907,15/09/2018,14,25.7,67,1.2,2000,19.1,0.9,0.0,0.0,Autum,No Holiday,Yes,8402534,1498
2908,20/03/2018,10,7.4,35,3.5,1990,-7.0,1.81,0.0,0.0,Sproing,No Holiday,Yes,3134303,444
2909,25/11/2018,10,4.0,76,1.3,404,0.1,0.93,0.0,2.4,Autum,No Holiday,Yes,3015896,417
2910,1/9/2018,2,22.0,86,0.4,1703,19.5,0.0,0.0,0.0,Auttumn,No Holiday,Yes,4484668,791
2911,3/3/2018,19,12.7,32,2.3,2000,-3.6,0.01,0.0,0.0,Sproing,No Holiday,Yes,3913758,659
2912,5/8/2018,9,29.1,76,2.2,1041,24.4,1.38,0.0,0.0,Summr,No Holiday,Yes,2088445,395
2913,15/02/2018,21,-1.1,32,2.4,2000,-15.7,0.0,0.0,0.0,Wonter,Holiday,Yes,1574977,148
2914,17/07/2018,7,24.4,75,1.0,841,19.6,0.35,0.0,0.0,Summr,No Holiday,Yes,7393553,1382
2915,18/01/2018,19,1.5,41,1.0,1210,-10.3,0.0,0.0,0.0,Winter,No Holiday,Yes,2437794,361
2916,26/01/2018,11,-15.6,31,3.3,1808,-28.9,0.93,0.0,0.5,Wonter,No Holiday,Yes,710638,96
2917,6/11/2018,20,13.2,73,1.1,246,8.4,0.0,0.0,0.0,Autmn,No Holiday,No,843759,0
2918,25/10/2018,9,10.3,64,1.0,1544,3.7,0.91,0.0,0.0,Autmn,No Holiday,Yes,6436697,1205
2919,22/01/2018,9,0.1,33,0.8,1901,-14.3,0.06,0.0,0.0,Wonter,No Holiday,Yes,2334006,352
2920,13/08/2018,1,28.2,88,0.2,929,26.0,0.0,1.0,0.0,Summr,No Holiday,Yes,1543201,229
2921,27/02/2018,12,5.4,37,,815,-8.1,0.43,0.0,0.0,Wonter,No Holiday,Yes,2561799,346
2922,5/2/2018,-5,12.4,56,1.8,1416,3.7,0.6,0.1,0.1,Sproing,Holiday,No,7863500,1433
2923,17/12/2017,4,-9.5,40,1.9,2000,-20.6,0.0,0.0,0.0,Wonter,No Holiday,Yes,441498,54
2924,19/05/2018,20,20.9,34,1.4,2000,4.4,0.03,0.0,0.0,Sprng,No Holiday,Yes,10198870,1943
2925,26/12/2017,22,-7.2,38,3.1,2000,-19.1,0.0,0.0,0.0,Wonter,No Holiday,Yes,1637137,203
2926,8/11/2018,8,10.6,89,1.5,689,8.8,0.02,0.0,0.0,Autum,No Holiday,Yes,1627962,172
2927,14/09/2018,1,21.6,75,1.1,1671,16.9,0.0,0.0,0.0,Autumn,No Holiday,Yes,4509993,793
2928,11/10/2018,6,6.6,65,1.6,2000,0.4,0.0,0.0,0.0,Autum,No Holiday,Yes,3095114,499
2929,20/07/2018,13,32.4,54,2.4,708,21.8,2.5,0.0,0.0,Summmer,No Holiday,Yes,4952521,846
2930,12/3/2018,-1,13.1,57,1.7,1437,4.2,0.64,0.1,0.0,Sprng,No Holiday,Yes,2812557,474
2931,15/03/2018,-3,13.1,57,1.7,1468,4.0,0.61,0.2,0.0,Summr,Holiday,No,5781749,1088
2932,5/11/2018,14,17.5,38,1.2,1090,3.0,1.74,0.0,0.0,Auttumn,No Holiday,Yes,5483639,1019
2933,24/09/2018,17,21.6,32,3.1,2000,4.1,,0.0,0.0,Autum,Holiday,Yes,7849700,1534
2934,19/08/2018,18,,41,1.9,2000,17.3,0.62,0.0,0.0,Summr,No Holiday,Yes,10066126,1869
2935,26/12/2017,11,12.4,59,9.9,1438,4.1,0.57,0.2,0.1,Winter,Holiday,Yes,5798192,961
2936,4/1/2018,11,-4.4,40,0.8,1671,-16.0,0.69,0.0,0.0,Wonter,No Holiday,Yes,1660090,269
2937,25/04/2018,0,8.9,55,0.7,2000,0.3,0.0,0.0,0.0,Spring,No Holiday,Yes,3340032,529
2938,10/6/2018,14,24.1,51,1.1,2000,13.3,,0.0,0.0,Summer,No Holiday,Yes,10694270,2050
2939,13/05/2018,14,19.7,64,2.9,929,12.6,1.99,0.0,0.0,Spring,No Holiday,Yes,10595209,1990
2940,5/9/2018,11,,47,2.9,2000,14.1,2.38,0.0,0.0,Autumn,No Holiday,Yes,5359871,997
2941,30/01/2018,18,-2.3,91,0.4,202,-3.5,0.0,1.4,2.0,Winter,No Holiday,Yes,732483,106
2942,16/09/2018,13,23.6,66,2.1,1689,16.8,0.87,0.0,0.0,Autum,No Holiday,Yes,4077349,751
2943,26/06/2018,17,24.0,95,5.0,362,23.1,0.07,2.0,0.0,Sumer,No Holiday,Yes,1413912,108
2944,2/7/2018,5,20.7,97,0.3,2000,20.2,0.0,0.5,0.0,Summer,No Holiday,Yes,821952,33
2945,26/03/2018,19,14.3,37,3.1,1247,-0.2,0.1,0.0,0.0,Sproing,No Holiday,Yes,5662682,1016
2946,28/09/2018,-3,12.8,58,1.7,1466,4.1,0.62,0.1,0.1,Autumn,No Holiday,No,4263212,793
2947,24/01/2018,23,-15.7,43,3.6,2000,-25.4,0.0,0.0,0.7,Wonter,No Holiday,Yes,1234113,80
2948,19/12/2017,18,-3.8,42,3.3,2000,-14.8,,0.0,2.0,Winter,No Holiday,Yes,2505652,382
2949,19/09/2018,8,19.8,71,1.1,1534,14.3,,0.0,0.0,Autumn,No Holiday,No,798877,0
2950,4/3/2018,16,11.7,82,1.1,753,8.7,0.32,0.0,0.0,Sproing,No Holiday,Yes,2144540,363
2951,15/01/2018,11,4.7,75,2.3,533,0.6,0.54,0.0,0.0,Wonter,No Holiday,Yes,2285274,264
2952,8/9/2018,0,19.2,53,3.7,2000,9.3,0.0,0.0,0.0,Autum,No Holiday,Yes,5803096,1116
2953,23/10/2018,10,13.8,65,1.1,475,7.3,1.06,0.0,0.0,Autum,No Holiday,Yes,3845279,696
2954,8/2/2018,8,-9.7,65,0.8,1508,-15.0,0.02,0.0,0.0,Winteer,No Holiday,Yes,3141345,544
2955,14/01/2018,5,-4.2,79,1.2,442,-7.3,0.0,0.0,0.0,Winteer,No Holiday,Yes,755683,35
2956,25/07/2018,3,28.9,69,2.8,1871,22.6,0.0,0.0,0.0,Summer,No Holiday,Yes,1816372,324
2957,26/11/2018,20,7.3,66,0.5,516,1.3,0.0,0.0,0.0,Autumn,No Holiday,Yes,5803299,1007
2958,22/01/2018,11,2.4,27,0.9,1796,-14.7,0.47,0.0,0.0,Winteer,No Holiday,Yes,2031089,302
2959,9/5/2018,2,10.9,59,1.1,2000,3.1,0.0,0.0,0.0,Spriing,No Holiday,Yes,1856226,235
2960,28/11/2018,14,10.3,14,1.1,1880,-16.1,1.7,,0.0,Autum,No Holiday,Yes,4042051,702
2961,21/02/2018,0,-1.4,28,3.4,1990,-17.6,0.0,0.0,0.0,Wonter,No Holiday,Yes,1666141,181
2962,16/09/2018,1,22.8,84,0.9,827,19.9,0.0,0.0,0.0,Autumn,No Holiday,Yes,4096937,736
2963,25/03/2018,22,8.8,79,2.0,203,5.3,0.0,0.0,0.0,Spring,No Holiday,Yes,3131541,454
2964,11/5/2018,11,18.3,56,1.4,519,9.3,2.53,0.0,0.0,Sproing,No Holiday,Yes,5756942,981
2965,12/5/2018,23,15.8,98,1.6,235,15.4,0.0,1.0,0.0,Sproing,No Holiday,Yes,903328,36
2966,18/06/2018,11,27.3,45,2.4,846,14.3,2.84,0.0,0.0,Summmer,No Holiday,Yes,4737730,927
2967,14/03/2018,-8,12.1,57,1.8,1440,4.1,0.59,0.2,0.1,Wonter,Holiday,Yes,5780353,1049
2968,24/06/2018,7,20.5,82,0.8,338,17.3,0.16,0.0,0.0,Summer,No Holiday,Yes,2139363,400
2969,3/3/2018,12,10.7,16,1.7,1657,-14.1,2.56,0.0,0.0,Spring,No Holiday,Yes,3348026,611
2970,28/02/2018,-5,13.5,58,1.7,1395,3.3,0.59,0.2,0.0,Auttumn,No Holiday,Yes,2139398,295
2971,3/4/2018,-9,13.7,58,1.7,1396,4.2,0.52,0.1,0.1,Wintr,No Holiday,No,1465194,132
2972,22/10/2018,19,15.6,44,1.5,828,3.3,0.0,0.0,0.0,Autumn,No Holiday,Yes,9892687,1906
2973,2/4/2018,9,16.6,70,1.5,945,11.0,0.3,0.0,0.0,Sprng,No Holiday,Yes,4510532,845
2974,1/9/2018,22,25.1,53,2.0,2000,14.8,0.0,0.0,0.0,Autum,No Holiday,Yes,5483336,971
2975,2/8/2018,5,30.7,57,,2000,21.1,0.0,0.0,0.0,Summmer,No Holiday,Yes,2071368,278
2976,9/11/2018,15,15.1,52,3.4,622,5.3,1.3,,0.0,Auttumn,No Holiday,No,601966,0
2977,26/02/2018,22,2.7,40,1.0,1089,-9.5,0.0,0.0,0.0,Wintr,No Holiday,Yes,2739524,454
2978,18/01/2018,15,4.2,36,2.3,957,-9.5,0.57,0.0,0.0,Wintr,No Holiday,Yes,2286925,302
2979,12/2/2018,15,-2.1,30,3.9,1933,-17.3,,0.0,0.0,Winter,No Holiday,Yes,1253258,219
2980,4/7/2018,12,30.5,58,2.5,1741,21.2,2.26,0.0,0.0,Summr,No Holiday,Yes,5646373,994
2981,6/2/2018,22,-11.1,43,1.8,1960,-21.2,0.0,0.0,0.0,Winter,No Holiday,Yes,1745683,175
2982,29/03/2018,20,15.6,64,2.7,686,8.8,0.0,0.0,0.0,Sproing,No Holiday,Yes,5609106,1052
2983,24/04/2018,21,11.5,47,1.1,2000,0.5,0.0,0.0,0.0,Sproing,No Holiday,Yes,7080758,1356
2984,5/11/2018,23,10.9,82,0.1,346,7.9,0.0,0.0,0.0,Autum,No Holiday,Yes,4425760,803
2985,1/11/2018,-10,14.0,58,1.7,1476,4.4,0.51,0.2,0.1,Sumer,No Holiday,Yes,11917536,2237
2986,11/3/2018,4,4.2,81,1.3,333,1.2,,0.0,0.0,Spring,No Holiday,Yes,1024367,67
2987,13/12/2017,17,-5.6,29,1.7,2000,-20.8,0.18,0.0,0.0,Wintr,No Holiday,Yes,2849131,421
2988,31/03/2018,22,12.8,52,1.5,1616,3.1,0.0,0.0,0.0,Spring,No Holiday,Yes,5218229,913
2989,17/11/2018,7,0.8,77,0.9,1300,-2.7,0.0,0.0,0.0,Autumn,No Holiday,Yes,1956850,332
2990,25/09/2018,-8,12.8,58,1.6,1478,4.3,0.55,0.3,0.1,Spriing,Holiday,Yes,3802567,638
2991,14/05/2018,3,,95,1.5,180,11.1,0.0,0.0,0.0,Spriing,No Holiday,Yes,1596565,152
2992,26/11/2018,12,9.1,57,1.1,562,1.0,1.69,0.0,0.0,Autum,No Holiday,Yes,4613687,786
2993,9/6/2018,15,29.6,40,,1546,14.5,1.96,0.0,0.0,Summmer,No Holiday,Yes,10535523,1975
2994,21/06/2018,15,28.3,40,,1619,13.4,2.96,0.0,0.0,Summr,No Holiday,Yes,6847623,1277
2995,21/10/2018,-1,13.2,57,1.8,1456,4.0,0.58,0.2,0.1,Autumn,No Holiday,Yes,2338001,427
2996,11/7/2018,-2,13.0,57,1.8,1445,3.7,0.57,0.2,0.1,Summmer,Holiday,Yes,2151387,296
2997,19/09/2018,4,19.5,70,0.5,2000,13.8,0.0,0.0,0.0,Autum,No Holiday,No,905594,0
2998,14/05/2018,18,23.6,48,3.1,666,11.9,0.85,0.0,0.0,Spring,No Holiday,Yes,15935806,3023
2999,15/01/2018,10,4.2,82,2.2,560,1.3,0.22,0.0,0.0,Winter,No Holiday,Yes,1513561,204
3000,1/10/2018,14,19.3,36,3.5,1986,3.8,2.28,0.0,0.0,Auttumn,No Holiday,Yes,5783037,1135
3001,15/10/2018,16,20.3,44,2.2,793,7.6,1.09,0.0,0.0,Autumn,No Holiday,Yes,7670162,1404
3002,30/06/2018,9,24.2,81,0.9,295,20.7,0.53,0.0,0.0,Sumer,No Holiday,Yes,5072776,868
3003,2/11/2018,19,12.8,40,1.4,1870,-0.4,0.0,0.0,0.0,Auttumn,No Holiday,Yes,8806537,1598
3004,22/01/2018,6,0.0,33,0.4,2000,-14.3,0.0,,0.0,Wonter,No Holiday,Yes,1555360,158
3005,16/07/2018,22,,69,1.7,2000,21.0,0.0,0.0,0.0,Sumer,No Holiday,Yes,10230967,1958
3006,13/04/2018,16,18.3,16,1.0,2000,-7.9,0.7,0.0,0.0,Sprng,No Holiday,Yes,6654055,1294
3007,1/10/2018,3,13.6,56,1.6,2000,4.9,0.0,0.0,0.0,Autmn,No Holiday,Yes,1098250,189
3008,4/10/2018,3,13.6,75,0.8,1960,9.2,0.0,0.0,0.0,Autmn,No Holiday,No,840120,0
3009,23/06/2018,3,22.0,42,0.2,1891,8.4,0.0,0.0,0.0,Summer,No Holiday,Yes,3594925,526
3010,12/1/2018,12,-9.6,27,2.0,1945,-25.1,1.17,0.0,0.0,Winteer,No Holiday,Yes,1312526,179
3011,9/6/2018,20,23.7,62,1.6,1402,15.9,0.0,0.4,0.0,Summr,No Holiday,Yes,1417942,246
3012,13/11/2018,7,4.4,72,0.3,1189,-0.2,0.0,0.0,0.0,Auttumn,No Holiday,Yes,5963798,1115
3013,31/10/2018,0,7.1,59,1.7,2000,-0.3,0.0,0.0,0.0,Autum,No Holiday,Yes,1770668,306
3014,18/11/2018,13,9.9,37,2.1,1900,-4.1,1.32,0.0,0.0,Autmn,No Holiday,Yes,4725196,879
3015,25/02/2018,10,2.1,42,1.1,1564,-9.5,1.12,0.0,0.0,Wonter,No Holiday,Yes,1929776,203
3016,9/11/2018,2,11.3,88,3.7,1680,9.3,0.0,0.0,0.0,Auttumn,No Holiday,No,176686,0
3017,19/06/2018,17,25.1,51,2.4,1714,14.2,1.15,,0.0,Summr,No Holiday,Yes,12391707,2366
3018,6/3/2018,17,10.2,27,2.8,1826,-8.0,1.22,0.0,0.0,Spring,No Holiday,Yes,5064346,881
3019,13/07/2018,14,29.5,62,2.7,1941,21.4,1.79,0.0,0.0,Summer,No Holiday,Yes,5424722,1041
3020,21/04/2018,5,13.0,70,0.5,385,7.6,0.0,0.0,0.0,Sprng,No Holiday,Yes,972097,110
3021,18/07/2018,13,32.1,51,2.3,776,20.6,2.96,0.0,0.0,Sumer,No Holiday,Yes,5010137,821
3022,3/12/2017,12,5.8,85,1.7,349,3.4,0.43,0.0,0.0,Winter,No Holiday,Yes,2741651,356
3023,24/11/2018,12,2.5,84,1.9,1538,0.0,0.4,1.8,7.0,Auttumn,No Holiday,Yes,1504171,168
3024,20/09/2018,-2,13.2,58,1.8,1452,5.4,,,0.0,Sumer,Holiday,No,7438992,1391
3025,21/11/2018,12,7.7,34,0.6,1969,-7.2,0.49,0.0,0.0,Autumn,No Holiday,Yes,3834199,649
3026,22/10/2018,18,17.3,43,0.9,783,4.5,0.08,0.0,0.0,Autumn,No Holiday,Yes,14006887,2610
3027,19/11/2018,-2,13.2,59,1.7,1419,4.3,0.55,0.2,0.1,Autumn,Holiday,No,1277137,97
3028,22/07/2018,17,37.6,33,2.1,1837,18.5,1.82,0.0,0.0,Sumer,No Holiday,Yes,5565774,981
3029,27/01/2018,9,-15.1,49,1.1,1401,-23.4,0.2,0.0,0.3,Winteer,No Holiday,Yes,1304359,116
3030,12/8/2018,9,29.7,55,1.6,2000,19.6,,0.0,0.0,Summmer,No Holiday,Yes,3180750,561
3031,3/3/2018,15,16.0,14,2.2,1828,-11.5,2.33,0.0,0.0,Sprng,No Holiday,Yes,6905425,1309
3032,9/3/2018,6,2.5,71,1.1,1055,-2.2,0.0,0.0,0.0,Sproing,No Holiday,Yes,1713770,197
3033,17/05/2018,6,18.9,98,0.3,338,18.5,0.0,0.0,0.0,Spring,No Holiday,Yes,621822,73
3034,5/10/2018,5,17.6,57,1.1,2000,8.9,0.0,0.0,0.0,Auttumn,No Holiday,Yes,1308052,230
3035,29/01/2018,20,-7.4,41,,2000,-18.4,0.0,0.0,0.0,Winter,No Holiday,Yes,1573823,195
3036,12/2/2018,17,-3.1,36,4.4,1988,-16.0,0.89,0.0,0.0,Winter,No Holiday,Yes,1642500,286
3037,14/11/2018,-10,13.7,59,1.7,1477,3.7,0.57,0.1,0.1,Wonter,No Holiday,Yes,3006876,453
3038,24/03/2018,19,7.7,80,2.8,234,4.4,0.05,0.0,0.0,Sproing,No Holiday,Yes,2987372,519
3039,7/8/2018,2,27.9,68,0.9,2000,21.4,0.0,,0.0,Sumer,No Holiday,Yes,2468263,437
3040,11/3/2018,-9,12.3,57,1.7,1440,3.8,0.49,0.2,0.1,Sumer,No Holiday,Yes,1285396,232
3041,4/8/2018,15,34.7,48,3.6,1973,22.0,2.47,0.0,0.0,Summmer,No Holiday,Yes,4151715,715
3042,12/5/2018,12,12.3,97,0.8,238,11.8,,2.0,0.0,Spriing,No Holiday,Yes,759342,12
3043,2/1/2018,2,-2.3,62,0.9,1560,-8.6,0.0,0.0,0.0,Winter,No Holiday,Yes,787496,76
3044,31/12/2017,23,-2.6,40,0.6,2000,-14.3,0.0,0.0,0.0,Winteer,Holiday,Yes,1884877,202
3045,1/9/2018,3,21.6,87,0.3,1579,19.3,0.0,0.0,0.0,Auttumn,No Holiday,Yes,2694640,492
3046,23/06/2018,12,28.4,31,2.7,1849,9.6,,0.0,0.0,Summr,No Holiday,Yes,7404726,1417
3047,31/05/2018,21,21.9,60,2.5,1551,13.7,0.0,0.0,0.0,Sprng,No Holiday,Yes,11162237,2111
3048,13/11/2018,2,5.6,64,0.1,1556,-0.6,0.0,0.0,0.0,Autumn,No Holiday,Yes,2044969,324
3049,16/11/2018,22,6.2,72,1.4,848,1.5,0.0,0.0,0.0,Auttumn,No Holiday,Yes,5285936,935
3050,11/1/2018,0,-10.3,54,2.4,1988,-17.8,0.0,0.0,0.0,Winteer,No Holiday,Yes,1389214,88
3051,21/11/2018,-8,12.9,58,1.8,1500,3.9,0.51,0.1,0.1,Autumn,Holiday,No,930966,155
3052,21/10/2018,1,10.6,60,0.5,1642,3.1,,0.0,0.0,Autmn,No Holiday,Yes,3893909,686
3053,14/11/2018,15,15.9,30,0.7,1823,-1.6,1.34,0.0,0.0,Auttumn,No Holiday,Yes,6263312,1092
3054,16/07/2018,13,33.0,51,2.5,1100,21.5,3.09,,0.0,Summr,No Holiday,Yes,4294298,791
3055,30/01/2018,8,-11.1,61,0.7,1963,-17.1,0.01,0.0,0.0,Winteer,No Holiday,Yes,2947463,461
3056,31/10/2018,16,11.8,34,2.3,1979,-3.5,1.16,0.0,0.0,Autmn,No Holiday,Yes,6077328,1159
3057,8/12/2017,22,-3.4,39,1.2,2000,-15.4,0.0,0.0,0.0,Winter,No Holiday,Yes,1586800,297
3058,26/04/2018,22,12.7,61,2.2,1949,5.3,0.0,0.0,0.0,Sprng,No Holiday,Yes,6290513,1215
3059,22/12/2017,-5,12.9,58,1.7,1448,2.9,0.58,0.1,0.1,Wintr,Holiday,Yes,4827135,801
3060,3/4/2018,-3,13.5,57,1.7,1395,2.6,0.57,0.1,0.1,Sprng,Holiday,Yes,7303846,1315
3061,6/3/2018,5,-0.9,78,0.6,1687,-4.2,0.0,,0.0,Spriing,No Holiday,Yes,1082741,86
3062,10/4/2018,10,15.2,31,1.6,1757,-1.8,1.84,0.0,0.0,Sprng,No Holiday,Yes,3804755,677
3063,7/6/2018,3,18.4,88,1.6,465,16.3,0.0,0.0,0.0,Summer,No Holiday,Yes,1864855,303
3064,13/09/2018,21,23.8,67,0.6,2000,17.2,0.0,0.0,0.0,Autumn,No Holiday,Yes,10438130,2001
3065,3/7/2018,6,22.6,95,0.1,1937,21.7,0.05,0.0,0.0,Sumer,No Holiday,Yes,3298928,626
3066,16/10/2018,20,14.8,68,2.0,1502,8.9,0.0,,0.0,Autmn,No Holiday,Yes,8037286,1494
3067,9/5/2018,18,20.6,41,2.3,2000,6.8,1.1,0.0,0.0,Sproing,No Holiday,Yes,15961424,3141
3068,2/8/2018,-1,12.9,58,1.7,1449,4.5,0.65,,0.1,Winter,No Holiday,No,1124990,55
3069,12/7/2018,4,26.1,85,0.6,1081,23.3,0.0,0.0,0.0,Summr,No Holiday,Yes,943368,153
3070,23/05/2018,21,15.4,61,1.1,1959,7.9,0.0,,0.0,Sprng,No Holiday,Yes,9581235,1838
3071,25/02/2018,9,-0.3,48,1.1,1394,-10.0,0.43,0.0,0.0,Winteer,No Holiday,Yes,1249272,209
3072,24/03/2018,8,4.5,49,0.4,580,-5.3,0.19,0.0,0.0,Sproing,No Holiday,Yes,2996534,437
3073,9/9/2018,9,20.4,51,1.8,2000,9.9,1.43,0.0,0.0,Autmn,No Holiday,Yes,5146494,831
3074,4/9/2018,18,26.8,53,2.6,2000,16.4,0.8,0.0,0.0,Autumn,No Holiday,Yes,16431569,3253
3075,1/12/2017,0,-5.2,37,2.2,2000,-17.6,0.0,0.0,0.0,Winteer,No Holiday,Yes,2305617,277
3076,12/9/2018,19,25.4,50,0.6,2000,14.2,0.07,0.0,0.0,Autumn,No Holiday,Yes,13473315,2547
3077,9/4/2018,22,9.6,41,0.5,1428,-3.0,0.0,0.0,0.0,Spring,No Holiday,Yes,5539811,1066
3078,31/05/2018,18,26.4,42,3.1,1995,12.4,0.79,0.0,0.0,Spring,No Holiday,Yes,16062848,3061
3079,7/1/2018,11,12.2,57,13.0,1442,2.9,0.55,0.2,0.1,Sprng,No Holiday,Yes,2144049,333
3080,21/06/2018,13,27.3,33,3.4,1921,9.6,3.42,0.0,0.0,Summmer,No Holiday,Yes,6736140,1185
3081,10/8/2018,7,26.0,78,0.7,1988,21.8,,0.0,0.0,Sumer,No Holiday,Yes,5922679,1051
3082,21/09/2018,-10,12.2,59,1.8,1448,3.5,0.47,0.3,0.1,Spriing,Holiday,No,1214942,116
3083,19/01/2018,20,1.2,51,0.6,1544,-7.8,0.0,0.0,0.0,Winteer,No Holiday,Yes,2067128,316
3084,19/11/2018,19,6.8,52,0.8,960,-2.3,0.0,0.0,0.0,Autmn,No Holiday,Yes,6636741,1307
3085,16/12/2017,-4,13.0,56,1.8,1390,3.8,0.6,0.3,0.1,Spriing,No Holiday,Yes,2212555,273
3086,28/04/2018,0,13.3,70,1.6,473,7.9,0.0,0.0,0.0,Spriing,No Holiday,Yes,4226417,788
3087,21/03/2018,4,1.3,39,2.3,2000,-11.1,0.0,0.0,0.0,Spring,No Holiday,Yes,930682,67
3088,18/11/2018,3,2.5,49,0.2,2000,-7.1,0.0,0.0,0.0,Auttumn,No Holiday,Yes,1720860,269
3089,30/11/2018,1,1.3,63,2.0,1379,-4.9,0.0,0.0,0.0,Auttumn,No Holiday,Yes,2998676,481
3090,9/7/2018,3,21.9,63,1.3,2000,14.5,0.0,0.0,0.0,Summr,No Holiday,Yes,1674195,282
3091,16/02/2018,-7,11.8,60,1.7,1415,2.7,0.53,0.2,0.1,Spring,No Holiday,Yes,1141438,204
3092,31/12/2017,21,-1.6,35,1.0,2000,-15.1,,0.0,0.0,Winteer,Holiday,Yes,1064002,167
3093,23/12/2017,22,5.3,79,0.6,200,1.9,0.0,,0.0,Winteer,No Holiday,Yes,2418955,288
3094,6/11/2018,18,14.0,71,1.5,201,8.8,0.01,0.0,0.0,Autumn,No Holiday,No,238962,0
3095,9/12/2017,12,2.4,40,0.8,1809,-9.8,1.05,0.0,0.0,Wintr,No Holiday,Yes,2982814,404
3096,7/10/2018,23,12.9,38,1.5,2000,-1.1,0.0,0.0,0.0,Autumn,No Holiday,Yes,4472015,855
3097,2/8/2018,12,36.6,41,2.0,1866,21.2,2.58,0.0,0.0,Summer,No Holiday,Yes,3383089,580
3098,25/10/2018,11,16.4,43,,1713,3.7,1.96,0.0,0.0,Auttumn,No Holiday,Yes,5324744,983
3099,5/8/2018,2,27.5,83,2.7,1118,24.3,0.0,0.0,0.0,Summer,No Holiday,Yes,3042418,528
3100,5/10/2018,1,18.6,66,1.7,2000,12.1,,0.0,0.0,Autum,No Holiday,Yes,4937610,790
3101,21/03/2018,1,1.5,40,2.8,2000,-10.6,0.0,0.0,0.0,Sproing,No Holiday,Yes,1298452,225
3102,22/08/2018,21,33.1,46,2.7,2000,19.9,0.0,0.0,0.0,Summmer,No Holiday,Yes,9847031,1867
3103,21/02/2018,7,-4.1,35,3.5,1980,-17.3,,0.0,0.0,Winteer,No Holiday,Yes,2351988,373
3104,10/3/2018,5,0.8,80,0.3,565,-2.2,0.0,0.0,0.0,Spriing,No Holiday,Yes,958195,81
3105,30/04/2018,9,17.5,65,1.0,416,10.8,1.0,0.0,0.0,Sprng,No Holiday,Yes,5520078,1038
3106,18/07/2018,14,32.7,49,1.5,765,20.5,2.62,0.0,0.0,Sumer,No Holiday,Yes,4608076,767
3107,8/6/2018,12,23.1,56,1.6,1222,13.8,,0.0,0.0,Summmer,No Holiday,Yes,7033002,1208
3108,24/10/2018,2,9.5,87,1.0,919,7.4,0.0,0.0,0.0,Auttumn,No Holiday,Yes,2121110,387
3109,16/01/2018,16,5.8,50,0.9,547,-3.8,0.11,,0.0,Winter,No Holiday,Yes,1934534,326
3110,25/01/2018,17,-10.9,32,4.0,2000,-24.4,0.28,,0.5,Winteer,No Holiday,Yes,1215847,162
3111,6/12/2017,10,,64,0.0,1224,-6.8,0.63,0.0,0.2,Wintr,No Holiday,Yes,2467059,309
3112,20/06/2018,3,19.4,79,0.8,563,15.6,0.0,0.0,0.0,Summer,No Holiday,Yes,2120655,345
3113,29/10/2018,4,5.6,66,0.7,2000,-0.2,0.0,0.0,0.0,Autmn,No Holiday,Yes,1166430,108
3114,9/3/2018,7,1.6,76,0.7,1024,-2.1,0.0,0.0,0.0,Spriing,No Holiday,Yes,3502373,539
3115,30/01/2018,5,-11.3,53,,1979,-19.0,0.0,0.0,0.0,Wintr,No Holiday,Yes,741721,61
3116,13/09/2018,-6,12.4,57,1.7,1468,4.3,0.56,,0.0,Winter,No Holiday,No,2240842,337
3117,5/10/2018,10,15.8,89,1.8,742,13.9,0.18,1.5,0.0,Autmn,No Holiday,Yes,398339,31
3118,26/12/2017,23,-7.5,37,3.1,2000,-19.7,0.0,0.0,0.0,Wonter,No Holiday,Yes,1299385,150
3119,1/8/2018,12,36.8,39,1.3,1944,20.5,2.8,0.0,0.0,Summr,No Holiday,Yes,3649103,572
3120,11/10/2018,21,9.3,52,1.5,2000,0.0,0.0,0.0,0.0,Auttumn,No Holiday,Yes,7382423,1376
3121,31/10/2018,18,9.4,48,2.0,2000,-1.0,0.03,0.0,0.0,Autumn,No Holiday,Yes,10877378,2080
3122,23/01/2018,15,-9.7,32,3.6,2000,-23.3,,0.0,1.0,Wintr,No Holiday,Yes,1152962,190
3123,18/05/2018,10,16.3,97,1.0,693,15.8,0.37,0.0,0.0,Spring,No Holiday,Yes,2624212,397
3124,29/06/2018,3,22.3,96,1.2,290,21.6,0.0,0.1,0.0,Summr,No Holiday,Yes,1674863,227
3125,15/09/2018,18,24.2,76,1.2,2000,19.6,,0.0,0.0,Autum,No Holiday,Yes,8528953,1612
3126,2/10/2018,13,20.4,36,2.6,1776,4.8,2.71,0.0,0.0,Auttumn,No Holiday,No,518967,0
3127,26/10/2018,16,14.5,81,1.8,1588,11.2,0.78,0.0,0.0,Auttumn,No Holiday,Yes,4839227,885
3128,20/02/2018,20,1.8,19,3.1,2000,-19.4,0.0,0.0,0.0,Winteer,No Holiday,Yes,1948395,363
3129,24/12/2017,22,0.2,69,2.7,565,-4.8,0.0,,0.0,Wintr,Holiday,Yes,1468911,116
3130,24/09/2018,-9,,58,1.8,1439,4.2,0.55,0.1,0.1,Autum,Holiday,No,3315523,601
3131,31/08/2018,12,27.8,47,2.9,1905,15.4,2.99,0.0,0.0,Summmer,No Holiday,Yes,5984900,1027
3132,22/05/2018,9,19.3,62,0.8,1894,11.8,1.14,,0.0,Sproing,Holiday,Yes,5559981,937
3133,7/10/2018,-2,12.4,59,1.7,1455,4.2,0.57,0.0,0.1,Summer,Holiday,No,176686,0
3134,5/1/2018,6,-5.1,54,1.3,1346,-12.9,0.0,0.0,0.0,Wintr,No Holiday,Yes,1500438,117
3135,22/09/2018,5,18.8,96,0.2,973,18.1,0.0,6.5,0.0,Autmn,No Holiday,Yes,578244,81
3136,11/4/2018,22,10.3,42,1.0,1923,-2.0,0.0,0.0,0.0,Sproing,No Holiday,No,499159,0
3137,3/12/2017,8,3.2,92,1.8,244,2.0,0.0,0.0,0.0,Winter,No Holiday,Yes,1118075,58
3138,30/07/2018,21,33.1,48,1.1,2000,20.6,0.0,0.0,0.0,Summer,No Holiday,Yes,10420123,1902
3139,1/11/2018,21,9.3,54,1.1,1975,0.4,,0.0,0.0,Autumn,No Holiday,Yes,6415272,1201
3140,18/03/2018,15,12.0,37,0.8,879,-2.2,1.09,0.0,0.0,Sproing,No Holiday,Yes,6018916,1181
3141,15/09/2018,8,21.7,78,0.3,2000,17.6,,0.0,0.0,Autumn,No Holiday,Yes,4583485,830
3142,24/08/2018,4,24.5,88,2.0,1433,22.3,0.0,1.0,0.0,Sumer,No Holiday,Yes,355319,36
3143,21/10/2018,21,13.0,49,1.0,1702,2.5,0.0,0.0,0.0,Autumn,No Holiday,Yes,6274937,1180
3144,21/09/2018,0,18.9,78,2.1,2000,14.9,0.0,0.0,0.0,Autumn,No Holiday,Yes,5041179,818
3145,26/08/2018,3,21.6,85,0.1,1982,18.9,0.0,0.0,0.0,Summr,No Holiday,Yes,2931594,457
3146,7/4/2018,19,4.9,47,3.5,2000,-5.4,0.2,0.0,0.0,Spriing,No Holiday,Yes,3420685,536
3147,14/03/2018,11,17.5,55,2.1,1892,8.3,1.35,0.0,0.0,Sproing,No Holiday,Yes,4055309,655
3148,17/09/2018,9,20.5,66,1.1,1711,13.9,1.12,0.0,0.0,Autumn,No Holiday,Yes,6643265,1171
3149,31/12/2017,15,3.1,25,3.9,2000,-15.0,0.9,0.0,0.0,Wintr,Holiday,Yes,1764663,331
3150,18/08/2018,5,22.0,58,1.0,2000,13.3,0.0,0.0,0.0,Summmer,No Holiday,Yes,1983514,245
3151,26/09/2018,-6,14.2,57,1.7,1398,3.4,0.66,0.2,0.0,Wintr,Holiday,No,1742627,182
3152,13/10/2018,14,19.3,27,1.3,1384,-0.1,2.38,0.0,0.0,Auttumn,No Holiday,Yes,8512406,1673
3153,5/5/2018,11,20.2,41,3.1,1789,6.5,2.56,0.0,0.0,Sproing,No Holiday,Yes,5537300,1007
3154,13/12/2017,20,-7.6,35,0.8,2000,-20.4,0.0,0.0,0.0,Winteer,No Holiday,Yes,2066338,312
3155,15/03/2018,22,9.8,90,3.7,493,8.2,0.0,0.0,0.0,Sproing,No Holiday,Yes,2849063,537
3156,21/12/2017,19,0.8,71,0.9,923,-3.8,0.0,0.0,0.8,Winter,No Holiday,Yes,1979937,344
3157,2/1/2018,14,1.7,20,4.4,1995,-18.9,0.91,0.0,0.0,Wintr,No Holiday,Yes,1986296,306
3158,18/01/2018,11,1.8,75,,301,-2.1,0.35,0.0,0.0,Wintr,No Holiday,Yes,1585247,242
3159,23/09/2018,17,24.1,41,2.4,2000,10.0,1.17,0.0,0.0,Autmn,Holiday,Yes,8510889,1658
3160,4/6/2018,16,25.5,43,3.2,1892,11.9,1.72,0.0,0.0,Summmer,No Holiday,Yes,8763508,1702
3161,16/01/2018,-6,13.5,57,1.8,1414,3.0,0.54,0.1,0.0,Winteer,No Holiday,No,711918,31
3162,16/06/2018,22,22.8,69,1.7,1656,16.8,0.0,0.0,0.0,Summer,No Holiday,Yes,11352811,2145
3163,23/01/2018,2,-7.5,65,3.9,2000,-12.9,0.0,0.0,1.0,Winter,No Holiday,Yes,912493,71
3164,2/3/2018,1,-4.6,52,2.1,1372,-12.9,0.0,0.0,0.0,Sprng,No Holiday,Yes,1087074,105
3165,15/06/2018,21,21.4,54,1.5,2000,11.6,0.0,0.0,0.0,Sumer,No Holiday,Yes,12399584,2376
3166,27/03/2018,0,9.0,68,1.1,426,3.3,0.0,0.0,0.0,Sproing,No Holiday,Yes,2846058,382
3167,29/12/2017,0,0.2,63,0.7,925,-6.0,0.0,0.0,0.0,Winter,No Holiday,Yes,1562020,231
3168,13/04/2018,18,17.5,18,1.3,2000,-7.1,0.23,0.0,0.0,Spriing,No Holiday,Yes,12915401,2442
3169,6/4/2018,9,6.9,83,2.2,1666,4.2,0.83,,0.0,Sproing,No Holiday,Yes,4089723,743
3170,9/9/2018,-5,12.6,59,1.7,1459,4.6,0.57,0.1,0.0,Wintr,No Holiday,No,5849307,1066
3171,3/3/2018,14,14.4,14,1.4,1833,-12.8,2.66,0.0,0.0,Sprng,No Holiday,Yes,5446654,961
3172,27/10/2018,1,9.9,62,3.5,2000,2.9,0.0,0.0,0.0,Autmn,No Holiday,Yes,3706159,583
3173,22/08/2018,-9,13.2,59,,1392,3.3,,0.1,0.1,Summer,No Holiday,No,638372,0
3174,27/04/2018,-2,11.8,57,1.8,1452,2.8,0.57,0.2,0.1,Sproing,Holiday,No,3420168,620
3175,1/9/2018,4,21.2,88,0.9,1183,19.1,0.0,0.0,0.0,Autum,No Holiday,Yes,2603102,347
3176,15/05/2018,16,28.8,37,2.4,1629,12.6,1.44,0.0,0.0,Sprng,No Holiday,Yes,7558372,1404
3177,22/08/2018,1,24.6,79,0.6,1884,20.7,,0.0,0.0,Summer,No Holiday,Yes,4883037,777
3178,2/3/2018,2,-5.3,52,1.2,1434,-13.6,0.0,0.0,0.0,Sprng,No Holiday,Yes,752609,73
3179,23/05/2018,20,16.7,61,1.9,2000,9.1,0.05,0.0,0.0,Sproing,No Holiday,Yes,11072674,2049
3180,6/9/2018,-5,12.4,59,1.8,1470,4.8,0.49,0.2,0.1,Autmn,Holiday,Yes,2010594,207
3181,27/02/2018,20,5.9,44,1.3,733,-5.4,0.0,0.0,0.0,Winteer,No Holiday,Yes,2416040,444
3182,27/02/2018,19,,44,1.0,750,-5.2,0.0,0.0,0.0,Wonter,No Holiday,Yes,4164752,651
3183,25/08/2018,11,28.0,57,3.3,1827,18.6,2.71,0.0,0.0,Summer,No Holiday,Yes,5475236,962
3184,19/11/2018,7,3.4,73,1.1,1012,-0.9,,0.0,0.0,Autmn,No Holiday,Yes,5268357,976
3185,17/12/2017,12,-4.9,25,2.6,1966,-21.9,1.08,0.0,0.0,Wintr,No Holiday,Yes,2227992,254
3186,17/05/2018,9,19.7,98,0.5,659,19.3,0.05,10.0,0.0,Spriing,No Holiday,Yes,368457,39
3187,3/4/2018,9,18.3,67,2.4,1375,12.0,0.55,0.0,0.0,Sproing,No Holiday,Yes,5469103,916
3188,14/05/2018,13,21.8,59,1.9,404,13.4,2.74,0.0,0.0,Sproing,No Holiday,Yes,6172690,1092
3189,26/03/2018,7,6.0,96,0.6,94,5.4,0.0,0.0,0.0,Sprng,No Holiday,Yes,3408978,557
3190,5/6/2018,20,24.0,46,2.8,1896,11.6,0.06,0.0,0.0,Summer,No Holiday,Yes,12211694,2394
3191,14/11/2018,9,7.1,61,0.5,1493,0.0,0.57,0.0,0.0,Auttumn,No Holiday,Yes,5671357,1069
3192,2/3/2018,10,-1.8,30,2.1,1608,-17.1,1.59,0.0,0.0,Spriing,No Holiday,Yes,1601812,274
3193,6/2/2018,2,-11.2,36,2.9,1981,-23.3,0.0,0.0,0.0,Winter,No Holiday,Yes,414725,51
3194,1/12/2017,7,-7.4,38,0.9,2000,-19.3,0.0,0.0,0.0,Wonter,No Holiday,Yes,2533971,452
3195,9/1/2018,19,-4.5,57,0.6,2000,-11.7,0.0,0.0,0.0,Winter,No Holiday,Yes,2533374,336
3196,12/12/2017,13,-6.9,37,2.4,1955,-19.1,1.22,0.0,0.0,Winteer,No Holiday,Yes,1379573,231
3197,15/03/2018,4,15.1,86,2.1,877,12.7,0.0,0.0,0.0,Sprng,No Holiday,Yes,714189,10
3198,2/2/2018,19,-0.5,43,2.5,1666,-11.5,0.0,0.0,0.0,Wonter,No Holiday,Yes,2659247,375
3199,19/09/2018,-10,13.5,59,1.7,1501,3.5,0.6,0.3,0.1,Winter,Holiday,No,7479212,1341
3200,18/07/2018,17,32.6,46,2.8,1560,19.4,1.95,0.0,0.0,Summmer,No Holiday,Yes,8182130,1595
3201,8/3/2018,13,6.7,65,3.2,1651,0.5,1.76,0.0,0.0,Sproing,No Holiday,Yes,2345499,394
3202,25/04/2018,7,6.4,51,0.3,1963,-3.0,0.27,0.0,0.0,Sprng,No Holiday,Yes,5974917,1113
3203,18/11/2018,7,2.1,56,0.7,1477,-5.7,0.0,0.0,0.0,Autmn,No Holiday,Yes,1286203,206
3204,13/03/2018,-6,13.2,58,1.8,1426,5.1,0.54,,0.1,Winteer,Holiday,No,1318457,183
3205,29/01/2018,7,-11.1,37,1.6,2000,-22.9,0.0,0.0,0.0,Winteer,No Holiday,Yes,1451585,232
3206,12/3/2018,10,6.6,40,1.0,1061,-6.0,0.65,0.0,0.0,Sproing,No Holiday,Yes,3017852,445
3207,12/5/2018,17,14.3,98,0.7,270,13.9,0.08,1.5,0.0,Spring,No Holiday,Yes,377109,19
3208,30/08/2018,-8,12.8,56,1.8,1454,3.9,0.54,0.2,0.1,Spriing,No Holiday,Yes,9226675,1679
3209,25/01/2018,21,-14.1,35,2.2,2000,-26.2,0.0,0.0,0.5,Winteer,No Holiday,Yes,1269396,147
3210,16/11/2018,2,7.7,63,1.0,704,1.0,,0.0,0.0,Autmn,No Holiday,Yes,2840935,385
3211,22/01/2018,21,-1.8,85,2.9,590,-3.9,0.0,0.0,1.0,Winter,No Holiday,Yes,1818173,193
3212,11/7/2018,22,27.1,79,1.2,1578,23.1,0.0,0.0,0.0,Sumer,No Holiday,Yes,9448645,1833
3213,4/4/2018,11,12.8,65,2.0,2000,6.3,1.76,0.0,0.0,Sproing,No Holiday,Yes,4786307,765
3214,21/06/2018,19,26.9,42,2.4,2000,12.8,0.62,0.0,0.0,Summr,No Holiday,Yes,14725715,2876
3215,25/10/2018,15,20.6,32,1.4,1651,3.3,1.4,,0.0,Autumn,No Holiday,Yes,6986946,1235
3216,7/11/2018,7,10.8,91,1.3,216,9.3,0.0,0.0,0.0,Autumn,No Holiday,Yes,3220255,536
3217,5/10/2018,12,16.6,90,1.7,518,14.9,0.51,2.0,0.0,Auttumn,No Holiday,Yes,597230,19
3218,5/5/2018,22,19.1,61,2.7,1830,11.3,0.0,0.0,0.0,Spriing,No Holiday,Yes,7423705,1407
3219,7/10/2018,2,15.7,88,0.4,2000,13.7,0.0,0.0,0.0,Autum,No Holiday,Yes,2869979,513
3220,27/04/2018,-8,12.7,58,1.8,1407,4.5,0.51,0.1,0.1,Winter,No Holiday,No,1310652,240
3221,3/3/2018,16,15.8,15,2.6,1867,-10.8,1.7,0.0,0.0,Sprng,No Holiday,Yes,7328773,1302
3222,1/9/2018,-8,14.0,59,1.8,1474,3.4,0.5,0.1,0.1,Autumn,Holiday,No,10443340,1980
3223,24/03/2018,12,10.6,52,3.1,390,1.1,2.27,0.0,0.0,Sproing,No Holiday,Yes,4146912,766
3224,15/10/2018,10,14.1,66,0.6,827,7.8,0.58,0.0,0.0,Autum,No Holiday,Yes,5239782,856
3225,26/01/2018,19,-13.2,33,,1863,-26.1,0.0,0.0,0.3,Wintr,No Holiday,Yes,1169780,181
3226,25/06/2018,1,22.5,80,,619,18.8,0.0,0.0,0.0,Summer,No Holiday,Yes,3579916,596
3227,16/03/2018,5,5.2,60,2.0,2000,-1.9,0.0,0.0,0.0,Sproing,No Holiday,Yes,1162661,92
3228,4/12/2017,8,-0.8,69,3.5,954,-5.7,0.01,0.0,0.0,Winter,No Holiday,Yes,5353837,943
3229,6/10/2018,5,16.7,93,2.8,360,15.5,0.0,4.5,0.0,Auttumn,No Holiday,No,986230,0
3230,26/10/2018,8,12.1,81,0.8,706,8.9,0.0,0.5,0.0,Autumn,No Holiday,Yes,3266666,562
3231,27/02/2018,-4,12.9,57,,1393,3.9,0.51,0.3,0.1,Autum,Holiday,Yes,4157344,658
3232,29/06/2018,7,22.0,97,0.9,269,21.4,0.03,0.0,0.0,Summr,No Holiday,Yes,5227319,883
3233,16/01/2018,19,4.6,57,1.0,432,-3.2,0.0,0.0,0.0,Winteer,No Holiday,Yes,2545886,407
3234,29/07/2018,19,34.4,39,1.2,2000,18.4,0.58,0.0,0.0,Summer,No Holiday,Yes,7812923,1451
3235,28/10/2018,20,8.2,82,2.8,2000,5.3,0.0,0.0,0.0,Autmn,No Holiday,Yes,4179425,649
3236,13/09/2018,12,24.3,59,1.5,2000,15.7,1.12,0.0,0.0,Autmn,No Holiday,Yes,6164534,1198
3237,12/7/2018,6,25.6,93,1.1,852,24.3,,0.0,0.0,Summr,No Holiday,Yes,3653620,614
3238,18/03/2018,21,8.8,72,0.9,501,4.0,0.0,0.0,0.0,Sproing,No Holiday,Yes,510713,78
3239,12/6/2018,20,21.6,62,3.3,2000,13.9,0.09,0.0,0.0,Summr,No Holiday,Yes,13827703,2628
3240,28/04/2018,8,12.7,67,0.6,378,6.7,0.86,0.0,0.0,Spriing,No Holiday,Yes,4193301,643
3241,25/07/2018,6,,75,1.8,1092,23.2,0.01,0.0,0.0,Summer,No Holiday,Yes,3687610,695
3242,31/01/2018,16,-0.1,29,1.6,2000,-16.0,0.5,0.0,1.8,Winteer,No Holiday,Yes,1511065,218
3243,25/07/2018,8,28.7,70,,1470,22.6,0.52,0.0,0.0,Summmer,No Holiday,Yes,9950021,1912
3244,12/10/2018,1,7.6,63,1.2,2000,0.9,0.0,0.0,0.0,Autum,No Holiday,Yes,2717543,511
3245,27/09/2018,2,15.7,53,1.4,2000,6.1,0.0,0.0,0.0,Auttumn,No Holiday,Yes,2250546,307
3246,20/05/2018,-7,13.1,58,1.7,1473,4.3,0.54,0.2,0.1,Wonter,No Holiday,No,1726906,272
3247,29/10/2018,22,5.1,58,2.2,2000,-2.4,0.0,0.0,0.0,Auttumn,No Holiday,Yes,5414026,908
3248,27/08/2018,23,23.6,87,0.6,2000,21.3,0.0,0.0,0.0,Summr,No Holiday,Yes,6315413,1138
3249,30/12/2017,8,-0.4,78,0.5,249,-3.7,0.0,0.0,0.0,Winteer,No Holiday,Yes,1770215,180
3250,28/12/2017,6,-5.5,24,0.5,2000,-22.9,0.0,0.0,0.0,Wintr,No Holiday,Yes,816327,116
3251,7/4/2018,15,7.6,36,5.0,1928,-6.5,1.39,0.0,0.0,Sprng,No Holiday,Yes,5098463,873
3252,26/06/2018,12,20.5,97,1.8,257,20.0,0.15,5.0,0.0,Summer,No Holiday,Yes,166836,11
3253,10/8/2018,20,32.2,52,2.3,2000,21.0,0.02,0.0,0.0,Summmer,No Holiday,Yes,9467370,1735
3254,15/08/2018,3,29.1,70,0.3,1952,23.0,0.0,0.0,0.0,Sumer,Holiday,Yes,3422579,494
3255,30/11/2018,10,1.9,51,0.8,1029,-7.1,,0.0,0.0,Autmn,No Holiday,Yes,2972484,564
3256,5/4/2018,12,7.3,95,2.2,676,6.5,0.3,0.5,0.0,Spriing,No Holiday,Yes,471505,61
3257,17/10/2018,19,13.2,42,1.3,2000,0.5,0.0,0.0,0.0,Autmn,No Holiday,Yes,9839441,1848
3258,26/04/2018,15,21.9,23,2.6,1463,-0.1,2.66,0.0,0.0,Sprng,No Holiday,Yes,6003386,1172
3259,19/05/2018,19,22.6,34,1.5,2000,5.9,0.51,0.0,0.0,Sprng,No Holiday,Yes,11380884,2113
3260,9/4/2018,15,14.2,24,1.8,1743,-6.1,2.6,,0.0,Sproing,No Holiday,Yes,5487239,1072
3261,30/03/2018,15,21.8,28,2.3,1162,2.4,2.4,0.0,0.0,Spring,No Holiday,Yes,6187497,1087
3262,12/11/2018,19,9.8,46,2.8,1945,-1.2,0.0,0.0,0.0,Auttumn,No Holiday,Yes,8050797,1526
3263,7/11/2018,10,11.9,84,0.9,482,9.2,0.2,0.0,0.0,Auttumn,No Holiday,Yes,3800653,576
3264,6/8/2018,21,30.6,70,,1542,24.4,0.0,0.0,0.0,Sumer,No Holiday,Yes,8756022,1611
3265,27/08/2018,18,24.8,83,0.8,1947,21.7,0.26,0.0,0.0,Summer,No Holiday,Yes,11929146,2220
3266,28/04/2018,6,10.6,84,1.1,284,8.0,0.0,0.0,0.0,Sproing,No Holiday,Yes,1685398,239
3267,19/01/2018,3,-0.6,43,1.7,1316,-11.6,0.0,0.0,0.0,Winter,No Holiday,Yes,1067868,101
3268,3/1/2018,16,-0.4,30,2.0,2000,-15.9,0.62,0.0,0.0,Winter,No Holiday,Yes,1772540,300
3269,5/10/2018,7,17.7,56,1.3,2000,8.8,0.0,0.0,0.0,Autumn,No Holiday,Yes,1934017,291
3270,11/10/2018,9,8.4,49,2.6,2000,-1.7,1.17,0.0,0.0,Autum,No Holiday,Yes,6411210,1084
3271,23/06/2018,9,24.3,37,1.1,1939,8.6,1.31,0.0,0.0,Summer,No Holiday,Yes,6522741,1119
3272,2/5/2018,3,18.5,82,0.8,342,15.3,0.0,0.0,0.0,Sprng,No Holiday,Yes,1405608,180
3273,13/05/2018,18,19.0,66,1.3,1111,12.4,0.95,0.0,0.0,Spriing,No Holiday,Yes,12054727,2383
3274,14/01/2018,13,3.0,52,1.4,568,-5.9,0.9,0.0,0.0,Wonter,No Holiday,Yes,1624221,271
3275,25/08/2018,22,23.4,75,1.6,2000,18.7,0.0,0.0,0.0,Summr,No Holiday,Yes,9520261,1739
3276,30/09/2018,11,20.2,63,2.8,1195,12.9,1.25,0.0,0.0,Autumn,No Holiday,No,222263,0
3277,10/2/2018,17,-0.9,19,5.0,2000,-21.6,0.48,0.0,0.0,Wonter,No Holiday,Yes,2079670,298
3278,15/12/2017,7,-7.0,63,0.6,865,-12.8,0.0,0.0,0.0,Wonter,No Holiday,Yes,2075719,286
3279,21/08/2018,-10,12.1,59,1.7,1402,4.6,0.56,,0.1,Winteer,Holiday,Yes,5381556,934
3280,21/07/2018,14,36.3,34,1.3,1493,17.9,3.17,0.0,0.0,Summr,No Holiday,Yes,4671292,744
3281,11/9/2018,20,22.9,48,1.2,2000,11.2,0.0,0.0,0.0,Autum,No Holiday,Yes,11223408,2177
3282,17/08/2018,3,22.4,52,1.3,2000,12.0,0.0,0.0,0.0,Summmer,No Holiday,Yes,2682607,376
3283,21/05/2018,19,19.5,56,1.6,1600,10.4,0.29,,0.0,Spring,No Holiday,Yes,12825102,2501
3284,23/12/2017,18,6.6,73,0.4,229,2.0,0.0,0.0,0.0,Winteer,No Holiday,Yes,2278088,388
3285,6/8/2018,-10,13.5,59,1.8,1442,3.8,0.56,0.1,0.1,Winter,No Holiday,No,1998645,250
3286,31/08/2018,3,23.3,81,1.7,1068,19.8,0.0,0.0,0.0,Summmer,No Holiday,Yes,2471862,307
3287,19/07/2018,-7,,58,1.8,1465,4.3,0.63,0.2,0.1,Spriing,Holiday,No,1581118,291
3288,4/11/2018,20,12.7,59,1.2,1177,4.8,0.0,0.0,0.0,Autumn,No Holiday,Yes,5836300,1063
3289,23/02/2018,15,8.2,62,0.6,291,1.3,1.22,0.0,0.0,Wintr,No Holiday,Yes,2568482,323
3290,30/12/2017,17,3.8,64,0.9,250,-2.3,,0.0,0.0,Wintr,No Holiday,Yes,1666740,226
3291,10/1/2018,23,-10.2,53,3.3,1997,-17.9,,0.0,0.0,Wintr,No Holiday,Yes,1189610,135
3292,12/10/2018,11,,38,2.7,2000,-1.0,2.3,0.0,0.0,Autumn,No Holiday,Yes,5605054,1004
3293,17/01/2018,23,-28.6,1,3.1,2167,24.4,0.34,0.0,0.0,Winter,Holiday,Yes,5730744,998
3294,6/2/2018,11,-9.9,32,3.3,1863,-23.5,1.72,0.0,0.0,Winteer,No Holiday,Yes,1215436,156
3295,11/10/2018,23,8.4,60,1.5,2000,1.0,0.0,0.0,0.0,Autmn,No Holiday,Yes,5158201,883
3296,30/12/2017,5,-1.2,81,0.8,258,-4.0,0.0,0.0,0.0,Winteer,No Holiday,Yes,919675,60
3297,30/10/2018,0,21.5,2,0.7,1421,4.0,0.0,0.0,0.0,Autum,No Holiday,No,4816346,911
3298,18/03/2018,20,9.2,66,1.1,513,3.1,0.0,0.0,0.0,Spriing,No Holiday,Yes,1273176,124
3299,3/8/2018,12,36.8,41,2.1,1759,21.3,2.53,0.0,0.0,Summer,No Holiday,Yes,3163802,581
3300,20/04/2018,14,25.9,28,2.2,808,5.9,2.92,0.0,0.0,Spriing,No Holiday,Yes,5619461,977
3301,17/08/2018,9,25.5,40,2.6,1990,10.8,1.7,0.0,0.0,Summmer,No Holiday,Yes,5623982,1037
3302,2/7/2018,1,21.3,97,1.0,1451,20.7,0.0,3.0,0.0,Sumer,No Holiday,Yes,612197,29
3303,17/09/2018,-1,12.4,59,1.8,1408,4.9,0.57,0.1,0.1,Summr,No Holiday,No,1044258,169
3304,27/12/2017,13,-4.7,18,3.7,2000,-25.4,1.16,0.0,0.0,Wintr,No Holiday,Yes,2139001,249
3305,11/7/2018,10,26.3,91,0.6,749,24.7,0.63,0.5,0.0,Summr,No Holiday,Yes,3594280,530
3306,15/08/2018,9,32.0,53,1.6,2000,21.2,1.56,0.0,0.0,Summr,Holiday,Yes,2989290,564
3307,21/06/2018,11,25.5,57,1.8,943,16.3,3.01,0.0,0.0,Sumer,No Holiday,Yes,6299150,1094
3308,15/05/2018,11,24.8,36,1.8,973,8.7,2.7,0.0,0.0,Sprng,No Holiday,Yes,5137441,943
3309,22/06/2018,20,25.4,31,2.5,2000,7.0,0.07,0.0,0.0,Sumer,No Holiday,Yes,13147071,2475
3310,13/02/2018,15,,40,5.3,1950,-8.6,1.96,0.0,0.0,Winteer,No Holiday,Yes,2229399,273
3311,22/01/2018,7,-0.4,34,1.0,1989,-14.3,0.0,0.0,0.0,Wintr,No Holiday,Yes,2350281,320
3312,16/02/2018,17,2.5,48,4.2,1979,-7.4,0.76,0.0,0.0,Winter,Holiday,Yes,1938897,199
3313,3/7/2018,17,32.4,50,2.2,2000,20.6,1.92,0.0,0.0,Summr,No Holiday,Yes,10202597,1846
3314,29/05/2018,17,23.9,65,1.9,1425,16.9,1.02,0.0,0.0,Sproing,No Holiday,Yes,10506662,2027
3315,29/08/2018,21,23.7,98,0.6,410,23.3,0.0,5.5,0.0,Sumer,No Holiday,Yes,908224,30
3316,24/01/2018,1,-15.0,31,2.5,2000,-28.3,0.0,0.0,0.9,Winteer,No Holiday,Yes,1033560,69
3317,1/6/2018,17,29.2,35,4.3,1967,12.1,1.87,0.0,0.0,Summr,No Holiday,Yes,11219049,2177
3318,18/06/2018,23,22.3,59,1.1,1892,13.8,0.0,0.0,0.0,Summr,No Holiday,Yes,9536250,1776
3319,3/1/2018,18,-3.1,39,2.1,2000,-15.1,0.0,0.0,0.0,Winteer,No Holiday,Yes,3868104,616
3320,20/12/2017,8,-7.8,65,1.1,1738,-13.2,0.0,0.0,2.0,Wintr,No Holiday,Yes,2681632,475
3321,1/5/2018,0,18.3,78,0.8,349,14.3,0.0,0.0,0.0,Spring,Holiday,Yes,4689799,798
3322,14/03/2018,20,17.2,60,2.5,1993,9.3,0.0,0.0,0.0,Sproing,No Holiday,Yes,6549230,1284
3323,6/6/2018,9,22.9,56,2.3,763,13.6,1.74,0.0,0.0,Summmer,Holiday,Yes,5751280,1070
3324,20/08/2018,11,31.2,45,1.9,1810,17.8,2.72,0.0,0.0,Summmer,No Holiday,Yes,3775716,725
3325,6/8/2018,19,32.2,65,0.8,1894,24.7,0.1,0.0,0.0,Summer,No Holiday,Yes,8776003,1570
3326,16/10/2018,18,16.9,47,1.4,1637,5.5,0.11,0.0,0.0,Autmn,No Holiday,Yes,13892802,2747
3327,19/07/2018,5,23.6,88,0.2,604,21.4,0.0,0.0,0.0,Sumer,No Holiday,Yes,2554377,349
3328,8/3/2018,17,7.5,64,4.3,538,1.1,0.88,0.0,0.0,Spring,No Holiday,Yes,4553622,816
3329,4/10/2018,17,24.2,44,1.5,2000,11.1,0.58,0.0,0.0,Autmn,No Holiday,No,728008,0
3330,7/6/2018,15,29.3,41,2.0,609,14.6,2.63,0.0,0.0,Summmer,No Holiday,Yes,6894092,1214
3331,26/04/2018,3,11.3,66,1.0,1506,5.1,0.0,0.0,0.0,Sproing,No Holiday,Yes,1911017,241
3332,27/04/2018,14,,32,2.8,1124,4.7,2.91,0.0,0.0,Spring,No Holiday,Yes,6345575,1133
3333,6/11/2018,19,13.3,72,1.1,234,8.3,0.0,0.0,0.0,Autumn,No Holiday,No,450617,0
3334,19/01/2018,-2,12.1,56,1.7,1442,4.6,,0.2,0.1,Wintr,Holiday,Yes,4267645,781
3335,4/12/2017,1,4.3,87,0.5,221,2.3,0.0,,0.0,Winter,No Holiday,Yes,972862,170
3336,29/03/2018,-9,13.4,59,1.7,1446,4.5,0.52,0.1,0.1,Summer,No Holiday,No,1100540,44
3337,14/03/2018,21,16.8,67,2.0,1775,10.6,0.0,0.0,0.0,Sproing,No Holiday,Yes,6088528,1177
3338,22/09/2018,1,19.5,83,1.5,1459,16.5,0.0,0.0,0.0,Auttumn,No Holiday,Yes,4786657,851
3339,24/06/2018,20,26.1,49,1.9,1960,14.5,0.1,0.0,0.0,Summer,No Holiday,Yes,12041688,2300
3340,20/03/2018,6,3.9,43,3.4,2000,-7.5,0.0,0.0,0.0,Spring,No Holiday,Yes,1742911,232
3341,8/4/2018,18,3.0,89,1.5,283,1.3,0.07,1.9,0.0,Sprng,No Holiday,Yes,640031,31
3342,20/11/2018,7,0.5,53,1.1,2000,-7.9,0.0,0.0,0.0,Auttumn,No Holiday,Yes,5097249,949
3343,1/10/2018,19,16.2,62,2.2,2000,8.9,0.0,,0.0,Autmn,No Holiday,Yes,10721243,2098
3344,23/11/2018,20,2.7,27,1.2,2000,-14.4,0.0,0.0,0.0,Auttumn,No Holiday,Yes,4355219,797
3345,6/5/2018,18,20.2,66,1.0,2000,13.6,1.1,0.0,0.0,Sprng,No Holiday,Yes,9570702,1872
3346,10/12/2017,7,-0.4,92,1.1,121,-1.5,0.0,0.0,4.0,Winteer,No Holiday,Yes,535387,16
3347,14/05/2018,9,15.1,74,0.6,437,10.4,0.76,0.0,0.0,Sproing,No Holiday,Yes,5955859,1137
3348,22/06/2018,8,21.9,58,1.2,771,13.2,1.29,0.0,0.0,Sumer,No Holiday,Yes,12591382,2365
3349,26/10/2018,7,12.6,63,0.8,1265,5.7,0.0,0.0,0.0,Autumn,No Holiday,Yes,3867740,585
3350,28/03/2018,18,17.0,53,3.1,1855,7.3,0.35,0.0,0.0,Sprng,No Holiday,Yes,10173527,1894
3351,14/05/2018,0,12.7,89,1.2,340,10.9,,0.0,0.0,Spring,No Holiday,Yes,3919135,587
3352,11/10/2018,16,13.8,36,2.9,2000,-1.0,0.98,0.0,0.0,Autum,No Holiday,Yes,6711713,1308
3353,31/12/2017,0,0.9,95,1.8,63,0.1,0.0,0.2,0.2,Wintr,Holiday,Yes,1124173,42
3354,15/06/2018,16,26.5,45,1.6,2000,13.5,1.91,0.0,0.0,Summmer,No Holiday,Yes,9218975,1722
3355,21/08/2018,9,24.4,82,3.0,1847,21.1,0.6,,0.0,Summer,No Holiday,Yes,5239530,863
3356,4/4/2018,10,10.7,81,1.4,2000,7.5,0.57,0.0,0.0,Spriing,No Holiday,Yes,2937562,493
3357,30/07/2018,16,36.4,40,1.1,2000,20.6,1.79,0.0,0.0,Summer,No Holiday,Yes,4852113,869
3358,29/12/2017,4,0.6,65,0.4,712,-5.2,,0.0,0.0,Winteer,No Holiday,Yes,1371980,75
3359,8/6/2018,15,26.2,51,3.3,1104,15.2,2.87,0.0,0.0,Summr,No Holiday,Yes,7759434,1393
3360,4/12/2017,12,-0.3,38,4.8,1823,-12.9,1.11,0.0,0.0,Winteer,No Holiday,Yes,2215712,414
3361,7/6/2018,17,28.2,51,3.3,879,17.0,1.73,0.0,0.0,Sumer,No Holiday,Yes,10863124,2119
3362,29/08/2018,14,26.8,77,3.5,1965,22.4,0.11,0.0,0.0,Summmer,No Holiday,Yes,2555885,477
3363,11/12/2017,23,-10.7,53,1.2,2000,-18.4,0.0,0.0,0.0,Wonter,No Holiday,Yes,1237365,172
3364,14/03/2018,1,13.7,73,2.2,1182,8.9,0.0,0.0,0.0,Sprng,No Holiday,Yes,2497413,300
3365,17/10/2018,6,8.8,77,0.2,1077,4.9,0.0,0.0,0.0,Autum,No Holiday,Yes,2994854,522
3366,23/01/2018,-4,12.6,57,1.7,1494,3.6,0.58,0.2,0.1,Autumn,No Holiday,No,983693,52
3367,10/6/2018,12,23.2,50,2.2,1988,12.1,,0.0,0.0,Summr,No Holiday,Yes,7582134,1447
3368,26/02/2018,7,-3.1,68,0.8,1417,-8.1,0.0,0.0,0.0,Winter,No Holiday,Yes,2655513,394
3369,23/06/2018,7,21.3,44,0.5,1911,8.5,0.2,0.0,0.0,Summer,No Holiday,Yes,3436039,661
3370,3/5/2018,6,7.9,86,2.0,1070,5.6,0.01,0.0,0.0,Sprng,No Holiday,Yes,2833428,470
3371,21/06/2018,4,19.6,87,1.2,465,17.3,0.0,0.0,0.0,Summer,No Holiday,Yes,1794986,203
3372,29/04/2018,12,20.5,31,2.6,1299,2.7,2.79,0.0,0.0,Spring,No Holiday,Yes,7860875,1385
3373,2/11/2018,8,4.7,72,1.0,1306,0.0,0.12,0.0,0.0,Autmn,No Holiday,Yes,10013986,1922
3374,5/9/2018,14,27.9,42,5.0,1914,13.7,2.79,0.0,0.0,Auttumn,No Holiday,Yes,5355193,1003
3375,4/5/2018,4,9.5,66,1.1,1737,3.4,0.0,0.0,0.0,Spring,No Holiday,Yes,1212212,140
3376,2/1/2018,6,-3.2,67,0.4,1409,-8.4,0.0,0.0,0.0,Wonter,No Holiday,Yes,1207489,123
3377,30/11/2018,20,3.4,37,2.3,2000,-9.9,,0.0,0.0,Autum,No Holiday,Yes,4753282,805
3378,28/08/2018,23,22.8,97,1.0,600,22.2,0.0,3.5,0.0,Sumer,No Holiday,Yes,1133161,66
3379,30/12/2017,3,-1.1,83,0.8,237,-3.6,0.0,0.0,0.0,Wonter,No Holiday,Yes,763709,118
3380,5/10/2018,23,16.3,91,1.8,1811,14.8,0.0,0.5,0.0,Autumn,No Holiday,Yes,872435,8
3381,7/12/2017,10,,83,0.7,311,-1.4,,0.0,0.7,Wonter,No Holiday,Yes,1909753,333
3382,10/3/2018,-1,12.7,58,1.8,1432,3.9,0.55,0.1,0.1,Summr,No Holiday,No,1124990,55
3383,31/12/2017,4,-0.2,87,3.5,246,-2.1,0.0,0.0,1.2,Wintr,Holiday,Yes,961292,36
3384,9/6/2018,23,20.7,66,1.6,2000,14.1,0.0,0.0,0.0,Sumer,No Holiday,Yes,4792478,772
3385,16/02/2018,16,3.3,38,3.8,1921,-9.6,,0.0,0.0,Winter,Holiday,Yes,1197234,179
3386,19/09/2018,7,19.0,74,0.8,1650,14.2,0.03,0.0,0.0,Autmn,No Holiday,No,394404,0
3387,15/03/2018,10,14.2,98,1.2,299,13.8,0.14,0.0,0.0,Sproing,No Holiday,Yes,413953,30
3388,27/12/2017,7,-10.1,38,2.3,2000,-21.7,0.0,0.0,0.0,Wintr,No Holiday,Yes,2130398,283
3389,15/02/2018,1,-1.1,38,2.8,1999,-13.6,0.0,0.0,0.0,Winter,Holiday,Yes,738095,121
3390,18/05/2018,11,16.6,96,0.7,539,15.9,0.41,0.0,0.0,Sprng,No Holiday,Yes,2745152,390
3391,25/11/2018,3,2.6,88,0.9,319,0.8,0.0,0.0,2.8,Autum,No Holiday,Yes,1516165,201
3392,5/11/2018,4,8.0,81,0.4,666,4.9,0.0,0.0,0.0,Autumn,No Holiday,Yes,1214188,111
3393,12/6/2018,22,20.0,70,1.0,2000,14.3,0.0,0.0,0.0,Summmer,No Holiday,Yes,12119396,2301
3394,26/07/2018,-5,12.3,57,1.7,1430,3.8,0.57,0.1,0.1,Spriing,No Holiday,No,516179,71
3395,27/05/2018,3,18.5,62,0.8,1073,11.0,0.0,0.0,0.0,Spring,No Holiday,Yes,2513702,420
3396,22/09/2018,2,19.4,85,0.0,1533,16.8,0.0,0.0,0.0,Auttumn,No Holiday,Yes,3515531,665
3397,24/12/2017,19,1.1,68,4.4,695,-4.1,0.0,0.0,0.0,Wonter,Holiday,Yes,1122793,135
3398,20/05/2018,11,18.7,30,1.9,2000,0.7,1.66,0.0,0.0,Sprng,No Holiday,Yes,5696054,1082
3399,20/11/2018,19,8.7,34,2.2,1857,-6.3,0.0,0.0,0.0,Autum,No Holiday,Yes,7320970,1317
3400,27/10/2018,14,10.8,37,4.4,2000,-3.3,,0.0,0.0,Autum,No Holiday,Yes,6802586,1199
3401,12/8/2018,23,28.7,81,0.4,1586,25.1,,0.0,0.0,Summr,No Holiday,Yes,4571297,761
3402,4/1/2018,9,-7.9,48,,1926,-17.0,,0.0,0.0,Wintr,No Holiday,Yes,2275416,353
3403,2/2/2018,4,-6.7,65,1.1,1705,-12.1,0.0,0.0,0.0,Wonter,No Holiday,Yes,1083278,59
3404,5/6/2018,11,26.8,37,1.6,1639,10.8,2.91,0.0,0.0,Summer,No Holiday,Yes,5233687,953
3405,12/8/2018,6,27.2,66,0.9,2000,20.2,0.0,0.0,0.0,Summmer,No Holiday,Yes,1604725,252
3406,2/9/2018,18,27.9,52,1.7,2000,17.1,0.2,0.0,0.0,Auttumn,No Holiday,Yes,11888690,2191
3407,29/05/2018,1,20.3,55,1.1,1756,0.0,0.0,0.0,0.0,Spriing,No Holiday,Yes,4266633,691
3408,18/10/2018,4,8.1,78,0.6,2000,4.4,0.0,0.0,0.0,Autum,No Holiday,Yes,1094420,183
3409,24/09/2018,12,20.3,34,2.6,2000,3.9,,0.0,0.0,Autmn,Holiday,Yes,4578072,796
3410,5/6/2018,17,28.1,37,3.6,1346,12.0,1.56,0.0,0.0,Summer,No Holiday,Yes,11607539,2145
3411,25/06/2018,5,21.5,84,0.3,569,18.6,0.0,0.0,0.0,Sumer,No Holiday,Yes,2450080,344
3412,1/6/2018,7,18.1,64,0.6,923,11.1,0.47,0.0,0.0,Summr,No Holiday,Yes,7940199,1543
3413,18/04/2018,-6,12.7,59,,1458,3.9,0.6,0.2,0.1,Summr,Holiday,Yes,879568,115
3414,18/09/2018,-5,14.0,58,1.7,1421,3.5,,0.2,0.1,Summr,No Holiday,No,368700,43
3415,21/12/2017,-5,12.4,58,1.7,1416,4.5,0.56,0.1,0.1,Wintr,Holiday,No,5275440,910
3416,28/06/2018,16,25.2,81,3.6,961,21.6,,0.0,0.0,Summmer,No Holiday,Yes,4730945,778
3417,3/11/2018,18,14.2,51,1.5,990,4.1,0.02,0.0,0.0,Autmn,No Holiday,No,264917,0
3418,24/02/2018,6,1.2,83,2.5,245,-1.3,0.0,0.0,0.0,Wonter,No Holiday,Yes,1332031,70
3419,29/10/2018,3,5.0,67,0.8,2000,-0.6,0.0,0.0,0.0,Autumn,No Holiday,Yes,1238182,147
3420,13/10/2018,4,7.1,79,1.2,1567,3.6,0.0,0.0,0.0,Autmn,No Holiday,Yes,1685439,234
3421,13/09/2018,7,20.5,69,1.4,2000,14.6,0.03,0.0,0.0,Autum,No Holiday,Yes,8061244,1561
3422,11/6/2018,1,19.8,59,1.3,2000,11.5,0.0,0.0,0.0,Summmer,No Holiday,Yes,3203476,573
3423,17/01/2018,-3,13.1,58,1.8,1371,3.9,0.55,0.2,0.1,Autum,Holiday,Yes,1380034,111
3424,27/04/2018,1,11.5,57,1.8,1471,3.2,0.0,0.0,0.0,Spring,No Holiday,Yes,3005683,546
3425,29/08/2018,16,27.0,76,3.8,1875,22.3,0.21,0.0,0.0,Summer,No Holiday,Yes,1532052,253
3426,16/12/2017,4,-5.0,70,2.7,702,-9.6,0.0,0.0,0.0,Wonter,No Holiday,Yes,1165802,93
3427,27/07/2018,21,30.3,75,1.1,1289,25.3,0.0,0.0,0.0,Sumer,No Holiday,Yes,8221575,1604
3428,27/01/2018,-7,12.0,58,1.7,1429,3.3,0.57,0.2,0.1,Auttumn,No Holiday,No,11360064,2193
3429,12/6/2018,-7,12.9,56,1.8,1403,3.0,0.57,0.1,0.1,Autumn,Holiday,Yes,10475807,1908
3430,30/04/2018,10,19.5,54,1.1,451,9.9,1.88,0.0,0.0,Sproing,No Holiday,Yes,4413703,757
3431,3/10/2018,3,12.6,78,0.6,1907,8.8,0.0,0.0,0.0,Autumn,Holiday,Yes,2930913,470
3432,13/06/2018,9,22.6,59,1.6,1030,14.1,1.8,0.0,0.0,Summer,No Holiday,Yes,6780007,1185
3433,27/02/2018,6,0.6,50,0.4,985,-8.6,0.0,0.0,0.0,Winter,No Holiday,Yes,1710825,187
3434,8/12/2017,15,-0.8,26,3.3,1977,-17.9,0.87,,0.0,Wonter,No Holiday,Yes,2057053,334
3435,7/10/2018,1,16.0,88,,2000,14.0,0.0,0.0,0.0,Autumn,No Holiday,Yes,3996515,776
3436,2/12/2017,16,6.4,48,2.6,1945,-3.8,0.22,0.0,0.0,Winteer,No Holiday,Yes,3892323,590
3437,9/3/2018,-8,11.8,60,1.7,1452,3.8,,0.1,0.1,Sumer,No Holiday,No,805306,127
3438,19/09/2018,16,25.6,41,1.2,1594,11.3,0.65,0.0,0.0,Auttumn,No Holiday,No,868415,0
3439,7/11/2018,17,14.9,73,0.9,854,10.0,0.04,0.0,0.0,Auttumn,No Holiday,Yes,6349635,1102
3440,25/10/2018,3,9.1,79,0.2,1689,5.6,0.0,0.0,0.0,Autumn,No Holiday,Yes,2069714,287
3441,30/04/2018,8,15.8,73,0.5,357,10.9,0.39,0.0,0.0,Spring,No Holiday,Yes,8957071,1748
3442,8/8/2018,21,29.7,71,3.2,1934,23.8,0.0,,0.0,Summr,No Holiday,Yes,10077122,1856
3443,30/07/2018,22,32.5,50,1.2,2000,20.7,0.0,0.0,0.0,Summr,No Holiday,Yes,8461220,1567
3444,6/5/2018,-2,13.7,56,1.8,1457,3.2,0.54,0.2,0.0,Spriing,Holiday,No,2927611,467
3445,21/04/2018,-6,12.6,60,1.8,1431,3.4,0.47,0.1,0.1,Spring,Holiday,No,1118800,165
3446,16/12/2017,3,-4.5,71,1.6,651,-8.9,0.0,0.0,0.0,Wintr,No Holiday,Yes,1233995,136
3447,30/10/2018,14,10.7,33,1.7,2000,-4.9,2.12,0.0,0.0,Autumn,No Holiday,Yes,4899154,898
3448,24/12/2017,-2,13.2,59,1.8,1462,4.7,0.57,0.2,0.0,Autumn,No Holiday,No,1064577,152
3449,3/9/2018,13,24.9,78,1.5,1910,20.7,0.72,0.0,0.0,Autmn,No Holiday,Yes,4428308,733
3450,15/03/2018,20,10.5,97,1.8,372,10.0,0.0,0.0,0.0,Spring,No Holiday,Yes,3132672,574
3451,15/09/2018,20,23.5,80,1.7,1621,19.8,0.0,0.0,0.0,Auttumn,No Holiday,Yes,8084323,1517
3452,25/03/2018,15,16.7,38,3.1,265,2.2,2.27,0.0,0.0,Spriing,No Holiday,Yes,5350382,965
3453,4/12/2017,7,0.2,68,3.4,702,-5.0,0.0,0.0,0.0,Wintr,No Holiday,Yes,2706491,486
3454,25/01/2018,5,-15.8,37,2.7,2000,-27.1,0.0,,0.7,Wonter,No Holiday,Yes,265497,32
3455,18/04/2018,0,9.6,44,2.2,1417,-2.0,0.0,0.0,0.0,Sprng,No Holiday,Yes,3679354,536
3456,29/12/2017,21,1.0,77,1.5,297,-2.5,0.0,0.0,0.0,Winter,No Holiday,Yes,1905683,288
3457,9/8/2018,12,31.1,63,3.0,1795,23.2,1.14,0.0,0.0,Summmer,No Holiday,Yes,3491856,536
3458,3/3/2018,7,0.1,43,1.4,1502,-11.0,0.0,0.0,0.0,Sprng,No Holiday,Yes,955209,166
3459,17/09/2018,16,,37,,1935,11.5,1.9,0.0,0.0,Auttumn,No Holiday,Yes,8131365,1437
3460,26/11/2018,12,9.1,57,1.1,562,1.0,1.69,0.0,0.0,Autum,No Holiday,Yes,4613687,786
3461,5/9/2018,0,21.1,64,1.5,2000,14.0,0.0,0.0,0.0,Autmn,No Holiday,Yes,5395573,979
3462,4/7/2018,17,31.2,56,3.4,1943,21.3,1.82,0.0,0.0,Summmer,No Holiday,Yes,9363743,1847
3463,2/2/2018,18,0.5,37,3.0,1733,-12.5,0.06,0.0,0.0,Wintr,No Holiday,Yes,3204643,581
3464,29/06/2018,2,22.2,96,0.8,269,21.5,0.0,0.2,0.0,Sumer,No Holiday,Yes,2512868,348
3465,6/12/2017,3,-3.2,78,0.0,1808,-6.4,0.0,0.2,0.4,Wonter,No Holiday,Yes,514025,82
3466,12/6/2018,7,17.1,77,1.5,1748,13.0,0.49,0.0,0.0,Summer,No Holiday,Yes,8188865,1574
3467,22/06/2018,0,20.7,67,1.9,885,14.3,0.0,0.0,0.0,Sumer,No Holiday,Yes,6303390,1163
3468,3/11/2018,16,18.7,25,,1605,-1.7,1.07,,0.0,Auttumn,No Holiday,No,851452,0
3469,20/06/2018,8,20.6,77,1.2,566,16.4,,0.0,0.0,Summmer,No Holiday,Yes,13363476,2544
3470,15/07/2018,3,24.8,86,0.2,1354,22.2,,0.0,0.0,Summr,No Holiday,Yes,2420222,453
3471,6/1/2018,20,-2.1,41,1.1,1578,-13.6,0.0,0.0,0.0,Winteer,No Holiday,Yes,1441973,210
3472,22/08/2018,14,36.2,36,,1985,18.7,2.87,0.0,0.0,Summmer,No Holiday,Yes,3933408,746
3473,24/11/2018,-1,13.3,58,1.8,1459,4.6,0.63,0.1,0.1,Sproing,No Holiday,No,2407972,394
3474,10/12/2017,3,0.3,53,0.5,1748,-8.1,,0.0,0.0,Winteer,No Holiday,Yes,1381558,181
3475,5/4/2018,2,9.0,63,2.1,2000,2.3,0.0,0.0,0.0,Spring,No Holiday,Yes,1200733,208
3476,12/6/2018,2,17.7,87,1.2,2000,15.5,0.0,0.0,0.0,Sumer,No Holiday,Yes,2749343,418
3477,24/12/2017,17,2.2,86,2.6,605,0.0,0.04,0.0,0.0,Winter,Holiday,Yes,623392,102
3478,25/09/2018,-5,13.3,59,1.7,1397,4.9,0.6,0.1,0.1,Sprng,Holiday,Yes,5643161,1024
3479,13/04/2018,10,15.7,18,,1980,-8.6,1.66,0.0,0.0,Spring,No Holiday,Yes,4345009,719
3480,18/01/2018,4,3.3,80,2.1,232,0.1,0.0,,0.0,Wonter,No Holiday,Yes,696957,63
3481,8/2/2018,11,-3.1,39,1.2,1495,-15.1,1.54,0.0,0.0,Winteer,No Holiday,Yes,1408455,211
3482,13/06/2018,2,18.4,75,,1986,13.8,0.0,0.0,0.0,Sumer,No Holiday,Yes,5272747,872
3483,28/11/2018,0,5.1,36,2.2,774,-8.7,0.0,0.0,0.0,Autumn,No Holiday,Yes,3006876,453
3484,20/07/2018,2,25.7,84,0.1,1293,22.7,0.0,0.0,0.0,Summer,No Holiday,Yes,3443268,531
3485,1/3/2018,7,2.6,89,4.3,320,0.9,0.0,0.0,0.0,Spriing,Holiday,Yes,721925,66
3486,7/4/2018,10,4.3,31,4.9,1661,-11.3,1.77,0.0,0.0,Sprng,No Holiday,Yes,2828917,479
3487,10/3/2018,4,0.9,81,0.6,620,-1.9,0.0,0.0,0.0,Spriing,No Holiday,Yes,1450231,98
3488,12/6/2018,8,19.0,67,1.1,1976,12.7,1.29,0.0,0.0,Summmer,No Holiday,Yes,13460020,2537
3489,24/02/2018,15,6.7,24,2.7,1536,-12.4,1.95,0.0,0.0,Wintr,No Holiday,Yes,3208523,484
3490,11/10/2018,5,6.6,73,1.1,2000,2.0,0.0,0.0,0.0,Autum,No Holiday,Yes,1533919,187
3491,7/4/2018,14,8.1,24,4.7,1914,-11.3,,0.0,0.0,Spriing,No Holiday,Yes,5772412,956
3492,1/1/2018,17,1.8,33,3.3,1913,-12.8,0.18,0.0,0.0,Wonter,Holiday,Yes,1656109,284
3493,14/09/2018,-1,13.3,56,1.7,1434,5.5,0.57,,0.1,Sproing,No Holiday,No,1455917,171
3494,16/02/2018,18,1.4,56,3.2,1932,-6.4,,0.0,0.0,Winter,Holiday,Yes,1328422,160
3495,30/07/2018,12,33.6,48,1.6,2000,21.0,1.89,,0.0,Summr,No Holiday,Yes,3527098,651
3496,7/9/2018,6,20.2,70,1.6,1690,14.5,0.0,0.0,0.0,Autmn,No Holiday,Yes,3818626,597
3497,14/12/2017,-8,13.2,58,1.7,1413,4.3,0.55,0.2,0.1,Autumn,Holiday,Yes,2568482,323
3498,31/08/2018,9,24.1,69,0.9,1662,18.0,0.76,0.0,0.0,Summer,No Holiday,Yes,5391754,1039
3499,22/04/2018,1,15.9,39,0.2,2000,1.9,0.0,0.0,0.0,Spring,No Holiday,Yes,3858533,609
3500,24/07/2018,16,34.9,51,2.0,1221,23.2,0.76,0.0,0.0,Summmer,No Holiday,Yes,4469024,846
3501,31/07/2018,15,37.8,34,1.8,1965,19.2,2.81,0.0,0.0,Sumer,No Holiday,Yes,3577432,690
3502,16/12/2017,9,-7.2,47,2.8,1724,-16.6,0.18,,0.0,Wintr,No Holiday,Yes,1317401,205
3503,5/12/2017,22,-2.8,49,0.0,2000,-12.0,0.0,0.0,0.0,Wintr,No Holiday,Yes,2268703,426
3504,9/4/2018,2,2.2,88,0.5,508,0.4,0.0,0.0,0.0,Sproing,No Holiday,Yes,1247927,98
3505,28/12/2017,12,-0.8,38,1.0,1686,-13.3,0.75,,0.0,Wintr,No Holiday,Yes,2345012,284
3506,14/03/2018,0,13.6,79,2.2,862,10.0,0.0,0.0,0.0,Spriing,No Holiday,Yes,2794631,449
3507,7/4/2018,9,3.4,37,3.6,1668,-9.9,1.07,0.0,0.0,Sproing,No Holiday,Yes,2789905,441
3508,14/12/2017,10,-7.7,43,0.9,1555,-18.1,0.35,0.0,0.0,Winteer,No Holiday,Yes,1680354,210
3509,18/06/2018,0,21.3,74,1.4,963,16.4,0.0,,0.0,Sumer,No Holiday,Yes,5179185,941
3510,27/01/2018,2,-15.3,43,0.6,1867,-25.0,0.0,0.0,0.3,Winter,No Holiday,Yes,802583,60
3511,5/10/2018,8,16.9,72,1.3,2000,11.8,0.04,,0.0,Autmn,No Holiday,Yes,1665636,211
3512,12/9/2018,0,20.2,54,1.2,2000,10.5,0.0,0.0,0.0,Autmn,No Holiday,Yes,5608344,932
3513,26/05/2018,1,16.2,63,0.7,1328,9.1,0.0,0.0,0.0,Sproing,No Holiday,Yes,4293816,805
3514,7/4/2018,-2,13.2,59,1.8,1413,4.1,0.57,0.2,0.1,Auttumn,No Holiday,No,1214188,111
3515,5/9/2018,10,25.4,49,3.9,1996,13.9,2.13,0.0,0.0,Auttumn,No Holiday,Yes,4926076,863
3516,2/11/2018,1,6.6,69,0.0,1512,1.3,0.0,0.0,0.0,Autmn,No Holiday,Yes,3276467,566
3517,16/11/2018,-4,12.8,59,1.8,1483,4.0,0.55,0.1,0.1,Autum,No Holiday,Yes,8851477,1642
3518,19/06/2018,20,22.4,62,2.2,1041,14.7,0.05,0.0,0.0,Summr,No Holiday,Yes,13441583,2540
3519,4/12/2017,0,4.2,88,0.6,216,2.3,0.0,0.0,0.0,Winter,No Holiday,Yes,1836917,299
3520,23/12/2017,-8,13.4,57,1.7,1476,4.9,0.54,0.2,0.1,Sprng,No Holiday,Yes,2907401,518
3521,13/03/2018,8,8.0,48,0.4,711,-2.3,0.12,0.0,0.0,Sprng,No Holiday,Yes,7083690,1271
3522,7/8/2018,22,29.8,75,1.4,1609,24.8,0.0,0.0,0.0,Summmer,No Holiday,Yes,8949048,1674
3523,30/11/2018,14,7.8,20,2.2,2000,-13.8,1.67,0.0,0.0,Autumn,No Holiday,Yes,4754802,785
3524,16/04/2018,-7,13.4,58,1.7,1458,4.9,0.48,0.2,0.1,Spring,Holiday,No,2535173,309
3525,11/12/2017,0,-2.5,39,3.4,2000,-14.5,,0.0,0.0,Winteer,No Holiday,Yes,1437101,123
3526,19/06/2018,-10,13.5,60,1.6,1411,3.0,0.52,0.1,0.1,Spring,No Holiday,Yes,2785691,450
3527,21/08/2018,16,30.4,53,2.0,1990,19.7,1.82,,0.0,Summmer,No Holiday,Yes,6324721,1108
3528,9/12/2017,15,5.2,30,2.0,1963,-11.0,0.84,0.0,0.0,Winter,No Holiday,Yes,3261015,542
3529,7/2/2018,10,-9.6,39,0.7,1580,-21.0,1.06,0.0,0.0,Winter,No Holiday,Yes,1540809,151
3530,15/10/2018,0,12.6,78,1.3,1427,8.8,0.0,0.0,0.0,Auttumn,No Holiday,Yes,3372500,635
3531,5/12/2017,1,-6.5,41,2.8,2000,-17.6,0.0,0.0,0.0,Wonter,No Holiday,Yes,1603571,208
3532,26/07/2018,17,33.1,59,2.9,1038,24.0,1.14,0.0,0.0,Sumer,No Holiday,Yes,8173170,1453
3533,19/10/2018,6,7.2,77,0.5,2000,3.4,0.0,0.0,0.0,Autmn,No Holiday,Yes,2934885,456
3534,28/08/2018,22,22.9,97,1.3,2000,22.3,0.0,0.5,0.0,Summr,No Holiday,Yes,808909,94
3535,28/12/2017,13,0.8,46,1.4,1598,-9.5,0.8,0.0,0.0,Winter,No Holiday,Yes,1997094,307
3536,16/03/2018,23,4.2,47,1.3,2000,-6.1,0.0,0.0,0.0,Sproing,No Holiday,Yes,2850522,431
3537,26/10/2018,0,12.5,57,,1877,4.1,0.0,0.0,0.0,Autmn,No Holiday,Yes,4401765,682
3538,19/06/2018,2,20.2,71,1.2,1414,14.7,0.0,0.0,0.0,Summer,No Holiday,Yes,3455802,545
3539,26/05/2018,18,27.0,33,2.2,822,9.3,1.07,0.0,0.0,Sproing,No Holiday,Yes,11054598,2077
3540,20/04/2018,0,12.4,56,0.5,1028,3.8,0.0,0.0,0.0,Spring,No Holiday,Yes,3768399,559
3541,30/05/2018,7,18.9,85,0.6,289,16.3,0.12,0.0,0.0,Spring,No Holiday,Yes,6301896,1176
3542,18/01/2018,6,2.2,82,2.0,211,-0.5,0.0,0.0,0.0,Winter,No Holiday,Yes,1130930,121
3543,18/06/2018,20,25.7,43,2.1,2000,12.1,0.12,0.0,0.0,Sumer,No Holiday,Yes,12598703,2482
3544,22/12/2017,21,6.1,70,2.2,763,1.0,0.0,0.0,0.0,Winter,Holiday,Yes,2020683,283
3545,31/08/2018,4,23.2,83,1.6,1102,20.1,0.0,0.0,0.0,Summmer,No Holiday,Yes,1829532,176
3546,26/06/2018,7,21.2,87,0.8,376,18.9,0.03,1.5,0.0,Summr,No Holiday,Yes,430471,50
3547,13/10/2018,17,18.7,33,1.1,1164,2.0,0.7,0.0,0.0,Auttumn,No Holiday,Yes,10075587,1966
3548,8/1/2018,12,2.7,33,2.7,1281,-12.0,0.6,0.0,0.0,Wintr,No Holiday,Yes,2055811,340
3549,23/05/2018,2,15.0,97,2.5,236,14.5,0.0,3.0,0.0,Spring,No Holiday,Yes,420992,32
3550,11/11/2018,-9,13.0,59,1.7,1432,4.9,,0.1,0.1,Autum,No Holiday,Yes,5772412,956
3551,12/5/2018,4,15.0,61,0.8,867,7.5,0.0,0.0,0.0,Spring,No Holiday,Yes,1835106,202
3552,27/08/2018,22,23.5,88,0.6,2000,21.3,0.0,0.0,0.0,Sumer,No Holiday,Yes,8616170,1585
3553,1/3/2018,5,2.2,97,2.9,362,1.7,0.0,,0.0,Sproing,Holiday,Yes,702056,7
3554,12/12/2017,6,-11.8,47,2.5,1973,-20.8,0.0,0.0,0.0,Wintr,No Holiday,Yes,1178974,104
3555,24/08/2018,5,24.6,88,1.5,1967,22.4,,0.5,0.0,Summer,No Holiday,Yes,367958,36
3556,23/04/2018,0,10.7,94,2.6,477,9.7,0.0,2.0,0.0,Spring,No Holiday,Yes,1170981,79
3557,25/11/2018,6,1.7,95,0.7,220,0.9,,0.0,2.5,Autmn,No Holiday,Yes,1260857,74
3558,9/9/2018,6,15.8,69,0.9,2000,10.1,0.0,0.0,0.0,Autumn,No Holiday,Yes,1649255,257
3559,20/02/2018,9,-1.4,56,1.4,709,-9.0,0.54,0.0,0.0,Winter,No Holiday,Yes,2723797,407
3560,30/08/2018,3,24.1,97,2.5,1989,23.5,,1.5,0.0,Summer,No Holiday,Yes,932700,67
3561,29/11/2018,4,2.1,33,0.5,1981,-12.5,0.0,0.0,0.0,Autmn,No Holiday,Yes,948164,127
3562,12/5/2018,5,15.0,61,1.2,903,7.5,0.0,0.0,0.0,Sprng,No Holiday,Yes,490644,72
3563,21/01/2018,6,-3.1,54,1.4,1037,-11.1,0.0,0.0,0.0,Wintr,No Holiday,Yes,654548,38
3564,12/5/2018,-5,13.3,57,,1376,4.3,0.59,0.2,0.1,Summer,Holiday,No,2255388,309
3565,19/10/2018,9,11.1,53,1.0,2000,1.8,1.05,0.0,0.0,Autumn,No Holiday,Yes,6871457,1187
3566,30/09/2018,22,14.6,46,2.2,2000,3.0,0.0,0.0,0.0,Autmn,No Holiday,No,311888,0
3567,2/11/2018,14,18.0,31,1.2,1506,0.5,1.98,0.0,0.0,Autum,No Holiday,Yes,6769268,1164
3568,1/10/2018,6,13.3,56,2.3,2000,4.6,0.0,0.0,0.0,Autum,No Holiday,Yes,3718446,616
3569,28/08/2018,-4,12.5,57,1.6,1414,4.1,0.6,0.1,0.0,Winter,No Holiday,No,5333661,880
3570,5/8/2018,16,33.6,57,3.5,1901,23.8,2.19,0.0,0.0,Summer,No Holiday,Yes,4500840,834
3571,12/8/2018,4,28.1,63,0.8,2000,20.3,0.0,0.0,0.0,Summmer,No Holiday,Yes,2161864,260
3572,17/01/2018,-10,12.4,61,1.7,1451,4.5,0.61,0.2,0.0,Wonter,No Holiday,No,2356591,398
3573,14/03/2018,2,13.8,70,1.3,1363,8.4,0.0,0.0,0.0,Spring,No Holiday,Yes,1609521,218
3574,18/01/2018,20,1.1,44,1.2,1171,-9.8,0.0,,0.0,Winteer,No Holiday,Yes,1802843,304
3575,21/09/2018,21,19.9,82,0.6,2000,16.7,0.0,0.0,0.0,Autumn,No Holiday,Yes,8672097,1538
3576,19/12/2017,16,-1.8,31,3.1,1993,-16.7,0.56,0.0,2.0,Wonter,No Holiday,Yes,1643985,219
3577,3/6/2018,12,28.7,27,1.7,1843,7.8,3.29,0.0,0.0,Summr,No Holiday,Yes,6486313,1149
3578,2/3/2018,15,4.3,22,1.3,1837,-15.6,2.48,0.0,0.0,Sprng,No Holiday,Yes,2719864,455
3579,8/5/2018,17,21.7,38,2.0,2000,6.7,1.17,0.0,0.0,Sproing,No Holiday,Yes,10241071,2015
3580,22/05/2018,2,15.7,74,1.0,1313,11.0,0.0,0.0,0.0,Spring,Holiday,Yes,3983362,656
3581,12/7/2018,8,26.3,84,2.1,973,23.3,0.48,0.0,0.0,Sumer,No Holiday,Yes,9763516,1868
3582,2/10/2018,9,13.9,66,1.6,1427,7.6,1.11,0.0,0.0,Autmn,No Holiday,No,475490,0
3583,1/2/2018,1,-5.4,54,1.7,1996,-13.2,0.0,0.0,1.6,Wintr,No Holiday,Yes,1365377,147
3584,1/12/2017,19,0.0,77,1.7,2000,-3.5,0.0,0.0,0.0,Wintr,No Holiday,Yes,3856294,631
3585,11/7/2018,2,24.5,96,0.5,476,23.8,0.0,0.0,0.0,Summr,No Holiday,Yes,1319339,215
3586,28/01/2018,10,-5.9,35,1.9,1940,-18.9,0.53,0.0,0.0,Winter,No Holiday,Yes,1041549,118
3587,12/5/2018,-5,13.3,57,,1376,4.3,0.59,0.2,0.1,Summer,Holiday,No,2255388,309
3588,14/12/2017,20,-4.8,43,1.1,1397,-15.4,0.0,0.0,0.0,Winteer,No Holiday,Yes,2314163,297
3589,27/10/2018,13,10.6,38,4.6,2000,-3.1,,0.0,0.0,Autumn,No Holiday,Yes,6706785,1167
3590,17/08/2018,20,28.4,40,1.7,1887,13.4,0.0,0.0,0.0,Sumer,No Holiday,Yes,11153497,2206
3591,8/2/2018,13,0.3,30,1.4,1697,-15.2,2.11,0.0,0.0,Winteer,No Holiday,Yes,2078984,267
3592,31/07/2018,2,29.8,57,0.8,2000,20.3,0.0,0.0,0.0,Sumer,No Holiday,Yes,2978934,454
3593,16/10/2018,22,13.6,71,0.6,1457,8.4,0.0,0.0,0.0,Autumn,No Holiday,Yes,7542712,1418
3594,26/12/2017,20,-6.1,32,4.7,2000,-20.1,0.0,0.0,0.0,Wonter,No Holiday,Yes,2040869,243
3595,11/11/2018,0,9.4,85,0.6,241,6.9,0.0,0.0,0.0,Autmn,No Holiday,Yes,3997916,619
3596,2/1/2018,19,-1.3,28,2.4,2000,-17.5,0.0,0.0,0.0,Winter,No Holiday,Yes,2972313,434
3597,13/02/2018,18,3.1,50,3.7,2000,-6.3,0.07,0.0,0.0,Winteer,No Holiday,Yes,3433078,633
3598,10/7/2018,17,26.5,76,1.0,1400,21.9,,0.0,0.0,Sumer,No Holiday,Yes,8630536,1641
3599,18/01/2018,10,1.4,81,2.1,255,-1.5,0.21,0.0,0.0,Winter,No Holiday,Yes,1586635,177
3600,19/06/2018,15,26.7,42,2.6,1634,12.7,1.89,0.0,0.0,Summr,No Holiday,Yes,7796420,1409
3601,20/07/2018,4,25.1,83,0.0,1253,22.0,0.0,0.0,0.0,Summer,No Holiday,Yes,1825483,299
3602,16/11/2018,4,,64,0.6,663,0.7,,0.0,0.0,Autum,No Holiday,Yes,1502376,171
3603,12/8/2018,10,31.6,51,2.3,1969,20.2,2.3,0.0,0.0,Summr,No Holiday,Yes,2672957,512
3604,11/3/2018,12,9.2,40,2.6,592,-3.7,2.47,0.0,0.0,Sproing,No Holiday,Yes,3618487,647
3605,1/5/2018,20,20.6,72,1.3,587,15.3,0.0,0.0,0.0,Spriing,Holiday,Yes,9242451,1794
3606,30/08/2018,14,27.5,66,2.8,989,20.5,0.76,0.0,0.0,Summmer,No Holiday,Yes,5104513,872
3607,14/10/2018,12,17.2,33,1.1,1258,0.7,2.28,0.0,0.0,Autumn,No Holiday,Yes,7170814,1410
3608,19/04/2018,21,14.2,44,2.4,1290,2.1,,0.0,0.0,Spring,No Holiday,Yes,6797354,1230
3609,27/06/2018,13,24.9,69,2.2,850,18.8,2.14,0.0,0.0,Summer,No Holiday,Yes,6471181,1247
3610,19/04/2018,16,19.8,25,,1132,-0.8,2.02,,0.0,Spring,No Holiday,Yes,6967379,1245
3611,5/9/2018,-1,12.4,58,1.7,1415,4.6,0.59,0.1,0.1,Autum,No Holiday,Yes,518967,0
3612,10/1/2018,8,-7.9,67,2.6,1896,-12.9,0.0,0.0,0.7,Wintr,No Holiday,Yes,2254643,417
3613,15/06/2018,-7,12.2,56,1.7,1457,4.4,0.48,0.1,0.1,Wintr,No Holiday,No,5361855,1014
3614,7/10/2018,20,15.5,37,1.9,2000,0.8,0.0,0.0,0.0,Autum,No Holiday,Yes,7635157,1486
3615,28/02/2018,-5,13.3,58,1.8,1397,5.1,0.57,0.1,0.1,Sumer,Holiday,Yes,2285574,410
3616,9/2/2018,-10,11.8,59,1.7,1406,3.4,,0.1,0.1,Sproing,Holiday,No,6394919,1100
3617,6/2/2018,3,-11.6,35,3.2,1992,-24.0,0.0,0.0,0.0,Winteer,No Holiday,Yes,680939,41
3618,16/09/2018,2,22.8,85,0.8,708,20.1,0.0,0.0,0.0,Autumn,No Holiday,Yes,2879177,467
3619,9/1/2018,18,-3.8,58,1.7,1996,-10.8,0.01,0.0,0.0,Winter,No Holiday,Yes,3018399,564
3620,6/6/2018,20,23.4,64,1.8,1144,16.1,,0.0,0.0,Summmer,Holiday,Yes,11722139,2220
3621,24/01/2018,21,-14.7,40,3.2,1933,-25.3,0.0,0.0,0.7,Wonter,No Holiday,Yes,896293,117
3622,6/8/2018,2,28.6,80,1.2,1163,24.8,0.0,0.0,0.0,Sumer,No Holiday,Yes,1820328,322
3623,3/1/2018,1,-5.0,42,1.2,1993,-15.9,0.0,0.0,0.0,Wonter,No Holiday,Yes,1342247,157
3624,18/05/2018,0,19.3,97,1.8,523,18.8,,1.0,0.0,Spriing,No Holiday,Yes,1342870,136
3625,3/2/2018,21,-9.1,38,2.7,2000,-20.8,0.0,0.0,0.0,Wonter,No Holiday,Yes,1079970,87
3626,21/08/2018,21,26.8,72,0.4,1985,21.3,0.0,0.0,0.0,Sumer,No Holiday,Yes,11567292,2159
3627,13/10/2018,18,16.5,38,1.6,1246,2.1,0.14,0.0,0.0,Autmn,No Holiday,Yes,9278336,1763
3628,30/09/2018,18,18.3,34,3.3,2000,2.1,,0.0,0.0,Autmn,No Holiday,No,294878,0
3629,6/10/2018,-4,12.8,58,1.7,1407,5.2,0.68,0.1,0.1,Sprng,No Holiday,Yes,3679210,602
3630,11/10/2018,18,12.1,40,2.4,1854,-1.1,0.18,0.0,0.0,Autmn,No Holiday,Yes,12264580,2364
3631,9/8/2018,22,27.5,82,0.4,1228,24.1,0.0,0.0,0.0,Sumer,No Holiday,Yes,8542886,1573
3632,24/01/2018,22,-15.2,45,4.0,2000,-24.4,0.0,0.0,0.7,Winteer,No Holiday,Yes,1521338,130
3633,11/10/2018,-2,12.0,59,1.8,1457,5.4,0.49,0.3,0.1,Winter,No Holiday,No,2029499,311
3634,18/08/2018,-5,12.5,58,1.7,1452,4.2,,0.2,0.1,Sumer,No Holiday,No,12447403,2463
3635,24/09/2018,16,22.0,31,2.7,2000,4.0,1.87,0.0,0.0,Autmn,Holiday,Yes,7924821,1441
3636,16/12/2017,13,-3.7,23,4.0,1980,-21.8,1.12,0.0,0.0,Wintr,No Holiday,Yes,2273819,298
3637,13/12/2017,3,-10.9,55,1.8,1913,-18.1,0.0,0.0,0.0,Winter,No Holiday,Yes,1124463,69
3638,17/08/2018,15,33.5,26,2.1,2000,11.3,2.9,,0.0,Summer,No Holiday,Yes,6017869,1032
3639,28/01/2018,6,-7.8,35,1.9,2000,-20.6,,0.0,0.0,Winter,No Holiday,Yes,1169881,36
3640,21/11/2018,2,6.9,87,0.7,822,4.8,0.0,0.0,0.0,Autum,No Holiday,Yes,1664823,136
3641,7/5/2018,-7,13.7,58,1.8,1391,3.7,0.49,0.1,0.1,Auttumn,No Holiday,No,12729548,2372
3642,17/01/2018,23,2.7,74,0.8,291,-1.4,0.0,0.0,0.0,Wintr,No Holiday,Yes,1349538,241
3643,6/10/2018,19,19.7,72,,2000,14.5,0.0,0.0,0.0,Autmn,No Holiday,Yes,9968360,1815
3644,26/10/2018,-9,13.5,58,1.9,1449,4.3,0.67,0.2,0.1,Winter,No Holiday,No,3949454,712
3645,20/12/2017,4,-8.5,73,1.0,1723,-12.4,0.0,0.0,2.0,Winter,No Holiday,Yes,865954,39
3646,30/07/2018,4,26.7,62,1.0,2000,18.8,0.0,0.0,0.0,Summmer,No Holiday,Yes,1856120,223
3647,4/1/2018,19,-2.7,39,1.4,1616,-14.7,0.0,0.0,0.0,Wintr,No Holiday,Yes,2474930,456
3648,14/01/2018,21,3.1,58,0.4,936,-4.3,0.0,0.0,0.0,Winteer,No Holiday,Yes,1335743,236
3649,21/06/2018,0,20.0,83,2.6,547,17.0,,0.0,0.0,Summmer,No Holiday,Yes,6164076,1149
3650,18/03/2018,11,8.5,49,0.7,718,-1.6,0.76,,0.0,Spriing,No Holiday,Yes,3706297,584
3651,12/2/2018,1,-7.9,52,3.7,1961,-16.0,,0.0,0.0,Wintr,No Holiday,Yes,1227977,78
3652,17/11/2018,12,9.1,34,1.0,1802,-5.9,1.95,0.0,0.0,Autumn,No Holiday,Yes,5931394,1060
3653,8/1/2018,1,0.9,42,0.2,1333,-10.5,0.0,0.0,0.0,Winteer,No Holiday,Yes,1511734,130
3654,2/9/2018,3,21.5,61,1.3,2000,13.6,0.0,0.0,0.0,Autum,No Holiday,Yes,2883535,429
3655,4/11/2018,11,14.8,46,2.0,768,3.2,1.83,0.0,0.0,Autmn,No Holiday,Yes,5766796,993
3656,9/7/2018,2,22.7,63,0.9,2000,15.2,0.0,0.0,0.0,Sumer,No Holiday,Yes,2756312,399
3657,12/8/2018,0,29.9,56,2.0,2000,20.1,,0.0,0.0,Summr,No Holiday,Yes,6072333,1028
3658,27/01/2018,12,-7.7,32,2.5,1763,-21.5,1.13,0.0,0.3,Wonter,No Holiday,Yes,1613839,136
3659,13/03/2018,3,5.5,62,0.6,722,-1.2,,0.0,0.0,Spriing,No Holiday,Yes,1176133,110
3660,29/04/2018,13,21.9,27,2.2,1055,2.0,,0.0,0.0,Spring,No Holiday,Yes,8584860,1661
3661,11/10/2018,15,13.0,39,3.7,2000,-0.6,1.09,0.0,0.0,Autmn,No Holiday,Yes,6196673,1046
3662,3/9/2018,21,21.6,97,0.5,646,21.0,0.0,0.5,0.0,Autum,No Holiday,Yes,1456498,128
3663,8/9/2018,11,24.2,41,1.5,1818,10.1,2.62,0.0,0.0,Auttumn,No Holiday,Yes,6528732,1223
3664,12/6/2018,22,20.0,70,1.0,2000,14.3,0.0,0.0,0.0,Summmer,No Holiday,Yes,12119396,2301
3665,27/05/2018,11,22.3,33,1.8,1853,0.0,1.54,0.0,0.0,Spring,No Holiday,Yes,5713084,974
3666,14/01/2018,8,-3.8,79,0.8,412,-6.9,0.0,0.0,0.0,Wonter,No Holiday,Yes,562464,73
3667,13/12/2017,13,-5.8,28,2.9,1887,-21.4,1.23,0.0,0.0,Winter,No Holiday,Yes,1696597,275
3668,12/8/2018,18,33.4,49,1.6,1971,21.2,0.25,0.0,0.0,Sumer,No Holiday,Yes,6876451,1293
3669,27/07/2018,15,35.3,52,1.9,822,23.9,2.15,0.0,0.0,Summmer,No Holiday,Yes,4288831,769
3670,8/12/2017,18,-3.1,33,1.2,2000,-17.1,0.0,0.0,0.0,Wintr,No Holiday,Yes,4619555,770
3671,27/07/2018,9,29.9,69,1.5,769,23.5,1.12,0.0,0.0,Summmer,No Holiday,Yes,5144916,960
3672,10/1/2018,17,-6.5,34,4.0,2000,-19.8,0.31,0.0,0.0,Wintr,No Holiday,Yes,2354322,278
3673,30/07/2018,18,36.5,38,0.9,2000,19.8,1.17,0.0,0.0,Summmer,No Holiday,Yes,12397471,2406
3674,28/11/2018,17,7.6,23,2.9,1678,-12.2,0.25,0.0,0.0,Autmn,No Holiday,Yes,5901897,1041
3675,25/10/2018,23,,59,0.8,1602,4.6,0.0,0.0,0.0,Autum,No Holiday,Yes,4948510,937
3676,14/09/2018,5,20.7,77,0.9,2000,16.5,0.0,0.0,0.0,Auttumn,No Holiday,Yes,2151190,246
3677,11/5/2018,20,16.7,52,0.9,1328,6.7,0.0,0.0,0.0,Sproing,No Holiday,Yes,7318149,1270
3678,6/3/2018,14,9.2,27,2.9,1880,-8.8,2.32,0.0,0.0,Spring,No Holiday,Yes,3214032,565
3679,3/10/2018,12,21.4,40,1.4,1973,7.2,2.53,0.0,0.0,Autumn,Holiday,Yes,8116235,1585
3680,18/04/2018,12,16.5,17,3.3,1819,-8.6,3.13,0.0,0.0,Sprng,No Holiday,Yes,5897444,1041
3681,4/10/2018,9,16.7,58,1.8,1821,8.3,1.22,0.0,0.0,Autumn,No Holiday,No,135503,0
3682,7/12/2017,13,4.1,37,3.1,1767,-9.3,1.14,0.0,0.0,Winteer,No Holiday,Yes,2887712,409
3683,27/05/2018,20,20.6,41,2.3,1788,6.8,0.09,0.0,0.0,Spriing,No Holiday,Yes,11423210,2103
3684,17/11/2018,5,1.1,75,0.6,1270,-2.8,0.0,0.0,0.0,Autum,No Holiday,Yes,763601,117
3685,17/02/2018,7,-6.8,32,1.6,2000,-20.7,0.0,0.0,0.0,Winter,Holiday,Yes,698534,29
3686,22/11/2018,18,4.1,46,2.7,2000,-6.5,,,0.0,Autum,No Holiday,Yes,8535938,1596
3687,15/04/2018,8,7.0,78,0.9,656,3.4,0.56,0.0,0.0,Spring,No Holiday,Yes,3057692,439
3688,23/10/2018,12,11.5,90,1.2,973,9.9,0.06,5.0,0.0,Autumn,No Holiday,Yes,2137679,337
3689,5/4/2018,21,7.3,96,,749,6.6,,1.0,0.0,Spring,No Holiday,Yes,964057,78
3690,29/08/2018,3,24.5,87,4.3,1985,22.1,,0.0,0.0,Sumer,No Holiday,Yes,944598,159
3691,9/11/2018,-5,14.0,60,1.7,1437,4.7,0.53,0.2,0.1,Spring,Holiday,Yes,1810312,168
3692,28/10/2018,14,12.4,72,1.9,1860,7.4,,0.0,0.0,Autmn,No Holiday,Yes,5596304,1013
3693,11/5/2018,-4,11.6,60,1.8,1421,3.1,0.49,0.2,0.1,Sproing,No Holiday,No,3017852,445
3694,14/09/2018,16,26.3,57,1.6,2000,17.0,,,0.0,Autmn,No Holiday,Yes,8190381,1579
3695,25/12/2017,22,-1.3,53,1.7,2000,-9.6,0.0,,0.0,Wonter,Holiday,Yes,1658320,207
3696,13/03/2018,0,6.4,62,0.7,506,-0.3,,0.0,0.0,Sprng,No Holiday,Yes,2237171,348
3697,23/09/2018,21,19.1,38,2.1,2000,4.4,0.0,0.0,0.0,Autmn,Holiday,Yes,5837640,1141
3698,23/02/2018,6,0.4,95,0.3,197,-0.3,0.0,0.0,3.8,Winter,No Holiday,Yes,495164,60
3699,11/9/2018,23,20.9,53,1.8,2000,10.9,,0.0,0.0,Autum,No Holiday,Yes,6861894,1277
3700,3/7/2018,14,31.0,56,1.5,2000,21.1,1.47,0.0,0.0,Sumer,No Holiday,Yes,5286842,1016
3701,28/04/2018,23,12.3,51,1.0,1648,2.4,0.0,0.0,0.0,Sprng,No Holiday,Yes,4948567,890
3702,12/1/2018,16,-5.8,21,1.1,2000,-24.6,0.66,0.0,0.0,Wintr,No Holiday,Yes,1235249,192
3703,16/12/2017,0,-2.6,73,3.4,787,-6.7,0.0,0.0,0.0,Wonter,No Holiday,Yes,2029806,232
3704,13/02/2018,-8,,58,1.8,1398,3.5,0.47,0.3,0.0,Wintr,No Holiday,No,9435076,1788
3705,6/12/2017,23,1.3,92,0.6,209,0.1,0.0,0.0,1.0,Wintr,No Holiday,Yes,1392092,219
3706,9/1/2018,20,-4.9,59,0.6,1992,-11.6,0.0,0.0,0.0,Wintr,No Holiday,Yes,2271898,284
3707,9/6/2018,22,21.0,75,1.3,2000,16.3,0.0,0.0,0.0,Summer,No Holiday,Yes,4173447,720
3708,20/08/2018,2,26.3,65,0.3,2000,19.1,0.0,0.0,0.0,Sumer,No Holiday,Yes,1994304,343
3709,6/1/2018,11,-1.6,35,2.1,1812,-15.1,0.87,,0.0,Wonter,No Holiday,Yes,1449653,250
3710,9/4/2018,7,0.6,97,1.3,66,0.1,0.05,0.0,0.0,Spriing,No Holiday,Yes,3640210,666
3711,8/1/2018,5,0.8,42,1.0,1394,-10.6,0.0,0.0,0.0,Wonter,No Holiday,Yes,873670,60
3712,23/03/2018,20,6.7,48,2.6,774,-3.5,0.0,0.0,0.0,Spring,No Holiday,Yes,4899041,799
3713,24/12/2017,9,4.6,94,0.9,90,3.7,0.0,6.4,0.0,Winter,Holiday,Yes,340823,3
3714,27/06/2018,20,24.2,72,,833,18.8,0.03,0.0,0.0,Summmer,No Holiday,Yes,11934412,2352
3715,16/10/2018,13,19.4,31,2.0,1862,1.8,2.02,,0.0,Autmn,No Holiday,Yes,6541262,1132
3716,5/10/2018,18,16.7,96,1.6,1461,16.0,0.03,1.0,0.0,Auttumn,No Holiday,Yes,775126,79
3717,15/06/2018,11,22.9,57,1.4,1918,13.9,2.24,0.0,0.0,Summr,No Holiday,Yes,5744209,1124
3718,13/05/2018,23,13.0,89,1.3,326,11.2,0.0,0.0,0.0,Sproing,No Holiday,Yes,4515000,834
3719,15/06/2018,-7,12.2,56,1.7,1457,4.4,0.48,0.1,0.1,Wintr,No Holiday,No,5361855,1014
3720,30/05/2018,14,24.3,58,2.9,1211,15.5,2.92,,0.0,Sproing,No Holiday,Yes,6466432,1107
3721,21/07/2018,18,35.0,42,2.9,1953,20.1,1.26,0.0,0.0,Summr,No Holiday,Yes,6500591,1209
3722,19/01/2018,8,,50,1.0,1281,-11.5,0.0,0.0,0.0,Winteer,No Holiday,Yes,4478294,710
3723,18/11/2018,12,9.2,47,2.5,1910,-1.5,,0.0,0.0,Auttumn,No Holiday,Yes,4272138,761
3724,22/10/2018,23,12.0,59,0.4,685,4.2,0.0,0.0,0.0,Autmn,No Holiday,Yes,5631564,1030
3725,25/09/2018,3,12.7,67,0.5,2000,6.7,0.0,0.0,0.0,Autum,Holiday,Yes,1248979,215
3726,27/05/2018,-7,13.9,57,1.7,1418,4.2,0.59,0.2,0.1,Spring,No Holiday,Yes,4880682,894
3727,28/07/2018,-5,13.3,59,1.7,1422,4.5,0.5,0.2,0.1,Summmer,No Holiday,No,6889044,1334
3728,22/11/2018,1,2.1,39,3.2,1299,-10.4,0.0,0.0,0.0,Auttumn,No Holiday,Yes,2789936,409
3729,15/10/2018,5,11.1,79,0.3,1140,7.5,,0.0,0.0,Auttumn,No Holiday,Yes,1587927,212
3730,5/11/2018,22,11.6,81,1.2,336,8.4,0.0,0.0,0.0,Autum,No Holiday,Yes,6916339,1240
3731,25/06/2018,10,26.4,55,0.9,901,16.6,,0.0,0.0,Summr,No Holiday,Yes,5070587,938
3732,24/10/2018,4,9.0,87,0.6,972,6.9,0.0,0.0,0.0,Auttumn,No Holiday,Yes,1238310,152
3733,1/7/2018,7,22.1,89,0.5,1617,20.1,0.08,,0.0,Summmer,No Holiday,Yes,1061291,32
3734,16/07/2018,17,,46,3.1,1926,19.8,1.89,0.0,0.0,Summmer,No Holiday,Yes,8192174,1526
3735,3/5/2018,12,14.1,59,3.9,1870,6.1,1.12,0.0,0.0,Sproing,No Holiday,Yes,4391816,819
3736,8/10/2018,23,13.5,55,0.5,2000,4.6,0.0,0.0,0.0,Auttumn,No Holiday,Yes,6793837,1172
3737,29/10/2018,7,4.6,76,0.7,2000,0.7,0.0,0.0,0.0,Auttumn,No Holiday,Yes,6404743,1082
3738,25/06/2018,14,32.3,35,1.8,982,14.8,2.71,0.0,0.0,Summer,No Holiday,Yes,5997569,1047
3739,12/6/2018,13,25.7,46,0.8,2000,13.2,3.18,,0.0,Summr,No Holiday,Yes,6782648,1181
3740,30/01/2018,0,-10.0,34,1.1,2000,-22.9,0.0,0.0,0.0,Wonter,No Holiday,Yes,1350633,107
3741,28/11/2018,19,6.0,24,3.0,1861,-13.0,0.0,0.0,0.0,Autmn,No Holiday,Yes,5356457,1030
3742,9/10/2018,13,19.2,39,1.0,2000,4.8,1.66,0.0,0.0,Auttumn,Holiday,No,223192,0
3743,12/1/2018,15,-6.5,26,2.4,1987,-22.8,,0.0,0.0,Wintr,No Holiday,Yes,1067218,171
3744,15/06/2018,15,26.7,40,1.6,1995,11.9,2.42,0.0,0.0,Sumer,No Holiday,Yes,7776866,1454
3745,24/07/2018,16,34.9,51,2.0,1221,23.2,0.76,0.0,0.0,Summmer,No Holiday,Yes,4469024,846
3746,15/05/2018,18,27.5,47,2.5,1113,15.1,0.43,0.0,0.0,Sprng,No Holiday,Yes,15089833,2954
3747,31/03/2018,10,14.7,53,0.9,831,5.2,1.59,0.0,0.0,Sproing,No Holiday,Yes,4231911,652
3748,29/01/2018,11,-8.1,24,3.6,1761,-25.1,,0.0,0.0,Winter,No Holiday,Yes,1044258,169
3749,20/09/2018,3,19.6,72,1.7,1140,14.4,0.0,0.0,0.0,Autumn,No Holiday,Yes,1800757,330
3750,11/5/2018,5,11.9,84,1.5,358,9.2,0.0,0.0,0.0,Sprng,No Holiday,Yes,1472044,223
3751,7/7/2018,8,21.2,52,1.6,1998,10.9,1.2,0.0,0.0,Summer,No Holiday,Yes,5235180,897
3752,7/9/2018,-2,12.3,59,1.7,1378,4.7,0.67,,0.1,Auttumn,No Holiday,Yes,10352882,1974
3753,11/9/2018,18,24.7,45,0.7,2000,11.9,,0.0,0.0,Auttumn,No Holiday,Yes,16493023,3197
3754,12/10/2018,-6,12.4,58,1.7,1455,3.8,0.64,0.2,0.1,Autmn,Holiday,No,4952521,846
3755,25/12/2017,15,0.4,28,2.5,2000,-16.0,0.9,0.0,0.0,Wonter,Holiday,Yes,1965126,284
3756,21/11/2018,8,,86,0.9,450,4.2,0.03,0.0,0.0,Autmn,No Holiday,Yes,9013552,1631
3757,18/06/2018,18,29.2,35,2.7,1900,12.1,1.27,0.0,0.0,Summmer,No Holiday,Yes,12251082,2394
3758,23/05/2018,13,20.9,33,3.9,1853,4.0,3.52,0.0,0.0,Sprng,No Holiday,Yes,6138592,1174
3759,19/10/2018,1,9.8,68,1.7,2000,4.1,0.0,0.0,0.0,Autumn,No Holiday,Yes,3796104,669
3760,17/07/2018,18,31.3,55,2.5,1550,21.1,1.2,0.0,0.0,Summr,No Holiday,Yes,15160768,2843
3761,7/9/2018,23,19.4,50,2.8,2000,8.6,0.0,0.0,0.0,Auttumn,No Holiday,Yes,7222237,1338
3762,12/8/2018,3,28.5,62,1.6,2000,20.5,0.0,0.0,0.0,Summr,No Holiday,Yes,2285574,410
3763,20/03/2018,2,,44,3.4,2000,-6.1,0.0,,0.0,Sproing,No Holiday,Yes,1130825,166
3764,28/06/2018,16,25.2,81,3.6,961,21.6,,0.0,0.0,Summmer,No Holiday,Yes,4730945,778
3765,9/12/2017,6,-5.1,53,0.9,1975,-13.2,0.0,0.0,0.0,Wonter,No Holiday,Yes,584206,62
3766,16/06/2018,17,28.4,43,2.0,1806,14.6,1.93,0.0,0.0,Summr,No Holiday,Yes,12482329,2369
3767,6/10/2018,1,16.7,89,2.4,1814,14.8,0.0,1.0,0.0,Autumn,No Holiday,No,565477,0
3768,23/03/2018,22,5.3,63,,591,-1.1,0.0,0.0,0.0,Sprng,No Holiday,Yes,3531372,653
3769,19/06/2018,-10,13.0,58,1.7,1402,4.4,0.58,0.1,0.0,Winter,No Holiday,Yes,7600218,1473
3770,28/03/2018,16,18.3,43,4.3,1931,5.4,1.3,0.0,0.0,Spring,No Holiday,Yes,5798192,961
3771,26/05/2018,7,15.0,64,0.6,902,8.2,0.46,0.0,0.0,Spriing,No Holiday,Yes,2628749,473
3772,27/03/2018,7,8.5,67,0.7,475,2.7,,0.0,0.0,Spring,No Holiday,Yes,3777776,645
3773,5/3/2018,1,7.0,88,,2000,5.1,0.0,,0.0,Sproing,No Holiday,Yes,389579,17
3774,12/10/2018,11,,38,2.7,2000,-1.0,2.3,0.0,0.0,Autumn,No Holiday,Yes,5605054,1004
3775,18/02/2018,0,-3.6,33,1.7,2000,-17.5,0.0,0.0,0.0,Wonter,No Holiday,Yes,845317,105
3776,30/03/2018,0,11.8,78,0.6,438,8.0,0.0,0.0,0.0,Sprng,No Holiday,Yes,2864334,495
3777,2/7/2018,-3,13.2,59,1.7,1418,5.2,0.65,0.2,0.1,Spriing,No Holiday,Yes,2205408,396
3778,7/9/2018,1,21.6,77,2.6,1777,17.3,,0.0,0.0,Auttumn,No Holiday,Yes,1908084,350
3779,11/7/2018,4,24.5,97,1.0,317,23.9,0.0,0.0,0.0,Summer,No Holiday,Yes,1060178,67
3780,29/01/2018,12,-7.3,23,3.8,1903,-24.9,1.17,0.0,0.0,Winter,No Holiday,Yes,1892481,182
3781,9/4/2018,20,11.7,34,0.9,1393,-3.6,0.0,,0.0,Sproing,No Holiday,Yes,7162078,1308
3782,1/7/2018,19,21.3,1,1.4,446,6.6,1.82,0.0,1.1,Autmn,No Holiday,No,1652956,206
3783,3/4/2018,16,19.7,58,3.7,1302,11.1,0.78,0.0,0.0,Sprng,No Holiday,Yes,6594136,1190
3784,1/7/2018,2,22.7,87,0.5,1187,20.4,0.0,0.0,0.0,Summer,No Holiday,Yes,3512625,551
3785,5/1/2018,4,-5.1,55,1.7,1266,-12.7,0.0,0.0,0.0,Wintr,No Holiday,Yes,504651,41
3786,2/11/2018,5,4.8,75,0.7,1471,0.7,0.0,0.0,0.0,Autumn,No Holiday,Yes,1127181,164
3787,4/1/2018,7,-8.1,51,0.5,1987,-16.4,0.0,0.0,0.0,Winteer,No Holiday,Yes,1968394,294
3788,2/8/2018,10,34.4,46,,1880,21.1,1.94,0.0,0.0,Summr,No Holiday,Yes,3240518,572
3789,18/01/2018,0,2.7,73,1.0,290,-1.6,0.0,0.0,0.0,Wintr,No Holiday,Yes,1308340,222
3790,15/04/2018,17,11.8,60,2.9,1457,4.2,0.6,0.0,0.0,Sprng,No Holiday,Yes,483523,28
3791,11/9/2018,-8,12.2,59,1.7,1414,4.4,0.51,0.2,0.1,Wonter,Holiday,Yes,318370,0
3792,10/9/2018,-5,12.8,58,1.8,1441,3.5,0.55,,0.1,Spriing,No Holiday,No,3443268,531
3793,5/8/2018,7,27.5,86,1.8,485,24.9,0.03,0.4,0.0,Sumer,No Holiday,Yes,1725050,215
3794,28/10/2018,22,6.7,76,0.6,2000,2.7,,0.0,0.0,Autmn,No Holiday,Yes,3250803,612
3795,6/12/2017,5,-3.6,76,0.0,1934,-7.2,0.0,0.0,0.4,Wintr,No Holiday,Yes,1436672,98
3796,23/01/2018,9,-13.3,36,3.5,2000,-25.2,0.19,,1.0,Wonter,No Holiday,Yes,1406260,229
3797,27/02/2018,-4,12.9,57,,1393,3.9,0.51,0.3,0.1,Autum,Holiday,Yes,4157344,658
3798,30/10/2018,-2,13.1,57,1.7,1432,4.1,0.53,0.1,0.0,Autumn,No Holiday,No,6187432,1196
3799,21/10/2018,12,18.4,28,1.9,1690,-0.4,2.33,0.0,0.0,Autumn,No Holiday,Yes,7832295,1387
3800,15/08/2018,19,28.7,76,0.7,2000,24.0,0.11,0.9,0.0,Summmer,Holiday,Yes,6735333,1313
3801,21/11/2018,14,6.7,47,2.4,2000,-3.8,0.42,0.0,0.0,Autumn,No Holiday,Yes,2976807,481
3802,5/11/2018,8,7.2,80,0.8,515,3.9,0.13,0.0,0.0,Auttumn,No Holiday,Yes,10878568,2003
3803,28/04/2018,13,21.2,31,2.8,1295,3.3,3.25,0.0,0.0,Spring,No Holiday,Yes,7825407,1512
3804,24/04/2018,0,9.8,86,1.3,2000,7.5,0.0,0.0,0.0,Sprng,No Holiday,Yes,1341271,234
3805,15/02/2018,22,-1.9,30,0.8,2000,-17.2,0.0,0.0,0.0,Wonter,Holiday,Yes,1360248,164
3806,11/4/2018,2,12.7,80,3.9,885,9.3,0.0,0.0,0.0,Sprng,No Holiday,No,396788,0
3807,13/06/2018,17,25.6,57,3.3,919,16.4,0.87,0.0,0.0,Summmer,No Holiday,Yes,14064218,2769
3808,19/01/2018,1,0.0,43,1.7,1250,-11.1,0.0,0.0,0.0,Wonter,No Holiday,Yes,1984115,221
3809,1/11/2018,14,14.9,31,2.5,1872,-2.1,2.06,0.0,0.0,Autmn,No Holiday,Yes,5982086,1063
3810,7/3/2018,1,2.8,46,2.0,1709,-7.6,0.0,0.0,0.0,Spring,No Holiday,Yes,1794092,201
3811,7/12/2017,14,4.4,36,2.7,1975,-9.4,,0.0,0.0,Winteer,No Holiday,Yes,2342276,404
3812,15/01/2018,4,4.9,73,1.8,881,0.4,0.0,0.0,0.0,Wonter,No Holiday,Yes,1134972,33
3813,16/10/2018,4,11.0,69,0.6,1510,5.5,0.0,0.0,0.0,Autumn,No Holiday,Yes,1250309,136
3814,12/12/2017,4,-11.6,47,2.1,1982,-20.6,0.0,0.0,0.0,Wonter,No Holiday,Yes,835625,35
3815,17/01/2018,8,2.6,70,0.6,296,-2.3,,0.0,0.0,Winter,No Holiday,Yes,3884633,601
3816,7/4/2018,-6,12.3,58,1.7,1452,3.2,,0.1,0.1,Winter,Holiday,No,4089961,791
3817,12/7/2018,1,26.6,80,0.0,1485,22.8,0.0,0.0,0.0,Summmer,No Holiday,Yes,4384327,805
3818,13/01/2018,13,-2.5,62,1.4,1087,-8.7,0.66,0.0,0.0,Winter,No Holiday,Yes,1856208,214
3819,17/12/2017,19,-5.6,39,1.1,2000,-17.3,0.0,0.0,0.0,Wintr,No Holiday,Yes,1703655,171
3820,16/07/2018,9,28.0,64,1.0,1682,20.5,1.35,0.0,0.0,Summer,No Holiday,Yes,5529038,999
3821,10/10/2018,12,,43,3.4,1980,1.3,1.65,0.0,0.0,Autumn,No Holiday,Yes,5962420,1114
3822,20/09/2018,11,18.8,95,1.5,597,17.9,0.46,0.0,0.0,Autmn,No Holiday,Yes,1171846,127
3823,12/9/2018,1,19.6,56,1.2,2000,10.5,0.0,0.0,0.0,Auttumn,No Holiday,Yes,4088201,703
3824,22/02/2018,18,3.9,56,4.0,1004,-4.0,0.18,0.0,0.0,Wintr,No Holiday,Yes,4196747,707
3825,26/11/2018,-3,12.8,59,1.7,1397,4.1,0.62,0.2,0.1,Sumer,No Holiday,Yes,1117822,117
3826,10/2/2018,16,0.3,17,4.9,2000,-21.9,0.87,0.0,0.0,Winter,No Holiday,Yes,1944282,314
3827,8/5/2018,5,15.0,64,1.6,2000,8.2,,0.0,0.0,Sprng,No Holiday,Yes,1310771,206
3828,18/12/2017,6,-5.2,85,0.9,271,-7.3,0.0,0.4,1.3,Winteer,No Holiday,Yes,805271,46
3829,23/02/2018,17,,68,4.2,352,2.3,0.27,0.0,0.0,Wonter,No Holiday,Yes,2812557,474
3830,6/1/2018,14,1.8,29,2.0,1693,-14.3,1.14,0.0,0.0,Winteer,No Holiday,Yes,2322938,369
3831,22/05/2018,0,16.0,71,0.5,1299,10.7,0.0,0.0,0.0,Spring,Holiday,Yes,3843692,714
3832,4/6/2018,20,23.4,43,1.1,2000,10.0,0.01,0.0,0.0,Summer,No Holiday,Yes,13098680,2552
3833,5/3/2018,14,10.0,44,1.9,2000,-1.7,2.46,0.0,0.0,Sprng,No Holiday,Yes,3145961,540
3834,22/05/2018,3,15.5,0,0.7,1420,10.4,0.0,0.0,0.0,Spriing,Holiday,Yes,2872372,424
3835,18/10/2018,17,16.9,44,1.6,2000,4.5,0.44,0.0,0.0,Autmn,No Holiday,Yes,9834179,1831
3836,21/03/2018,23,1.5,86,1.2,1495,-0.5,0.0,0.0,0.0,Sprng,No Holiday,Yes,1396373,219
3837,5/9/2018,4,19.9,81,,2000,16.5,0.0,0.0,0.0,Autumn,No Holiday,Yes,1579324,217
3838,21/09/2018,1,19.0,78,1.6,2000,15.0,0.0,0.0,0.0,Autum,No Holiday,Yes,3785902,649
3839,20/03/2018,18,4.1,43,3.5,2000,-7.3,,0.0,0.0,Sprng,No Holiday,Yes,6175521,1093
3840,26/02/2018,8,-2.9,63,0.7,1386,-8.9,0.11,,0.0,Winteer,No Holiday,Yes,4649703,816
3841,8/1/2018,7,0.7,44,0.8,1357,-10.1,0.0,0.0,0.0,Winter,No Holiday,Yes,2570470,365
3842,15/12/2017,16,0.0,37,0.6,994,-12.9,0.13,0.0,0.0,Winteer,No Holiday,Yes,2761508,365
3843,27/02/2018,22,5.4,49,1.1,687,-4.4,0.0,0.0,0.0,Wonter,No Holiday,Yes,2554548,444
3844,10/5/2018,19,15.5,74,3.6,675,10.8,0.35,0.0,0.0,Spring,No Holiday,No,183865,0
3845,27/07/2018,-6,12.6,59,1.8,1415,4.0,0.54,0.3,0.1,Summmer,Holiday,No,2718059,370
3846,18/07/2018,21,28.0,69,1.8,1140,21.7,0.0,0.0,0.0,Summr,No Holiday,Yes,11704378,2285
3847,7/7/2018,12,26.4,47,1.7,2000,14.1,3.26,0.0,0.0,Summmer,No Holiday,Yes,7699997,1381
3848,28/04/2018,16,20.4,25,4.7,1990,-0.3,2.45,0.0,0.0,Spring,No Holiday,Yes,10443340,1980
3849,20/07/2018,21,29.8,59,1.4,2000,20.9,,0.0,0.0,Summer,No Holiday,Yes,10201212,1855
3850,20/05/2018,2,,43,0.9,2000,1.5,0.0,0.0,0.0,Spring,No Holiday,Yes,2525757,467
3851,3/8/2018,18,34.4,53,3.3,1650,23.4,0.8,0.0,0.0,Sumer,No Holiday,Yes,10346762,2028
3852,3/6/2018,-4,13.2,60,1.7,1504,3.0,0.53,0.2,0.1,Summr,No Holiday,Yes,2284121,391
3853,15/08/2018,22,28.6,67,1.0,2000,21.8,0.0,0.0,0.0,Summer,Holiday,Yes,7900139,1405
3854,22/07/2018,19,34.5,47,2.8,1762,21.5,0.42,0.0,0.0,Summr,No Holiday,Yes,7617986,1468
3855,22/10/2018,13,19.4,35,1.2,678,3.5,1.73,0.0,0.0,Autmn,No Holiday,Yes,5723002,1082
3856,31/07/2018,18,36.2,45,2.0,2000,22.3,0.65,0.0,0.0,Summer,No Holiday,Yes,11841293,2248
3857,23/06/2018,-9,11.8,57,1.7,1394,2.9,0.55,0.2,0.1,Auttumn,No Holiday,No,1317401,205
3858,12/8/2018,21,28.9,83,0.3,1449,25.7,0.0,0.0,0.0,Summmer,No Holiday,Yes,7539967,1338
3859,22/04/2018,8,16.3,40,0.8,1982,2.6,,0.0,0.0,Sprng,No Holiday,Yes,2319543,415
3860,15/09/2018,1,21.8,79,1.4,2000,17.9,0.0,,0.0,Autmn,No Holiday,Yes,4765352,904
3861,17/06/2018,13,25.7,52,1.1,639,15.0,1.81,0.0,0.0,Summmer,No Holiday,Yes,8618218,1601
3862,30/05/2018,4,18.3,84,0.9,409,15.5,0.0,0.0,0.0,Spriing,No Holiday,Yes,994262,154
3863,15/08/2018,21,28.6,69,1.3,2000,22.3,0.0,0.0,0.0,Summr,Holiday,Yes,7852983,1524
3864,5/11/2018,-3,11.7,57,1.8,1411,4.4,0.55,0.1,0.1,Autumn,Holiday,Yes,3500876,567
3865,13/07/2018,3,24.9,86,2.0,1079,22.3,0.0,0.0,0.0,Summmer,No Holiday,Yes,2633396,407
3866,23/09/2018,20,20.2,48,3.3,2000,8.8,0.0,0.0,0.0,Autumn,Holiday,Yes,7075906,1306
3867,1/8/2018,21,33.3,64,3.0,1680,25.5,0.0,0.0,0.0,Summmer,No Holiday,Yes,7837907,1469
3868,7/5/2018,22,18.6,69,1.7,1047,12.7,0.0,0.0,0.0,Sprng,No Holiday,Yes,7581995,1400
3869,8/10/2018,11,17.9,39,1.3,1873,3.7,2.06,0.0,0.0,Auttumn,No Holiday,Yes,5906538,1137
3870,10/3/2018,-4,12.1,58,,1442,4.5,0.6,0.2,0.1,Sumer,Holiday,Yes,303406,0
3871,21/04/2018,-9,,57,1.8,1435,4.7,0.57,0.2,0.1,Autmn,Holiday,No,11248786,2194
3872,2/4/2018,16,23.0,47,4.1,1417,11.0,2.0,0.0,0.0,Spriing,No Holiday,Yes,7010817,1266
3873,3/5/2018,18,38.8,2,4.0,2500,-27.2,1.42,2.0,0.3,Winteer,No Holiday,No,5036460,834
3874,29/04/2018,11,19.6,28,2.0,1695,0.5,2.79,0.0,0.0,Sproing,No Holiday,Yes,5619397,1074
3875,14/03/2018,-9,13.1,57,1.7,1458,3.5,0.52,0.2,0.1,Wintr,Holiday,Yes,1590004,275
3876,28/02/2018,23,1.8,96,1.2,745,1.2,0.0,0.0,0.0,Winteer,No Holiday,Yes,985965,14
3877,31/07/2018,14,36.4,35,1.3,1967,18.4,,0.0,0.0,Summr,No Holiday,Yes,3190328,585
3878,26/01/2018,15,-11.4,27,3.3,1805,-26.7,0.0,0.0,0.4,Winteer,No Holiday,Yes,1415919,121
3879,14/09/2018,0,22.1,74,1.1,1962,17.2,0.0,0.0,0.0,Autumn,No Holiday,Yes,5352373,950
3880,7/7/2018,7,19.6,57,1.6,2000,10.8,0.42,0.0,0.0,Sumer,No Holiday,Yes,3433516,570
3881,14/06/2018,6,19.5,95,1.4,179,18.6,0.0,1.5,0.0,Summr,No Holiday,Yes,1274660,95
3882,15/11/2018,14,15.1,33,1.5,1045,-1.0,1.31,0.0,0.0,Auttumn,No Holiday,Yes,5632708,935
3883,25/06/2018,-4,13.0,58,1.8,1407,4.5,0.51,,0.1,Summer,No Holiday,No,8135658,1453
3884,12/4/2018,5,7.1,57,0.8,1746,-0.8,0.0,0.0,0.0,Sprng,No Holiday,Yes,1431809,170
3885,15/12/2017,20,0.9,42,1.2,1113,-10.5,0.0,0.0,0.0,Winteer,No Holiday,Yes,1923357,321
3886,6/8/2018,7,28.5,82,0.8,914,25.1,0.09,0.0,0.0,Summmer,No Holiday,Yes,5014555,808
3887,2/2/2018,-8,12.5,58,1.8,1373,4.5,,0.2,0.1,Winter,No Holiday,No,1188600,43
3888,28/05/2018,19,24.4,44,2.8,1979,11.3,0.45,0.0,0.0,Sprng,No Holiday,Yes,13420222,2650
3889,4/9/2018,16,27.1,47,4.3,2000,14.8,1.82,0.0,0.0,Autmn,No Holiday,Yes,7730688,1501
3890,22/03/2018,9,2.5,67,1.3,1472,-3.0,1.11,0.0,0.0,Sproing,No Holiday,Yes,4208304,646
3891,11/11/2018,18,,55,2.0,1333,0.3,,0.0,0.0,Autum,No Holiday,Yes,4226493,738
3892,10/7/2018,22,25.0,86,,796,22.4,0.0,0.0,0.0,Summr,No Holiday,Yes,5650174,932
3893,20/09/2018,2,19.9,64,1.5,1755,12.8,0.0,0.0,0.0,Autumn,No Holiday,Yes,3278434,560
3894,11/4/2018,-4,11.5,58,1.7,1377,3.3,,0.2,0.1,Spriing,No Holiday,Yes,6332869,1202
3895,28/07/2018,-3,12.7,59,1.8,1431,4.0,0.54,0.2,0.1,Autmn,Holiday,Yes,1741065,218
3896,14/03/2018,14,21.1,42,4.3,2000,7.6,,,0.0,Spring,No Holiday,Yes,5227796,891
3897,2/12/2017,1,-2.2,86,0.6,990,-4.2,0.0,0.0,0.0,Winter,No Holiday,Yes,2403533,316
3898,28/04/2018,10,17.4,46,1.8,734,5.6,2.27,0.0,0.0,Spriing,No Holiday,Yes,4617667,865
3899,23/04/2018,15,9.5,96,2.2,350,8.8,0.31,1.5,0.0,Sproing,No Holiday,Yes,989881,19
3900,26/05/2018,6,14.2,72,0.6,947,9.2,0.04,0.0,0.0,Sprng,No Holiday,Yes,2216958,294
3901,7/7/2018,0,21.5,56,1.8,2000,12.3,0.0,0.0,0.0,Summmer,No Holiday,Yes,6105950,1199
3902,21/10/2018,6,7.6,75,0.6,1181,3.4,0.0,0.0,0.0,Auttumn,No Holiday,Yes,1465289,156
3903,14/10/2018,8,7.5,72,1.1,697,2.7,0.34,0.0,0.0,Autmn,No Holiday,Yes,3648575,553
3904,4/10/2018,6,13.2,73,,1900,8.4,0.0,0.0,0.0,Autmn,No Holiday,No,764100,0
3905,18/02/2018,18,2.8,25,3.0,2000,-15.3,0.22,0.0,0.0,Wintr,No Holiday,Yes,2358559,302
3906,31/05/2018,8,16.9,65,1.6,896,10.2,1.21,0.0,0.0,Sproing,No Holiday,Yes,11630782,2258
3907,5/4/2018,7,7.1,94,2.2,572,6.1,0.0,1.5,0.0,Sprng,No Holiday,Yes,466933,36
3908,12/6/2018,5,17.2,87,0.6,2000,15.0,0.0,0.0,0.0,Summmer,No Holiday,Yes,2260214,283
3909,12/7/2018,2,26.3,84,0.3,1361,23.3,0.0,,0.0,Summmer,No Holiday,Yes,2948441,486
3910,23/06/2018,23,22.5,77,2.7,396,18.2,0.0,0.0,0.0,Summer,No Holiday,Yes,7144702,1377
3911,2/11/2018,15,18.6,31,1.4,1575,1.1,1.63,0.0,0.0,Autum,No Holiday,Yes,7164895,1309
3912,3/4/2018,1,17.1,72,1.7,1353,12.0,0.0,0.0,0.0,Sproing,No Holiday,Yes,2179591,404
3913,31/05/2018,-5,14.2,58,1.7,1436,3.3,0.59,0.2,0.1,Spriing,No Holiday,No,817258,138
3914,25/11/2018,11,6.0,66,0.9,573,0.1,1.37,0.0,2.3,Autum,No Holiday,Yes,3113489,551
3915,20/11/2018,1,2.9,43,1.0,1750,-8.4,0.0,0.0,0.0,Auttumn,No Holiday,Yes,3025221,423
3916,12/2/2018,19,-4.9,52,2.0,2000,-13.2,0.0,,0.0,Wonter,No Holiday,Yes,2112291,332
3917,25/03/2018,12,12.7,45,1.3,321,1.0,,0.0,0.0,Sproing,No Holiday,Yes,3916349,614
3918,28/11/2018,22,3.2,34,1.3,1787,-11.1,0.0,0.0,0.0,Auttumn,No Holiday,Yes,5076623,826
3919,1/4/2018,-10,13.1,59,1.7,1423,3.6,0.55,0.2,0.1,Wonter,Holiday,Yes,2812221,432
3920,26/09/2018,-4,13.4,57,1.8,1430,4.6,0.56,0.2,0.1,Wintr,Holiday,Yes,2132199,339
3921,7/3/2018,14,9.8,38,0.9,1908,-3.8,0.93,0.0,0.0,Spring,No Holiday,Yes,3159671,520
3922,5/11/2018,16,16.8,46,1.8,1041,5.0,0.72,0.0,0.0,Autmn,No Holiday,Yes,6840833,1330
3923,15/12/2017,22,-0.1,49,2.0,870,-9.5,0.0,0.0,0.0,Winteer,No Holiday,Yes,1865187,308
3924,21/10/2018,23,11.8,56,0.0,1655,3.2,0.0,0.0,0.0,Autum,No Holiday,Yes,4296137,764
3925,14/09/2018,-6,11.9,59,1.8,1461,4.2,0.56,0.1,0.1,Winteer,Holiday,Yes,8778399,1575
3926,21/10/2018,-3,12.3,58,1.8,1481,5.1,0.62,0.3,0.1,Autum,Holiday,No,2930913,470
3927,13/01/2018,22,-4.3,81,,435,-7.0,0.0,0.0,0.0,Winter,No Holiday,Yes,1278006,167
3928,11/9/2018,4,17.7,52,,2000,7.7,0.0,0.0,0.0,Autum,No Holiday,Yes,1997707,201
3929,8/12/2017,23,-3.5,43,0.9,2000,-14.3,0.0,0.0,0.0,Winter,No Holiday,Yes,1653026,251
3930,17/06/2018,4,19.4,82,0.9,531,16.2,0.0,0.0,0.0,Summmer,No Holiday,Yes,2227321,357
3931,21/06/2018,22,22.8,67,2.1,1042,16.3,0.0,0.0,0.0,Summmer,No Holiday,Yes,11667356,2149
3932,12/12/2017,15,-5.8,30,2.8,2000,-20.6,0.92,0.0,0.0,Wonter,No Holiday,Yes,1778299,234
3933,22/08/2018,18,35.4,40,1.0,2000,19.7,0.34,0.0,0.0,Summr,No Holiday,Yes,13289402,2488
3934,3/12/2017,0,4.0,58,1.4,1296,-3.5,0.0,0.0,0.0,Winteer,No Holiday,Yes,2482795,323
3935,22/05/2018,-1,12.8,58,1.8,1461,4.0,0.5,0.2,0.1,Summmer,No Holiday,Yes,930966,155
3936,30/11/2018,23,1.9,43,1.3,1909,-9.3,0.0,0.0,0.0,Autmn,No Holiday,Yes,3543527,599
3937,7/8/2018,5,27.1,69,0.9,2000,20.9,0.0,0.0,0.0,Summr,No Holiday,Yes,1646964,238
3938,14/11/2018,7,5.2,78,0.3,1182,1.6,0.0,0.0,0.0,Autum,No Holiday,Yes,5454942,1016
3939,2/4/2018,10,17.5,66,1.3,1059,11.0,0.55,0.0,0.0,Spring,No Holiday,Yes,3423058,578
3940,24/01/2018,13,,25,6.0,1887,-28.0,1.27,0.0,0.9,Wonter,No Holiday,Yes,1350015,153
3941,15/06/2018,20,22.6,51,1.3,2000,11.9,,0.0,0.0,Sumer,No Holiday,Yes,12704146,2504
3942,29/04/2018,-6,13.2,58,1.8,1417,3.3,0.55,0.2,0.1,Summr,Holiday,Yes,801059,0
3943,7/1/2018,7,-5.6,58,0.9,1368,-12.5,0.0,0.0,0.0,Wonter,No Holiday,Yes,1132341,54
3944,23/12/2017,13,7.7,68,1.0,249,2.1,0.58,0.0,0.0,Wintr,No Holiday,Yes,2175436,375
3945,12/2/2018,5,-9.2,37,1.1,2000,-21.2,0.0,0.0,0.0,Winteer,No Holiday,Yes,834791,32
3946,15/05/2018,20,26.3,53,1.0,908,15.9,0.0,0.0,0.0,Spring,No Holiday,Yes,10335777,1977
3947,24/12/2017,13,3.7,90,0.7,744,2.2,0.15,0.0,0.0,Wonter,Holiday,Yes,971825,4
3948,8/10/2018,22,14.4,49,1.1,2000,3.8,0.0,0.0,0.0,Autumn,No Holiday,Yes,8955295,1699
3949,15/11/2018,2,7.1,68,0.6,1082,1.5,0.0,0.0,0.0,Autmn,No Holiday,Yes,2453156,319
3950,21/03/2018,3,1.3,40,2.1,2000,-10.8,0.0,0.0,0.0,Sproing,No Holiday,Yes,792711,91
3951,20/03/2018,12,9.0,33,3.1,1985,-6.4,2.59,0.0,0.0,Spriing,No Holiday,Yes,3170772,555
3952,10/10/2018,19,11.3,50,1.1,2000,1.2,0.0,0.0,0.0,Autumn,No Holiday,Yes,8661952,1643
3953,3/6/2018,18,29.3,25,2.4,1973,7.2,1.23,,0.0,Summr,No Holiday,Yes,12729548,2372
3954,25/07/2018,2,28.8,68,1.8,2000,22.2,0.0,0.0,0.0,Sumer,No Holiday,Yes,2747626,502
3955,9/11/2018,3,10.8,82,2.8,1712,7.8,0.0,0.5,0.0,Autum,No Holiday,No,775323,0
3956,6/1/2018,-8,13.0,56,1.8,1439,4.0,,0.1,0.0,Sumer,Holiday,Yes,5010137,821
3957,25/12/2017,4,-3.0,51,3.2,2000,-11.7,0.0,0.0,0.0,Wonter,Holiday,Yes,597542,63
3958,25/05/2018,23,17.6,55,0.5,1362,8.4,0.0,0.0,0.0,Sproing,No Holiday,Yes,6809776,1164
3959,14/02/2018,1,1.3,67,1.2,1738,-4.1,0.0,0.0,0.0,Wintr,No Holiday,Yes,1501180,189
3960,26/10/2018,12,12.4,90,,297,10.7,0.19,1.0,0.0,Autmn,No Holiday,Yes,663919,25
3961,22/06/2018,2,19.8,80,1.5,370,16.2,0.0,0.0,0.0,Summer,No Holiday,Yes,3025709,583
3962,18/03/2018,22,8.1,76,0.8,492,4.1,0.0,0.0,0.0,Sprng,No Holiday,Yes,1249129,62
3963,21/03/2018,14,1.9,89,1.5,102,0.2,0.41,0.0,0.0,Spring,No Holiday,Yes,1121703,118
3964,16/08/2018,8,28.2,68,1.3,2000,21.7,0.41,0.0,0.0,Sumer,No Holiday,Yes,9106729,1634
3965,13/09/2018,16,28.2,48,1.4,1995,16.1,1.7,0.0,0.0,Autum,No Holiday,Yes,7762285,1493
3966,26/04/2018,16,21.7,23,2.5,1404,-0.3,1.97,0.0,0.0,Spring,No Holiday,Yes,7705391,1422
3967,14/10/2018,21,13.8,66,2.4,1897,7.5,0.0,0.0,0.0,Auttumn,No Holiday,Yes,6413793,1228
3968,22/07/2018,21,32.3,50,1.7,1784,20.5,0.0,0.0,0.0,Summr,No Holiday,Yes,8638696,1652
3969,25/05/2018,14,26.0,23,2.3,1923,3.2,2.92,0.0,0.0,Spring,No Holiday,Yes,5929232,1052
3970,23/08/2018,11,29.9,57,,1992,20.4,0.88,0.1,0.0,Summer,No Holiday,Yes,4151253,732
3971,13/05/2018,16,19.5,65,2.9,857,12.7,1.97,0.0,0.0,Sprng,No Holiday,Yes,12577511,2401
3972,10/5/2018,5,11.5,80,0.9,974,8.1,0.0,,0.0,Sprng,No Holiday,No,764396,0
3973,30/07/2018,-10,12.8,58,1.7,1424,3.8,0.54,0.0,0.1,Summer,No Holiday,Yes,578244,81
3974,19/08/2018,19,29.7,55,2.5,2000,19.6,,0.0,0.0,Summer,No Holiday,Yes,11710808,2242
3975,2/9/2018,1,22.8,59,1.5,2000,14.3,0.0,0.0,0.0,Auttumn,No Holiday,Yes,5491512,972
3976,5/11/2018,17,15.7,49,2.0,1252,5.0,0.26,0.0,0.0,Auttumn,No Holiday,Yes,8592638,1606
3977,4/11/2018,5,6.6,73,0.3,1219,2.0,0.0,0.0,0.0,Autumn,No Holiday,Yes,879568,115
3978,3/4/2018,12,19.6,63,2.9,1034,12.3,0.68,0.0,0.0,Spring,No Holiday,Yes,5788681,965
3979,28/01/2018,9,-7.8,41,1.8,1923,-18.7,,0.0,0.0,Wonter,No Holiday,Yes,1426991,88
3980,10/6/2018,16,24.8,51,1.6,2000,13.9,1.17,0.0,0.0,Summmer,No Holiday,Yes,11947336,2327
3981,14/08/2018,8,29.3,63,0.9,1810,21.5,0.76,0.0,0.0,Summr,No Holiday,Yes,9217989,1752
3982,21/07/2018,15,36.5,35,3.0,1355,18.5,2.71,0.0,0.0,Summmer,No Holiday,Yes,4650295,771
3983,18/03/2018,17,11.1,42,2.2,765,-1.3,0.34,0.0,0.0,Spring,No Holiday,Yes,3985136,603
3984,23/02/2018,3,0.9,97,1.2,243,0.4,0.0,3.7,4.1,Wonter,No Holiday,Yes,326741,37
3985,28/12/2017,19,-0.4,62,0.9,1103,-6.8,0.0,0.0,0.0,Wonter,No Holiday,Yes,2554043,400
3986,9/8/2018,5,27.8,82,1.0,1599,24.4,0.0,0.0,0.0,Sumer,No Holiday,Yes,2273324,282
3987,20/09/2018,0,20.1,58,0.3,2000,11.5,0.0,,0.0,Autum,No Holiday,Yes,4996677,812
3988,29/11/2018,11,5.2,26,0.5,1471,-12.7,0.64,0.0,0.0,Autmn,No Holiday,Yes,3351394,620
3989,24/06/2018,3,20.6,91,0.8,194,19.0,0.0,0.0,0.0,Summr,No Holiday,Yes,3870510,689
3990,20/07/2018,20,30.9,51,2.2,2000,19.5,0.07,0.0,0.0,Sumer,No Holiday,Yes,11115617,2035
3991,30/10/2018,22,7.6,50,1.8,2000,-2.1,0.0,0.0,0.0,Auttumn,No Holiday,Yes,5418860,941
3992,21/12/2017,13,,42,1.8,1349,-8.5,1.08,0.0,1.8,Winteer,No Holiday,Yes,2072239,314
3993,21/04/2018,2,14.7,63,1.8,611,7.7,0.0,0.0,0.0,Sproing,No Holiday,Yes,3240579,459
3994,1/12/2017,6,-6.6,35,1.3,2000,-19.5,0.0,0.0,0.0,Winter,No Holiday,Yes,1903604,181
3995,24/11/2018,5,3.2,27,1.6,2000,-14.0,,0.0,0.0,Autmn,No Holiday,Yes,708162,107
3996,2/12/2017,6,-4.3,82,2.1,1178,-6.9,0.0,0.0,0.0,Wonter,No Holiday,Yes,845422,73
3997,27/08/2018,3,20.3,97,0.4,200,19.8,0.0,1.5,0.0,Sumer,No Holiday,Yes,418626,15
3998,12/2/2018,23,-4.4,58,2.4,2000,-11.4,0.0,0.0,0.0,Winteer,No Holiday,Yes,828593,139
3999,3/12/2017,19,5.7,85,1.7,309,3.3,0.0,0.0,0.0,Winteer,No Holiday,Yes,2464115,414
4000,7/9/2018,9,21.3,63,2.7,1969,13.9,1.15,0.0,0.0,Autumn,No Holiday,Yes,6693780,1243
4001,25/10/2018,13,19.4,32,1.1,1787,2.2,2.31,0.0,0.0,Auttumn,No Holiday,Yes,6627022,1168
4002,10/2/2018,21,-5.6,28,4.1,2000,-21.2,0.0,0.0,0.0,Wonter,No Holiday,Yes,776729,119
4003,9/2/2018,15,5.0,24,1.0,1037,-13.9,1.16,0.0,0.0,Winter,No Holiday,Yes,1791873,325
4004,7/8/2018,23,29.5,78,1.4,1469,25.2,0.0,0.0,0.0,Summr,No Holiday,Yes,6913469,1193
4005,5/10/2018,16,17.1,97,1.7,382,16.6,0.15,6.0,0.0,Autmn,No Holiday,Yes,448615,28
4006,31/03/2018,0,11.7,77,1.3,588,7.7,0.0,0.0,0.0,Spriing,No Holiday,Yes,3853765,598
4007,7/10/2018,18,17.9,29,2.8,2000,-0.4,0.16,0.0,0.0,Autmn,No Holiday,Yes,10623421,2008
4008,7/2/2018,1,-12.3,47,1.9,1837,-21.3,0.0,0.0,0.0,Wonter,No Holiday,Yes,701852,96
4009,27/02/2018,17,6.8,57,1.0,623,-1.1,0.16,0.0,0.0,Wonter,No Holiday,Yes,2887456,533
4010,8/1/2018,0,0.9,42,1.1,1271,-10.5,0.0,0.0,0.0,Wonter,No Holiday,Yes,1654379,164
4011,6/9/2018,21,24.6,70,2.5,2000,18.7,0.0,0.0,0.0,Autumn,No Holiday,Yes,10590954,1940
4012,1/3/2018,4,1.6,97,1.1,636,1.1,0.0,0.0,0.0,Sproing,Holiday,Yes,348094,25
4013,21/07/2018,2,26.4,72,0.2,1766,20.9,0.0,0.0,0.0,Summmer,No Holiday,Yes,4254209,730
4014,18/12/2017,1,-5.3,48,0.4,1664,-14.6,0.0,0.0,0.0,Wonter,No Holiday,Yes,752000,97
4015,26/01/2018,13,-13.3,28,2.7,1889,-27.9,,0.0,0.5,Winter,No Holiday,Yes,910218,110
4016,20/02/2018,23,-0.5,26,3.3,2000,-17.7,0.0,0.0,0.0,Wonter,No Holiday,Yes,1979070,242
4017,17/08/2018,18,32.5,28,1.4,2000,11.6,1.06,0.0,0.0,Sumer,No Holiday,Yes,15185658,2919
4018,27/12/2017,2,-8.6,37,1.5,2000,-20.7,0.0,0.0,0.0,Wonter,No Holiday,Yes,1342868,94
4019,2/7/2018,6,20.7,97,0.3,1262,20.2,0.0,1.0,0.0,Sumer,No Holiday,Yes,867262,41
4020,27/06/2018,9,20.0,96,1.6,287,19.3,0.39,0.0,0.0,Sumer,No Holiday,Yes,6826978,1283
4021,29/06/2018,12,26.1,67,,758,19.4,2.15,0.0,0.0,Summer,No Holiday,Yes,6505704,1166
4022,17/03/2018,16,13.7,28,2.1,1499,-4.5,,0.0,0.0,Sprng,No Holiday,Yes,7518795,1426
4023,31/01/2018,19,-2.2,36,2.2,2000,-15.2,0.0,0.0,1.6,Wonter,No Holiday,Yes,1735067,282
4024,4/10/2018,20,-10.6,1,3.0,0,25.6,,1.5,0.1,Sprng,No Holiday,Yes,649071,100
4025,9/1/2018,23,-4.9,80,0.7,690,-7.8,0.0,0.0,0.2,Wonter,No Holiday,Yes,1200126,77
4026,23/07/2018,13,33.8,47,1.7,1887,20.9,1.57,0.0,0.0,Summmer,No Holiday,Yes,4525481,739
4027,11/9/2018,2,18.9,52,1.1,2000,8.8,0.0,,0.0,Autumn,No Holiday,Yes,2701279,475
4028,5/8/2018,5,27.3,84,0.8,1067,24.3,,0.0,0.0,Summr,No Holiday,Yes,1649552,176
4029,12/5/2018,0,16.1,54,1.3,1052,6.7,0.0,0.0,0.0,Spring,No Holiday,Yes,5342130,962
4030,5/6/2018,19,25.5,43,3.1,1760,11.9,0.41,0.0,0.0,Sumer,No Holiday,Yes,13122577,2542
4031,11/4/2018,5,9.7,84,1.7,447,7.1,0.0,0.0,0.0,Sprng,No Holiday,No,236761,0
4032,31/01/2018,20,-2.6,36,3.1,2000,-15.6,0.0,0.0,1.6,Wintr,No Holiday,Yes,1639646,238
4033,15/04/2018,2,6.7,80,,1342,3.4,0.0,0.0,0.0,Spriing,No Holiday,Yes,1357617,243
4034,21/05/2018,-5,14.1,59,1.8,1411,3.2,0.54,0.2,0.1,Summmer,No Holiday,Yes,868415,0
4035,5/6/2018,12,28.2,35,1.2,1411,11.2,3.23,0.0,0.0,Summr,No Holiday,Yes,5870238,1114
4036,13/08/2018,8,28.0,78,1.1,865,23.7,0.74,0.0,0.0,Summmer,No Holiday,Yes,9111831,1641
4037,21/04/2018,16,24.8,13,3.3,1955,-5.5,2.5,0.0,0.0,Spring,No Holiday,Yes,10058378,1974
4038,25/09/2018,-7,11.7,59,1.7,1460,4.7,0.54,0.2,0.1,Summr,No Holiday,No,4204185,677
4039,5/5/2018,14,23.6,34,3.3,1829,6.8,2.57,0.0,0.0,Spring,No Holiday,Yes,9248490,1671
4040,9/12/2017,-4,12.0,59,1.7,1424,5.9,0.58,0.2,0.1,Sprng,No Holiday,No,1166938,166
4041,18/10/2018,18,15.7,45,2.5,2000,3.7,0.06,0.0,0.0,Autumn,No Holiday,Yes,13687668,2577
4042,10/1/2018,-9,11.8,59,1.8,1387,3.8,0.53,0.3,0.1,Winteer,Holiday,No,2748263,435
4043,4/11/2018,21,11.8,62,0.7,1030,4.7,0.0,0.0,0.0,Autmn,No Holiday,Yes,5345507,976
4044,1/1/2018,7,-4.7,56,1.1,2000,-12.1,0.0,0.0,0.0,Wonter,Holiday,Yes,1097941,65
4045,4/5/2018,1,9.7,63,2.1,1610,2.9,0.0,0.0,0.0,Spriing,No Holiday,Yes,3341617,490
4046,1/6/2018,19,26.8,35,1.9,2000,10.0,0.54,0.0,0.0,Summer,No Holiday,Yes,13641236,2610
4047,3/8/2018,2,31.5,68,0.3,1001,24.8,0.0,0.0,0.0,Summr,No Holiday,Yes,3283453,465
4048,6/8/2018,5,28.3,83,1.7,969,25.1,0.0,0.0,0.0,Sumer,No Holiday,Yes,1812107,241
4049,4/4/2018,6,11.7,95,0.7,2000,10.9,0.0,2.0,0.0,Sprng,No Holiday,Yes,1593886,139
4050,10/6/2018,2,19.2,69,,2000,13.3,0.0,0.0,0.0,Summer,No Holiday,Yes,1094848,165
4051,8/11/2018,6,10.6,90,1.6,1065,9.0,0.0,1.5,0.0,Autum,No Holiday,Yes,1562284,129
4052,7/10/2018,11,19.1,56,2.4,1802,10.1,2.15,0.0,0.0,Autumn,No Holiday,Yes,6283639,1171
4053,13/02/2018,0,-5.0,60,1.8,1995,-11.5,0.0,,0.0,Wonter,No Holiday,Yes,1336250,145
4054,1/3/2018,-3,12.0,58,1.8,1487,3.5,0.63,0.1,0.1,Summer,No Holiday,No,1884382,295
4055,29/09/2018,6,14.6,81,,2000,11.3,0.0,0.0,0.0,Autum,No Holiday,Yes,1896672,272
4056,13/02/2018,23,2.4,59,3.2,2000,-4.8,0.0,0.0,0.0,Wonter,No Holiday,Yes,1837371,197
4057,19/01/2018,-5,12.7,57,1.7,1419,3.2,,0.2,0.1,Wintr,Holiday,Yes,2425606,343
4058,18/02/2018,3,-4.5,26,0.0,2000,-21.1,0.0,0.0,0.0,Wintr,No Holiday,Yes,857521,58
4059,4/3/2018,5,8.8,96,1.2,196,8.1,0.0,0.0,0.0,Spring,No Holiday,Yes,1035303,13
4060,20/11/2018,15,11.9,18,3.3,1848,-11.7,1.32,0.0,0.0,Autmn,No Holiday,Yes,5023817,812
4061,29/09/2018,0,16.6,69,1.0,2000,10.8,0.0,0.0,0.0,Autum,No Holiday,Yes,5192949,974
4062,14/04/2018,7,8.2,88,0.7,607,6.3,0.01,2.0,0.0,Spring,No Holiday,Yes,694727,12
4063,17/11/2018,16,8.3,35,2.1,1987,-6.2,0.37,0.0,0.0,Autumn,No Holiday,Yes,5753229,1023
4064,11/4/2018,14,,28,3.4,1804,-2.1,3.16,0.0,0.0,Sprng,No Holiday,No,300676,0
4065,21/03/2018,15,2.2,85,1.3,2000,0.0,0.41,0.5,0.0,Spriing,No Holiday,Yes,1758415,166
4066,23/08/2018,3,29.7,52,1.4,2000,18.7,0.0,0.0,0.0,Sumer,No Holiday,Yes,2201297,322
4067,1/8/2018,14,38.7,38,2.4,1943,21.8,3.12,0.0,0.0,Summr,No Holiday,Yes,2779247,477
4068,25/04/2018,21,15.9,35,1.4,1999,0.4,0.0,0.0,0.0,Spriing,No Holiday,Yes,8863270,1611
4069,13/02/2018,11,-0.3,40,3.4,1728,-12.2,1.73,0.0,0.0,Wonter,No Holiday,Yes,1943350,266
4070,10/7/2018,13,,77,1.2,1951,20.8,1.06,0.0,0.0,Summer,No Holiday,Yes,6412587,1152
4071,8/11/2018,8,10.6,89,1.5,689,8.8,0.02,0.0,0.0,Autum,No Holiday,Yes,1627962,172
4072,25/07/2018,23,28.0,77,1.9,1346,23.5,0.0,0.0,0.0,Summmer,No Holiday,Yes,7000542,1303
4073,6/6/2018,13,27.3,52,3.1,613,16.5,3.21,0.0,0.0,Summr,Holiday,Yes,7950013,1449
4074,24/06/2018,19,27.8,41,2.7,1990,13.3,0.45,0.0,0.0,Summr,No Holiday,Yes,11360928,2190
4075,22/10/2018,17,18.9,35,1.7,720,3.0,0.41,0.0,0.0,Autum,No Holiday,Yes,10069737,1896
4076,1/5/2018,13,23.0,63,3.1,494,15.5,1.92,0.0,0.0,Sprng,Holiday,Yes,8054433,1516
4077,1/7/2018,15,21.8,97,0.7,324,21.2,0.14,5.5,0.0,Summmer,No Holiday,Yes,996920,44
4078,22/03/2018,17,9.6,38,3.2,1606,-4.0,1.35,0.0,0.0,Spring,No Holiday,Yes,5492304,1001
4079,4/1/2018,5,-7.6,49,1.3,2000,-16.4,0.0,0.0,0.0,Winteer,No Holiday,Yes,1095725,84
4080,2/12/2017,20,4.6,51,1.2,1585,-4.6,0.0,0.0,0.0,Winter,No Holiday,Yes,2648571,336
4081,18/04/2018,5,6.7,50,1.6,1774,-3.0,0.0,0.0,0.0,Sproing,No Holiday,Yes,1236528,152
4082,23/02/2018,1,0.6,96,2.1,118,0.0,,0.0,4.0,Wintr,No Holiday,Yes,983693,52
4083,14/09/2018,11,24.0,64,1.3,2000,16.7,0.95,0.0,0.0,Auttumn,No Holiday,Yes,5757044,1005
4084,7/1/2018,12,1.1,34,0.9,1455,-13.0,0.6,0.0,0.0,Winteer,No Holiday,Yes,2282706,281
4085,23/03/2018,23,5.0,42,1.7,717,-6.8,0.0,0.0,0.0,Spriing,No Holiday,Yes,2960619,403
4086,26/02/2018,21,3.3,36,1.4,1110,-10.3,0.0,0.0,0.0,Wintr,No Holiday,Yes,2768428,489
4087,29/10/2018,18,9.4,51,3.4,2000,-0.2,0.02,0.0,0.0,Autmn,No Holiday,Yes,10454949,2010
4088,23/11/2018,11,4.3,25,2.0,1958,-14.0,1.56,0.0,0.0,Auttumn,No Holiday,Yes,4117647,656
4089,5/4/2018,13,7.7,95,1.9,442,6.9,0.4,0.0,0.0,Spriing,No Holiday,Yes,750612,63
4090,21/10/2018,4,8.8,71,0.9,1516,3.8,0.0,0.0,0.0,Auttumn,No Holiday,Yes,1894298,187
4091,13/08/2018,-3,13.1,59,1.7,1467,4.4,0.54,0.2,0.1,Spring,No Holiday,No,3229631,456
4092,11/8/2018,4,27.4,69,1.0,2000,21.2,0.0,0.0,0.0,Summer,No Holiday,Yes,2058687,271
4093,18/11/2018,1,3.2,54,1.2,1968,-5.2,0.0,0.0,0.0,Autumn,No Holiday,Yes,2566082,473
4094,29/05/2018,-2,12.2,59,1.8,1425,3.4,0.58,0.1,0.1,Autmn,Holiday,No,6711713,1308
4095,7/6/2018,5,17.8,91,2.2,393,16.3,,0.0,0.0,Summer,No Holiday,Yes,1761844,268
4096,27/04/2018,4,10.2,65,1.5,970,3.9,0.0,0.0,0.0,Spring,No Holiday,Yes,862132,126
4097,23/11/2018,23,2.1,32,1.5,1998,-12.9,0.0,0.0,0.0,Autmn,No Holiday,Yes,3094849,556
4098,23/03/2018,6,2.3,80,0.7,546,-0.8,0.0,,0.0,Sprng,No Holiday,Yes,1379740,230
4099,30/12/2017,7,-0.7,79,0.7,259,-3.8,0.0,0.0,0.0,Wintr,No Holiday,Yes,1422458,86
4100,5/2/2018,19,-8.3,29,4.1,2000,-23.2,0.0,0.0,0.0,Wintr,No Holiday,Yes,1977621,244
4101,8/2/2018,9,-8.5,55,1.0,1482,-15.9,0.4,0.0,0.0,Winteer,No Holiday,Yes,1530277,268
4102,18/06/2018,7,20.6,76,0.5,786,16.2,0.3,0.0,0.0,Sumer,No Holiday,Yes,8548172,1548
4103,7/12/2017,6,1.0,93,0.5,148,0.0,0.0,0.0,0.9,Winter,No Holiday,Yes,1490624,124
4104,3/10/2018,15,24.1,34,2.0,1996,7.2,2.14,0.0,0.0,Auttumn,Holiday,Yes,11658720,2212
4105,11/2/2018,3,-7.2,43,2.0,2000,-17.6,0.0,0.0,0.0,Wintr,No Holiday,Yes,1232339,60
4106,9/12/2017,20,0.8,51,1.4,1848,-8.2,0.0,0.0,0.0,Wonter,No Holiday,Yes,1884382,295
4107,28/04/2018,14,21.3,25,3.8,1884,0.4,3.22,0.0,0.0,Sproing,No Holiday,Yes,8421665,1592
4108,1/5/2018,1,18.3,83,1.1,451,15.3,0.0,0.0,0.0,Spriing,Holiday,Yes,4111951,708
4109,10/11/2018,11,13.8,63,2.2,416,6.8,1.32,0.0,0.0,Autumn,No Holiday,Yes,4548140,794
4110,14/09/2018,22,,73,2.1,1541,18.8,0.0,0.0,0.0,Autum,No Holiday,Yes,3191425,617
4111,31/12/2017,13,2.5,36,3.7,1578,-11.0,1.15,0.0,0.7,Winter,Holiday,Yes,1854950,272
4112,12/7/2018,20,26.9,80,1.5,1806,23.1,0.09,0.0,0.0,Summer,No Holiday,Yes,12302678,2264
4113,2/12/2017,15,7.6,41,2.3,1953,-4.8,0.74,0.0,0.0,Wonter,No Holiday,Yes,3416205,578
4114,15/10/2018,-10,12.7,58,1.8,1473,5.0,0.56,0.1,0.1,Summr,No Holiday,Yes,2244133,266
4115,21/12/2017,8,-5.6,89,0.9,371,-7.1,0.0,0.0,2.2,Wonter,No Holiday,Yes,2880952,442
4116,15/03/2018,-9,13.3,59,1.8,1484,5.0,0.52,0.0,0.1,Winteer,Holiday,Yes,4301330,755
4117,9/5/2018,3,10.5,59,1.0,2000,2.8,,0.0,0.0,Spriing,No Holiday,Yes,1659143,205
4118,4/9/2018,9,,81,2.3,1669,18.1,1.2,0.0,0.0,Auttumn,No Holiday,Yes,5716179,1118
4119,13/02/2018,8,-7.1,68,0.6,1931,-12.0,0.03,0.0,0.0,Wonter,No Holiday,Yes,3399838,607
4120,26/03/2018,14,17.4,39,2.9,520,3.2,2.7,0.0,0.0,Sprng,No Holiday,Yes,3541894,553
4121,12/9/2018,13,26.8,45,1.8,1984,13.8,2.6,0.0,0.0,Auttumn,No Holiday,Yes,6303732,1105
4122,2/11/2018,6,4.5,77,1.0,1410,0.8,0.0,0.0,0.0,Autumn,No Holiday,Yes,2413233,403
4123,25/09/2018,20,19.3,45,,2000,7.0,0.0,0.0,0.0,Autmn,Holiday,Yes,8840504,1648
4124,25/04/2018,23,14.0,45,0.6,1901,2.2,0.0,0.0,0.0,Sprng,No Holiday,Yes,5381556,934
4125,24/07/2018,20,31.1,63,2.0,1542,23.2,,0.0,0.0,Sumer,No Holiday,Yes,9711372,1856
4126,14/04/2018,-5,13.4,60,1.9,1457,3.1,,,0.1,Auttumn,Holiday,Yes,10766042,2044
4127,3/5/2018,9,12.8,52,3.9,1614,3.1,1.65,0.0,0.0,Sproing,No Holiday,Yes,5668161,1103
4128,22/01/2018,0,-0.2,30,0.4,2000,-15.7,0.0,0.0,0.0,Winter,No Holiday,Yes,1399346,175
4129,8/3/2018,0,5.2,83,1.5,733,2.5,0.0,0.5,0.0,Sprng,No Holiday,Yes,555370,39
4130,4/9/2018,17,27.6,47,3.3,2000,15.2,1.49,0.0,0.0,Autmn,No Holiday,Yes,10702464,1949
4131,7/5/2018,4,14.4,85,0.8,1437,11.9,0.0,0.0,0.0,Spriing,No Holiday,Yes,1171637,184
4132,25/03/2018,10,8.4,65,1.8,229,2.1,1.67,0.0,0.0,Sproing,No Holiday,Yes,2749538,400
4133,17/05/2018,4,19.2,98,2.4,1965,18.8,0.0,19.0,0.0,Sprng,No Holiday,Yes,475747,47
4134,23/10/2018,21,12.6,70,1.2,1425,7.2,,0.0,0.0,Autumn,No Holiday,Yes,8254995,1459
4135,19/01/2018,5,-1.4,47,1.4,1301,-11.2,0.0,0.0,0.0,Winteer,No Holiday,Yes,1000310,68
4136,16/11/2018,16,11.8,66,3.0,687,5.6,,0.0,0.0,Autmn,No Holiday,Yes,5951486,1127
4137,15/02/2018,19,0.1,21,2.9,2000,-19.7,0.0,0.0,0.0,Winter,Holiday,Yes,1593362,138
4138,1/1/2018,3,-4.0,44,1.0,2000,-14.4,0.0,0.0,0.0,Wintr,Holiday,Yes,1260966,119
4139,19/06/2018,12,25.8,48,1.5,1487,13.9,2.31,0.0,0.0,Summr,No Holiday,Yes,6820921,1238
4140,22/02/2018,20,3.0,62,2.4,975,-3.5,0.0,0.0,0.0,Wintr,No Holiday,Yes,1771284,334
4141,30/12/2017,12,,64,0.8,258,-2.9,0.47,0.0,0.0,Wonter,No Holiday,Yes,2202715,303
4142,8/5/2018,6,14.8,64,1.5,2000,8.0,0.02,,0.0,Sproing,No Holiday,Yes,3522454,588
4143,22/12/2017,-6,13.0,57,1.7,1411,2.9,0.6,0.2,0.1,Autum,Holiday,Yes,5957580,1084
4144,19/08/2018,18,,41,1.9,2000,17.3,0.62,0.0,0.0,Summr,No Holiday,Yes,10066126,1869
4145,6/5/2018,7,15.1,97,0.5,311,14.6,0.03,2.5,0.0,Sproing,No Holiday,Yes,257196,11
4146,18/11/2018,21,7.1,52,0.8,1516,-2.1,0.0,0.0,0.0,Autumn,No Holiday,Yes,3676224,690
4147,29/10/2018,11,11.0,46,2.6,1946,-0.1,1.97,0.0,0.0,Autumn,No Holiday,Yes,4269435,821
4148,25/11/2018,4,2.4,89,0.7,321,0.7,0.0,0.0,2.6,Autum,No Holiday,Yes,1105004,147
4149,4/1/2018,10,-6.4,43,1.0,1872,-16.9,0.43,0.0,0.0,Wonter,No Holiday,Yes,1229127,203
4150,4/12/2017,3,3.6,85,2.3,206,1.3,0.0,0.0,0.0,Winter,No Holiday,Yes,851084,69
4151,5/1/2018,14,1.4,41,2.0,1003,-10.4,0.99,0.0,0.0,Winteer,No Holiday,Yes,2150613,335
4152,14/07/2018,10,27.8,68,2.1,1490,21.3,1.29,0.0,0.0,Sumer,No Holiday,Yes,5250303,921
4153,19/05/2018,13,21.9,39,2.0,2000,7.3,3.52,0.0,0.0,Sprng,No Holiday,Yes,10329012,1866
4154,1/7/2018,-4,12.9,59,1.8,1432,4.7,0.61,0.3,0.1,Summr,Holiday,No,2430526,457
4155,16/10/2018,5,10.2,70,1.5,1519,4.9,0.0,0.0,0.0,Autmn,No Holiday,Yes,1141438,204
4156,6/5/2018,21,16.8,79,0.6,2000,13.1,0.0,0.0,0.0,Spring,No Holiday,Yes,8329320,1478
4157,21/04/2018,7,12.5,68,1.1,457,6.7,0.22,0.0,0.0,Sprng,No Holiday,Yes,2217626,340
4158,20/08/2018,17,32.1,44,2.6,1731,18.3,0.6,0.0,0.0,Sumer,No Holiday,Yes,9484170,1803
4159,22/11/2018,5,-0.4,39,0.8,2000,-12.6,0.0,,0.0,Auttumn,No Holiday,Yes,1523912,150
4160,22/02/2018,9,-1.9,51,0.9,1654,-10.7,0.58,0.0,0.0,Wintr,No Holiday,Yes,2691473,413
4161,17/06/2018,23,21.7,74,1.4,920,16.8,0.0,,0.0,Summer,No Holiday,Yes,7385445,1296
4162,12/11/2018,-4,11.0,57,1.7,1440,4.5,0.68,0.1,0.1,Winter,Holiday,Yes,8384484,1611
4163,9/12/2017,18,2.5,41,1.0,1974,-9.4,0.0,0.0,0.0,Winteer,No Holiday,Yes,2040398,387
4164,18/12/2017,9,-4.3,89,1.0,59,-5.8,,1.6,4.0,Wintr,No Holiday,Yes,953532,45
4165,18/08/2018,20,27.6,46,1.2,2000,14.9,0.01,0.0,0.0,Summr,No Holiday,Yes,10763632,1992
4166,4/12/2017,17,-1.3,26,5.3,2000,-18.3,0.18,0.0,0.0,Winter,No Holiday,Yes,2825237,492
4167,5/10/2018,17,16.9,97,,728,16.4,0.08,5.5,0.0,Auttumn,No Holiday,Yes,1249290,57
4168,22/03/2018,17,9.6,38,3.2,1606,-4.0,1.35,0.0,0.0,Spring,No Holiday,Yes,5492304,1001
4169,17/08/2018,8,23.5,44,1.7,1944,10.5,0.98,0.0,0.0,Summr,No Holiday,Yes,10382490,2053
4170,20/02/2018,8,-2.1,71,1.7,610,-6.6,0.06,0.0,0.0,Winter,No Holiday,Yes,4123631,700
4171,30/07/2018,16,36.4,40,1.1,2000,20.6,1.79,0.0,0.0,Summer,No Holiday,Yes,4852113,869
4172,23/11/2018,22,2.0,30,1.3,1995,-13.8,0.0,0.0,0.0,Autmn,No Holiday,Yes,4123512,792
4173,15/01/2018,4,23.4,2,4.3,1930,-9.1,0.67,0.2,0.3,Spring,No Holiday,Yes,5837640,1141
4174,6/1/2018,-10,12.8,58,1.8,1445,5.7,0.5,0.2,0.1,Autumn,Holiday,Yes,1072423,160
4175,14/03/2018,-3,12.8,59,1.7,1414,4.2,0.58,0.2,0.0,Winter,No Holiday,No,592890,89
4176,21/05/2018,20,18.4,59,2.6,1476,10.2,0.04,0.0,0.0,Spring,No Holiday,Yes,11232925,2174
4177,27/06/2018,17,25.1,70,2.2,796,19.2,0.48,0.0,0.0,Summr,No Holiday,Yes,11212967,2105
4178,3/3/2018,17,15.0,22,2.5,1946,-6.5,0.96,0.0,0.0,Sprng,No Holiday,Yes,6067968,1106
4179,14/10/2018,16,19.1,31,2.1,1960,1.5,1.27,0.0,0.0,Autumn,No Holiday,Yes,11075207,2033
4180,7/8/2018,11,31.4,59,0.8,2000,22.4,,0.0,0.0,Summmer,No Holiday,Yes,3826257,675
4181,7/9/2018,11,,51,3.5,1970,13.0,2.62,0.0,0.0,Autmn,No Holiday,Yes,5139178,988
4182,9/9/2018,14,28.2,29,2.0,2000,8.4,3.09,,0.0,Auttumn,No Holiday,Yes,8862481,1667
4183,1/12/2017,-1,12.7,58,1.7,1442,2.8,0.59,0.2,0.0,Spriing,No Holiday,No,4092462,735
4184,8/9/2018,16,27.7,32,1.4,2000,9.4,2.05,0.0,0.0,Autumn,No Holiday,Yes,10161967,1992
4185,20/10/2018,-6,13.1,59,1.8,1450,3.0,0.52,0.1,0.1,Summer,Holiday,No,5673058,999
4186,24/06/2018,5,20.3,87,1.0,251,18.0,,0.0,0.0,Summer,No Holiday,Yes,1743789,225
4187,17/02/2018,13,-0.4,15,2.4,1938,-23.9,2.46,0.0,0.0,Winter,Holiday,Yes,1121681,189
4188,9/9/2018,16,27.1,35,0.9,2000,10.3,1.27,0.0,0.0,Auttumn,No Holiday,Yes,12192334,2250
4189,9/8/2018,10,30.4,63,1.8,1883,22.5,1.32,0.0,0.0,Summer,No Holiday,Yes,3505031,655
4190,17/03/2018,12,10.0,38,1.5,1677,-3.6,2.51,0.0,0.0,Spring,No Holiday,Yes,5307915,961
4191,25/06/2018,13,31.2,36,2.0,1022,14.3,2.91,0.0,0.0,Summer,No Holiday,Yes,6142987,1041
4192,14/10/2018,14,18.9,31,2.6,1936,1.3,2.37,0.0,0.0,Autum,No Holiday,Yes,10263652,1859
4193,15/07/2018,10,28.5,66,1.7,1319,21.5,1.83,0.0,0.0,Summr,No Holiday,Yes,3773516,706
4194,24/10/2018,13,17.2,43,2.3,1835,4.4,1.68,0.0,0.0,Autmn,No Holiday,Yes,6259860,1084
4195,17/06/2018,10,23.0,66,1.1,516,16.2,0.83,0.0,0.0,Summmer,No Holiday,Yes,4865724,942
4196,26/01/2018,15,-11.4,27,3.3,1805,-26.7,0.0,0.0,0.4,Winteer,No Holiday,Yes,1415919,121
4197,27/06/2018,15,25.5,68,2.4,638,19.1,1.61,0.0,0.0,Summr,No Holiday,Yes,6956872,1371
4198,17/12/2017,21,-6.5,45,0.7,2000,-16.4,0.0,0.0,0.0,Winter,No Holiday,Yes,1014891,180
4199,9/3/2018,22,2.9,69,1.2,1179,-2.2,0.0,0.0,0.0,Spring,No Holiday,Yes,3436784,516
4200,24/05/2018,4,11.7,64,1.6,1578,5.1,0.0,0.0,0.0,Spring,No Holiday,Yes,1071507,175
4201,13/10/2018,-9,12.9,58,1.7,1456,4.1,0.53,0.2,0.1,Winter,Holiday,Yes,6060433,1079
4202,12/2/2018,16,-2.4,33,4.5,1815,-16.5,1.55,0.0,0.0,Winter,No Holiday,Yes,1743102,251
4203,27/08/2018,13,22.9,92,1.2,459,21.5,1.09,0.5,0.0,Summr,No Holiday,Yes,1077896,163
4204,12/11/2018,10,8.3,50,1.1,1364,-1.5,1.23,0.0,0.0,Autumn,No Holiday,Yes,4241380,680
4205,29/09/2018,15,26.5,33,1.4,2000,8.9,2.25,0.0,0.0,Autum,No Holiday,Yes,11294451,2164
4206,21/03/2018,16,2.4,79,1.9,1995,-0.8,0.37,0.0,0.0,Sproing,No Holiday,Yes,1570269,257
4207,30/09/2018,1,17.5,66,0.5,2000,11.0,0.0,0.0,0.0,Autumn,No Holiday,No,994171,0
4208,30/09/2018,19,17.1,35,2.9,2000,1.4,,0.0,0.0,Autum,No Holiday,No,591662,0
4209,22/07/2018,1,27.3,60,,2000,18.8,0.0,0.0,0.0,Summer,No Holiday,Yes,4796144,783
4210,29/06/2018,0,21.9,95,1.9,357,21.0,0.0,0.0,0.0,Summr,No Holiday,Yes,3201995,476
4211,15/12/2017,-7,12.9,56,1.7,1434,3.2,,0.2,0.1,Summer,No Holiday,Yes,1133161,66
4212,16/06/2018,14,27.1,40,1.8,1779,12.3,3.26,0.0,0.0,Summr,No Holiday,Yes,10123868,1844
4213,30/12/2017,4,-1.1,83,0.7,242,-3.6,0.0,0.0,0.0,Winter,No Holiday,Yes,521676,83
4214,22/03/2018,20,5.1,56,2.0,899,-2.9,0.0,0.0,0.0,Spriing,No Holiday,Yes,4390965,778
4215,28/02/2018,10,6.5,53,2.0,518,-2.4,0.21,0.0,0.0,Winter,No Holiday,Yes,1903488,287
4216,18/06/2018,6,20.0,78,0.4,752,16.0,0.05,0.0,0.0,Summr,No Holiday,Yes,4819563,823
4217,26/05/2018,21,21.7,58,1.3,1173,13.0,0.0,0.0,0.0,Sproing,No Holiday,Yes,9841777,1890
4218,26/09/2018,20,20.0,46,2.0,2000,8.0,0.0,0.0,0.0,Autum,No Holiday,Yes,9428479,1709
4219,15/08/2018,15,37.4,38,1.4,2000,20.6,1.72,0.0,0.0,Summer,Holiday,Yes,4105443,755
4220,7/5/2018,-8,12.1,59,1.8,1424,2.6,0.61,0.1,0.1,Winter,Holiday,No,7038608,1356
4221,1/6/2018,21,23.5,44,1.6,2000,10.5,0.0,0.0,0.0,Summr,No Holiday,Yes,11184782,2147
4222,25/02/2018,15,7.5,21,2.7,1900,-13.4,2.22,0.0,0.0,Winteer,No Holiday,Yes,4018466,607
4223,1/8/2018,21,33.3,64,3.0,1680,25.5,0.0,0.0,0.0,Summmer,No Holiday,Yes,7837907,1469
4224,26/01/2018,20,-13.7,35,1.7,1878,-25.9,0.0,0.0,0.3,Wonter,No Holiday,Yes,1198405,106
4225,6/6/2018,12,27.3,51,2.8,703,16.2,3.16,,0.0,Sumer,Holiday,Yes,6909686,1329
4226,13/02/2018,-1,12.0,58,1.8,1363,4.7,0.55,,0.1,Wintr,Holiday,No,8093128,1466
4227,27/05/2018,18,23.0,36,2.8,1904,7.1,0.85,0.0,0.0,Spriing,No Holiday,Yes,12854144,2376
4228,24/12/2017,19,1.1,68,4.4,695,-4.1,0.0,0.0,0.0,Wonter,Holiday,Yes,1122793,135
4229,29/08/2018,17,24.6,93,0.9,1451,23.3,0.0,1.5,0.0,Sumer,No Holiday,Yes,1531029,144
4230,25/02/2018,7,-1.0,47,0.9,1552,-10.9,0.0,0.0,0.0,Winteer,No Holiday,Yes,1107926,84
4231,25/03/2018,19,12.6,59,2.5,384,4.7,0.08,0.0,0.0,Spriing,No Holiday,Yes,3679210,602
4232,1/3/2018,14,1.2,36,6.0,1430,-12.2,,0.0,0.0,Sproing,Holiday,Yes,2846818,406
4233,3/5/2018,11,14.7,45,3.0,1799,2.8,1.68,0.0,0.0,Sprng,No Holiday,Yes,4930755,803
4234,5/10/2018,0,19.0,64,1.9,2000,12.0,,0.0,0.0,Autmn,No Holiday,Yes,5207198,928
4235,26/05/2018,11,24.8,34,0.9,1439,7.8,2.92,0.0,0.0,Sproing,No Holiday,Yes,5942975,1102
4236,11/1/2018,4,-11.5,57,2.3,1899,-18.3,0.0,0.0,0.0,Winteer,No Holiday,Yes,333140,43
4237,29/07/2018,0,28.4,70,,1945,22.3,0.0,0.0,0.0,Summr,No Holiday,Yes,5510205,963
4238,30/08/2018,22,24.6,71,1.5,1319,18.9,0.0,0.0,0.0,Sumer,No Holiday,Yes,8149432,1575
4239,20/03/2018,9,5.7,38,3.9,1985,-7.5,0.98,0.0,0.0,Sprng,No Holiday,Yes,3689349,675
4240,24/09/2018,19,18.6,54,2.7,2000,9.0,,0.0,0.0,Autmn,Holiday,Yes,6866122,1245
4241,18/06/2018,13,29.4,42,1.7,689,15.1,3.1,0.0,0.0,Summmer,No Holiday,Yes,4826997,936
4242,30/03/2018,22,12.7,76,1.5,521,8.5,,0.0,0.0,Sprng,No Holiday,Yes,5671433,942
4243,15/05/2018,17,28.5,43,1.7,1404,14.6,1.06,0.0,0.0,Spring,No Holiday,Yes,11095544,2064
4244,21/02/2018,6,-4.0,34,3.4,2000,-17.5,0.0,0.0,0.0,Wonter,No Holiday,Yes,972676,157
4245,29/07/2018,4,27.0,74,0.8,1816,21.9,0.0,0.0,0.0,Summer,No Holiday,Yes,1730470,259
4246,7/12/2017,-5,13.5,59,1.7,1388,4.7,0.63,0.2,0.1,Summmer,No Holiday,No,2701279,475
4247,17/11/2018,6,1.0,77,,1259,-2.5,0.0,0.0,0.0,Auttumn,No Holiday,Yes,1465194,132
4248,11/8/2018,3,27.9,69,0.8,2000,21.6,0.0,0.0,0.0,Summer,No Holiday,Yes,3107521,449
4249,26/05/2018,21,21.7,58,1.3,1173,13.0,0.0,0.0,0.0,Sproing,No Holiday,Yes,9841777,1890
4250,7/5/2018,-5,12.4,58,1.6,1411,4.0,0.45,0.1,0.1,Autmn,No Holiday,No,3999744,657
4251,28/01/2018,0,-7.5,36,2.3,1972,-20.0,0.0,0.0,0.0,Winter,No Holiday,Yes,789512,94
4252,30/08/2018,8,,96,1.0,883,23.9,0.19,0.0,0.0,Summmer,No Holiday,Yes,7433506,1365
4253,24/10/2018,20,13.1,63,0.4,2000,6.2,,0.0,0.0,Autmn,No Holiday,Yes,8982770,1613
4254,12/2/2018,-1,13.3,59,1.8,1448,3.8,0.52,0.2,0.1,Autmn,Holiday,No,13643055,2622
4255,15/03/2018,19,10.4,98,2.0,391,10.0,0.0,0.0,0.0,Sprng,No Holiday,Yes,3399484,633
4256,15/10/2018,7,11.5,81,0.8,960,8.3,0.0,0.0,0.0,Autumn,No Holiday,Yes,7454645,1308
4257,21/08/2018,15,29.5,57,2.0,2000,20.0,,0.0,0.0,Summer,No Holiday,Yes,5881613,990
4258,15/08/2018,7,28.6,71,0.6,1797,22.8,,0.0,0.0,Summer,Holiday,Yes,2407972,394
4259,3/5/2018,7,8.4,83,1.4,1400,5.6,0.31,0.0,0.0,Spring,No Holiday,Yes,6377972,1195
4260,10/10/2018,-4,12.9,58,1.8,1457,3.8,0.66,0.2,0.1,Summer,No Holiday,Yes,1901155,281
4261,13/06/2018,16,25.8,50,1.7,1152,14.5,,0.0,0.0,Summer,No Holiday,Yes,13247693,2532
4262,13/10/2018,20,13.8,52,1.6,1088,4.0,0.0,0.0,0.0,Autumn,No Holiday,Yes,7533416,1337
4263,27/12/2017,18,-5.2,32,2.2,2000,-19.3,0.0,0.0,0.0,Wonter,No Holiday,Yes,3191131,505
4264,6/8/2018,0,28.7,79,2.2,1473,24.6,0.0,0.0,0.0,Summmer,No Holiday,Yes,4130101,758
4265,10/6/2018,11,,56,1.5,1989,12.1,1.18,0.0,0.0,Summer,No Holiday,Yes,6234841,1140
4266,12/10/2018,17,16.3,39,1.7,1969,2.3,0.8,0.0,0.0,Autumn,No Holiday,Yes,10442407,2003
4267,25/10/2018,-8,12.2,58,,1404,6.4,0.54,0.2,0.1,Sumer,No Holiday,No,8110378,1542
4268,12/1/2018,18,-7.5,28,2.0,2000,-22.9,0.02,0.0,0.0,Winter,No Holiday,Yes,2602292,413
4269,30/05/2018,8,19.3,83,0.6,394,16.3,0.23,0.0,0.0,Sprng,No Holiday,Yes,10522256,2001
4270,24/03/2018,17,11.1,66,4.2,367,4.9,,0.0,0.0,Spriing,No Holiday,Yes,5587564,933
4271,19/11/2018,12,10.3,38,1.2,1130,-3.4,1.08,0.0,0.0,Auttumn,No Holiday,Yes,5011271,814
4272,26/11/2018,7,1.7,89,1.3,295,0.0,0.0,0.0,0.3,Autum,No Holiday,Yes,4365673,850
4273,28/03/2018,8,10.3,77,0.7,341,6.4,0.37,0.0,0.0,Sproing,No Holiday,Yes,7234566,1304
4274,31/08/2018,8,23.1,80,0.2,1066,19.4,0.27,0.1,0.0,Summr,No Holiday,Yes,9345894,1684
4275,19/08/2018,15,33.8,31,1.6,2000,14.3,2.45,0.0,0.0,Summer,No Holiday,Yes,6667528,1147
4276,2/6/2018,11,27.3,35,2.3,1537,10.4,2.98,0.0,0.0,Sumer,No Holiday,Yes,6437154,1168
4277,2/10/2018,11,18.3,44,3.0,1878,5.8,2.35,0.0,0.0,Autmn,No Holiday,No,455750,0
4278,1/11/2018,-5,12.4,57,1.7,1448,3.9,0.53,0.2,0.0,Wintr,No Holiday,Yes,1829532,176
4279,17/05/2018,7,19.1,98,0.3,125,18.7,0.0,0.0,0.0,Spring,No Holiday,Yes,592262,77
4280,13/02/2018,-9,13.1,58,1.8,1364,4.2,0.61,0.2,0.1,Wintr,Holiday,No,8173796,1453
4281,22/02/2018,0,-2.7,58,1.7,2000,-9.8,,0.0,0.0,Wintr,No Holiday,Yes,1591366,189
4282,8/6/2018,9,21.2,62,1.7,1384,13.6,1.45,0.0,0.0,Summr,No Holiday,Yes,6823874,1318
4283,12/9/2018,21,23.2,57,1.1,2000,14.2,0.0,0.0,0.0,Autum,No Holiday,Yes,10673562,1962
4284,12/5/2018,18,15.4,97,,340,14.9,0.03,2.0,0.0,Sprng,No Holiday,Yes,748322,21
4285,14/02/2018,11,6.3,67,3.5,1179,0.6,0.52,0.0,0.0,Winteer,No Holiday,Yes,2164544,306
4286,4/1/2018,16,-1.4,34,1.8,1719,-15.2,0.3,0.0,0.0,Wintr,No Holiday,Yes,1795865,311
4287,6/7/2018,6,22.4,65,1.6,2000,15.4,0.01,0.0,0.0,Summmer,No Holiday,Yes,4079777,730
4288,24/04/2018,18,14.1,43,1.6,2000,1.6,0.36,0.0,0.0,Spriing,No Holiday,Yes,12006821,2352
4289,11/1/2018,21,-12.4,51,,1992,-20.4,0.0,0.0,0.0,Wintr,No Holiday,Yes,1187004,153
4290,8/4/2018,14,7.9,27,1.0,1985,-9.9,0.75,0.0,0.0,Sproing,No Holiday,Yes,4624071,791
4291,23/04/2018,13,9.3,95,2.3,419,8.5,0.4,2.5,0.0,Spring,No Holiday,Yes,491643,10
4292,28/07/2018,1,29.1,79,1.3,975,25.0,0.0,0.0,0.0,Summmer,No Holiday,Yes,4994152,901
4293,5/8/2018,-2,,58,1.7,1462,3.6,0.58,0.2,0.1,Summr,No Holiday,No,1244107,164
4294,8/3/2018,23,2.8,73,1.8,468,-1.5,0.0,0.0,0.0,Sprng,No Holiday,Yes,2047384,319
4295,14/06/2018,10,19.7,94,1.1,497,18.7,0.61,1.0,0.0,Summr,No Holiday,Yes,3135232,515
4296,4/7/2018,18,30.0,60,2.5,1933,21.3,0.99,0.0,0.0,Summr,No Holiday,Yes,16085474,3172
4297,26/08/2018,2,22.1,84,0.6,2000,19.2,0.0,0.0,0.0,Summer,No Holiday,Yes,3436601,596
4298,21/04/2018,23,16.0,33,0.5,1996,-0.2,0.0,0.0,0.0,Spriing,No Holiday,Yes,5356303,975
4299,10/11/2018,9,10.1,77,0.0,350,6.2,0.45,,0.0,Autumn,No Holiday,Yes,4101708,656
4300,10/6/2018,14,24.1,51,1.1,2000,13.3,,0.0,0.0,Summer,No Holiday,Yes,10694270,2050
4301,14/10/2018,-8,12.8,57,1.8,1448,4.0,,0.2,0.1,Wonter,Holiday,Yes,3298223,560
4302,23/05/2018,22,14.8,59,1.0,1740,6.8,0.0,0.0,0.0,Spring,No Holiday,Yes,8870489,1622
4303,20/03/2018,14,7.3,38,3.4,1997,-6.1,1.6,0.0,0.0,Spriing,No Holiday,Yes,3434547,499
4304,9/8/2018,23,27.3,81,0.0,1287,23.7,0.0,0.0,0.0,Sumer,No Holiday,Yes,6515944,1113
4305,27/11/2018,-6,12.6,57,1.7,1457,3.0,0.6,0.2,0.1,Wintr,Holiday,No,6262509,1232
4306,5/1/2018,9,-4.7,49,1.2,1550,-13.8,0.12,0.0,0.0,Winteer,No Holiday,Yes,2694828,395
4307,19/01/2018,12,4.3,28,1.5,1858,-12.6,0.98,0.0,0.0,Wintr,No Holiday,Yes,2493745,336
4308,7/3/2018,5,2.5,63,1.3,1987,-3.8,0.0,0.0,0.0,Spriing,No Holiday,Yes,649071,100
4309,15/11/2018,15,16.1,30,1.0,1125,-1.5,1.06,0.0,0.0,Autmn,No Holiday,Yes,5306011,1034
4310,16/07/2018,-2,13.0,58,1.8,1445,3.4,0.6,0.2,0.1,Wonter,Holiday,Yes,5022550,807
4311,24/09/2018,15,21.8,32,3.3,2000,4.3,2.42,0.0,0.0,Auttumn,Holiday,Yes,7307883,1263
4312,15/02/2018,11,0.1,22,2.0,2000,-19.1,1.84,0.0,0.0,Winter,Holiday,Yes,1377058,165
4313,25/11/2018,19,6.3,73,1.1,524,1.8,0.0,0.0,0.4,Autumn,No Holiday,Yes,3515309,640
4314,14/08/2018,1,28.9,71,1.2,1982,23.1,0.0,0.0,0.0,Summer,No Holiday,Yes,4058127,673
4315,1/4/2018,3,11.9,71,0.7,853,6.7,0.0,0.0,0.0,Sprng,No Holiday,Yes,1639948,199
4316,19/05/2018,5,10.4,71,,2000,5.3,0.0,0.0,0.0,Spriing,No Holiday,Yes,1611154,194
4317,16/08/2018,16,34.5,37,,2000,17.6,2.36,0.0,0.0,Summr,No Holiday,Yes,5410996,922
4318,3/10/2018,21,17.6,59,1.6,2000,9.4,0.0,0.0,0.0,Autum,Holiday,Yes,8585108,1688
4319,3/8/2018,16,36.7,44,3.5,1666,22.4,2.16,0.0,0.0,Summer,No Holiday,Yes,4419087,739
4320,25/01/2018,-1,12.6,58,1.7,1447,4.5,0.54,0.1,0.1,Spring,No Holiday,Yes,2229926,368
4321,11/8/2018,6,26.5,69,0.8,2000,20.3,0.0,0.0,0.0,Summmer,No Holiday,Yes,2137791,371
4322,25/11/2018,2,2.8,86,0.8,402,0.6,,,2.9,Autmn,No Holiday,Yes,1706942,296
4323,7/8/2018,14,34.0,50,1.2,1744,22.1,1.68,0.0,0.0,Summer,No Holiday,Yes,3726792,665
4324,25/01/2018,7,-16.2,33,2.2,2000,-28.7,0.0,0.0,0.7,Wonter,No Holiday,Yes,1049493,170
4325,10/1/2018,1,-5.6,75,1.7,1982,-9.3,0.0,0.0,0.8,Wonter,No Holiday,Yes,574033,80
4326,22/10/2018,1,10.7,57,0.9,1828,2.5,0.0,0.0,0.0,Autmn,No Holiday,Yes,2742912,394
4327,14/08/2018,2,28.6,70,1.5,2000,22.5,0.0,0.0,0.0,Summer,No Holiday,Yes,3279952,470
4328,12/4/2018,13,18.1,18,5.1,1939,-6.6,3.2,0.0,0.0,Spriing,No Holiday,Yes,6016395,1087
4329,13/01/2018,5,-6.3,51,0.8,2000,-14.8,0.0,0.0,0.0,Winter,No Holiday,Yes,618834,42
4330,21/07/2018,23,28.8,56,1.6,2000,19.1,0.0,0.0,0.0,Summr,No Holiday,Yes,6459321,1256
4331,28/03/2018,2,11.5,75,1.9,399,7.2,0.0,0.0,0.0,Spring,No Holiday,Yes,1304660,219
4332,13/06/2018,23,21.5,62,0.1,1827,13.9,0.0,0.0,0.0,Summr,No Holiday,Yes,7447458,1422
4333,26/07/2018,7,27.7,75,1.2,1103,22.8,0.1,0.0,0.0,Summer,No Holiday,Yes,6271561,1200
4334,23/02/2018,14,7.8,57,2.1,277,-0.2,1.39,0.0,0.0,Winteer,No Holiday,Yes,2458246,318
4335,6/4/2018,2,7.3,96,1.0,337,6.6,0.0,1.5,0.0,Sproing,No Holiday,Yes,595431,31
4336,4/8/2018,17,34.3,48,3.4,2000,21.7,1.82,0.0,0.0,Summr,No Holiday,Yes,5539540,933
4337,8/11/2018,23,11.5,96,3.0,691,10.8,0.0,0.0,0.0,Autmn,No Holiday,Yes,720126,19
4338,17/02/2018,-9,13.0,57,1.7,1445,4.6,0.55,,0.1,Autum,Holiday,No,3323045,545
4339,6/12/2017,8,-4.2,78,0.0,1518,-7.4,,,0.2,Wonter,No Holiday,Yes,4600383,819
4340,28/06/2018,7,22.7,81,0.4,866,19.2,0.4,0.0,0.0,Summmer,No Holiday,Yes,7345984,1404
4341,9/7/2018,14,20.2,89,1.0,1854,18.3,0.27,0.5,0.0,Summmer,No Holiday,Yes,1425159,103
4342,17/12/2017,0,-8.1,41,2.0,2000,-19.0,0.0,0.0,0.0,Winteer,No Holiday,Yes,1113733,158
4343,25/12/2017,19,-1.8,41,2.1,2000,-13.3,0.0,0.0,0.0,Wonter,Holiday,Yes,1722324,177
4344,13/02/2018,23,2.4,59,3.2,2000,-4.8,0.0,0.0,0.0,Wonter,No Holiday,Yes,1837371,197
4345,25/09/2018,23,17.4,49,1.2,2000,6.5,0.0,0.0,0.0,Autum,Holiday,Yes,6027693,1041
4346,24/11/2018,23,2.8,86,1.2,476,0.6,0.0,0.0,3.0,Autmn,No Holiday,Yes,2312145,436
4347,12/4/2018,11,16.2,30,2.4,1700,-1.4,2.68,0.0,0.0,Spring,No Holiday,Yes,4831859,815
4348,27/08/2018,15,24.4,87,1.5,1153,22.0,1.44,0.0,0.0,Summr,No Holiday,Yes,2949999,544
4349,26/02/2018,17,8.7,30,3.1,1117,-7.9,0.96,0.0,0.0,Winter,No Holiday,Yes,3764231,625
4350,14/12/2017,19,-4.2,40,0.9,1216,-15.8,0.0,,0.0,Wintr,No Holiday,Yes,2401740,425
4351,23/09/2018,6,16.5,73,1.2,2000,11.6,0.0,0.0,0.0,Autumn,Holiday,Yes,964039,136
4352,17/07/2018,-1,12.3,58,1.7,1410,3.3,0.58,0.1,0.1,Wintr,Holiday,Yes,3010284,489
4353,15/02/2018,2,-1.2,35,2.2,2000,-14.7,0.0,0.0,0.0,Wintr,Holiday,Yes,734824,97
4354,5/2/2018,4,-11.7,51,1.2,2000,-19.8,0.0,0.0,0.0,Wintr,No Holiday,Yes,272503,22
4355,4/9/2018,12,25.8,57,2.8,2000,16.6,3.02,0.0,0.0,Autmn,No Holiday,Yes,5489653,1027
4356,11/11/2018,3,,85,0.7,329,4.7,0.0,0.0,0.0,Autumn,No Holiday,Yes,1895322,276
4357,31/01/2018,8,-3.6,83,1.7,915,-6.0,0.0,0.0,3.5,Wonter,No Holiday,Yes,1684437,294
4358,14/07/2018,20,29.2,63,1.7,1988,21.4,,0.0,0.0,Summer,No Holiday,Yes,10207567,2018
4359,31/07/2018,20,33.5,50,2.1,2000,21.6,,0.0,0.0,Sumer,No Holiday,Yes,9676330,1785
4360,13/05/2018,4,13.8,98,2.9,27,13.4,0.0,0.0,0.0,Sprng,No Holiday,Yes,710066,91
4361,18/08/2018,11,28.4,35,1.6,2000,11.4,2.82,0.0,0.0,Summer,No Holiday,Yes,4950259,825
4362,30/11/2018,12,6.6,35,,1409,-7.8,1.7,0.0,0.0,Autumn,No Holiday,Yes,4129995,737
4363,12/12/2017,3,-11.6,50,2.2,1995,-19.9,0.0,,0.0,Wonter,No Holiday,Yes,939508,54
4364,7/3/2018,-10,12.7,59,1.6,1433,5.0,0.56,0.2,0.0,Winteer,Holiday,Yes,6016395,1087
4365,18/07/2018,10,28.9,61,1.5,941,20.6,2.04,0.0,0.0,Summer,No Holiday,Yes,4516658,723
4366,20/07/2018,10,29.8,59,1.2,973,20.9,2.32,0.0,0.0,Summer,No Holiday,Yes,4171946,647
4367,2/9/2018,15,29.3,43,1.5,1958,15.4,2.4,0.0,0.0,Auttumn,No Holiday,Yes,8451438,1520
4368,26/07/2018,4,27.7,75,1.0,1360,22.8,0.0,0.0,0.0,Sumer,No Holiday,Yes,1679399,239
4369,21/05/2018,22,16.9,65,0.3,1281,10.2,0.0,0.0,0.0,Sproing,No Holiday,Yes,9834437,1859
4370,27/12/2017,12,-5.5,21,2.1,1941,-24.4,1.08,0.0,0.0,Wonter,No Holiday,Yes,1729202,278
4371,20/06/2018,23,20.1,82,3.6,494,16.9,0.0,0.0,0.0,Sumer,No Holiday,Yes,7425031,1390
4372,10/5/2018,21,12.6,85,2.4,460,10.1,0.0,0.0,0.0,Sprng,No Holiday,No,759405,0
4373,6/12/2017,20,1.2,94,0.6,228,0.3,0.0,0.0,1.0,Winteer,No Holiday,Yes,1324160,180
4374,12/6/2018,12,24.0,51,1.8,2000,13.2,2.29,0.0,0.0,Summmer,No Holiday,Yes,6741889,1214
4375,28/07/2018,5,28.1,84,0.5,754,25.1,0.0,0.0,0.0,Sumer,No Holiday,Yes,1611822,244
4376,20/07/2018,0,26.7,80,1.4,1465,22.9,,0.0,0.0,Summr,No Holiday,Yes,5789788,1053
4377,27/03/2018,9,11.6,51,0.8,498,1.7,0.84,0.0,0.0,Spring,No Holiday,Yes,3705131,667
4378,7/5/2018,18,25.1,32,2.4,1899,7.2,1.1,0.0,0.0,Sproing,No Holiday,Yes,12244250,2371
4379,12/6/2018,11,22.9,54,2.6,1959,13.0,2.56,0.0,0.0,Summmer,No Holiday,Yes,6184455,1092
4380,29/12/2017,11,3.1,62,1.1,517,-3.4,0.29,0.0,0.0,Winter,No Holiday,Yes,1904513,304
4381,23/05/2018,8,14.6,70,3.1,2000,9.1,1.28,0.0,0.0,Spriing,No Holiday,Yes,10727867,2113
4382,15/11/2018,0,7.7,67,0.4,1102,1.9,0.0,0.0,0.0,Autmn,No Holiday,Yes,3914602,592
4383,1/2/2018,-9,13.4,57,1.6,1402,4.0,0.55,0.2,0.1,Summr,Holiday,Yes,3438229,658
4384,14/01/2018,11,-0.5,64,0.7,537,-6.4,0.49,0.0,0.0,Winter,No Holiday,Yes,1394544,200
4385,1/10/2018,5,13.7,57,1.8,1999,5.3,0.0,0.0,0.0,Auttumn,No Holiday,Yes,1574923,254
4386,29/01/2018,-8,12.5,60,1.8,1497,4.1,0.57,0.1,0.0,Winteer,No Holiday,Yes,9592984,1771
4387,17/07/2018,19,30.6,57,1.4,1529,21.1,0.58,,0.0,Summer,No Holiday,Yes,11655967,2308
4388,28/01/2018,21,-7.3,34,3.5,2000,-20.5,,0.0,0.0,Wonter,No Holiday,Yes,1149877,92
4389,15/09/2018,2,21.7,78,1.0,2000,17.6,0.0,,0.0,Autmn,No Holiday,Yes,3099325,591
4390,1/8/2018,4,28.5,69,0.3,2000,22.2,,0.0,0.0,Summr,No Holiday,Yes,1985316,234
4391,8/10/2018,20,15.5,45,2.2,2000,3.6,0.0,0.0,0.0,Autmn,No Holiday,Yes,9352724,1806
4392,6/8/2018,19,32.2,65,0.8,1894,24.7,0.1,0.0,0.0,Summer,No Holiday,Yes,8776003,1570
4393,21/01/2018,19,1.3,25,1.3,2000,-16.6,0.0,0.0,0.0,Winteer,No Holiday,Yes,1851059,233
4394,1/7/2018,14,21.5,97,0.7,1522,20.9,0.29,1.0,0.0,Summr,No Holiday,Yes,629805,18
4395,18/10/2018,8,8.5,77,0.5,1995,4.6,,0.0,0.0,Autumn,No Holiday,Yes,11767513,2156
4396,5/9/2018,23,23.0,83,1.8,1469,19.9,0.0,0.0,0.0,Autumn,No Holiday,Yes,7009769,1226
4397,25/01/2018,4,-15.9,37,2.4,1985,-27.2,,0.0,0.7,Winteer,No Holiday,Yes,924873,12
4398,17/07/2018,16,32.0,51,2.4,1402,20.5,2.55,0.0,0.0,Summr,No Holiday,Yes,5057098,981
4399,8/11/2018,18,12.9,97,0.0,406,12.4,0.0,9.0,0.0,Autum,No Holiday,Yes,448515,48
4400,5/11/2018,9,8.9,67,1.1,578,3.0,,0.0,0.0,Auttumn,No Holiday,Yes,5851251,1020
4401,4/1/2018,21,-3.1,41,2.0,1742,-14.5,0.0,0.0,0.0,Winter,No Holiday,Yes,2535303,321
4402,26/02/2018,23,2.8,39,0.7,1065,-9.8,0.0,0.0,0.0,Winteer,No Holiday,Yes,2423571,294
4403,1/12/2017,1,,38,0.8,2000,-17.6,0.0,0.0,0.0,Winter,No Holiday,Yes,1522460,227
4404,25/08/2018,20,24.6,65,2.9,2000,17.5,0.0,0.0,0.0,Summer,No Holiday,Yes,10766042,2044
4405,17/04/2018,0,9.6,31,0.8,2000,-6.7,0.0,0.0,0.0,Spriing,No Holiday,Yes,3416327,496
4406,11/8/2018,11,31.5,54,2.5,1918,21.0,,0.0,0.0,Summer,No Holiday,Yes,4416106,742
4407,20/04/2018,10,18.2,36,1.0,620,2.8,1.99,,0.0,Spring,No Holiday,Yes,3779341,735
4408,22/08/2018,9,28.0,56,1.5,1982,18.3,1.57,0.0,0.0,Summmer,No Holiday,Yes,6036949,1068
4409,4/5/2018,3,9.6,66,0.9,1685,3.5,0.0,0.0,0.0,Spring,No Holiday,Yes,1955149,227
4410,20/08/2018,8,26.6,54,1.1,1739,16.5,0.75,0.0,0.0,Summr,No Holiday,Yes,9900758,1955
4411,4/10/2018,7,13.2,75,0.8,1780,8.8,,0.0,0.0,Autmn,No Holiday,No,327377,0
4412,25/08/2018,1,23.0,82,2.1,1922,19.7,0.0,0.0,0.0,Summer,No Holiday,Yes,5263274,915
4413,30/06/2018,2,22.2,88,1.0,295,20.1,0.0,0.0,0.0,Summr,No Holiday,Yes,5140454,944
4414,13/09/2018,-10,13.9,58,1.7,1411,3.2,0.55,0.3,0.1,Wintr,Holiday,Yes,1233509,207
4415,4/9/2018,10,23.1,73,3.1,2000,17.9,2.24,0.0,0.0,Autmn,No Holiday,Yes,4807550,875
4416,3/11/2018,12,16.5,37,1.8,1060,1.7,2.14,0.0,0.0,Autum,No Holiday,No,878633,0
4417,13/07/2018,2,24.9,86,1.3,1469,22.3,,0.0,0.0,Sumer,No Holiday,Yes,3902082,611
4418,22/04/2018,15,19.6,44,2.4,1885,7.0,0.47,0.2,0.0,Sprng,No Holiday,Yes,1708222,237
4419,21/10/2018,10,13.4,46,0.8,1718,1.9,1.61,0.0,0.0,Autmn,No Holiday,Yes,5490272,951
4420,14/12/2017,7,-10.9,57,1.1,1387,-17.7,0.0,0.0,0.0,Winteer,No Holiday,Yes,1524528,260
4421,4/2/2018,10,-11.2,43,3.5,1359,-21.3,1.04,0.0,0.0,Winter,No Holiday,Yes,1456963,100
4422,14/12/2017,9,-9.4,44,0.5,1680,-19.4,0.13,,0.0,Wintr,No Holiday,Yes,1819266,312
4423,4/11/2018,7,5.8,79,1.0,862,2.4,0.0,0.0,0.0,Autumn,No Holiday,Yes,1677972,265
4424,8/5/2018,3,15.6,63,1.7,2000,8.5,0.0,0.0,0.0,Sprng,No Holiday,Yes,1186578,173
4425,1/8/2018,6,27.8,73,0.9,1971,22.5,0.01,0.0,0.0,Summr,No Holiday,Yes,3579603,643
4426,3/4/2018,17,19.7,57,2.6,1302,10.9,0.54,0.0,0.0,Sprng,No Holiday,Yes,8304028,1529
4427,2/5/2018,12,17.3,95,0.7,155,16.4,0.16,3.5,0.0,Spriing,No Holiday,Yes,643520,78
4428,6/10/2018,20,19.4,67,0.8,2000,13.1,0.0,0.0,0.0,Auttumn,No Holiday,Yes,7981830,1574
4429,17/06/2018,16,26.6,51,2.2,809,15.6,1.27,0.0,0.0,Summr,No Holiday,Yes,11642357,2218
4430,29/11/2018,2,2.1,28,0.4,1981,-14.5,0.0,0.0,0.0,Autumn,No Holiday,Yes,2039178,295
4431,27/03/2018,12,16.7,47,2.4,620,5.3,1.76,0.0,0.0,Sprng,No Holiday,Yes,3863132,656
4432,20/02/2018,15,5.4,18,3.7,1940,-17.0,1.82,0.0,0.0,Wintr,No Holiday,Yes,2527340,410
4433,5/10/2018,-2,13.4,58,1.7,1447,3.7,0.53,0.1,0.1,Winteer,Holiday,No,5388949,1043
4434,19/08/2018,2,24.5,59,0.3,2000,15.9,0.0,0.0,0.0,Sumer,No Holiday,Yes,3259854,623
4435,27/03/2018,19,15.0,67,2.6,452,8.9,0.07,0.0,0.0,Sprng,No Holiday,Yes,5526997,1051
4436,10/12/2017,17,3.6,65,4.3,1061,-2.3,0.03,0.0,0.4,Wonter,No Holiday,Yes,1635432,211
4437,13/11/2018,4,4.9,63,0.0,1397,-1.5,0.0,0.0,0.0,Autumn,No Holiday,Yes,1388076,160
4438,6/7/2018,19,25.0,52,2.2,2000,14.4,0.37,0.0,0.0,Summr,No Holiday,Yes,13953406,2655
4439,18/11/2018,0,3.6,49,0.8,1990,-6.1,0.0,,0.0,Auttumn,No Holiday,Yes,3802567,638
4440,22/12/2017,16,6.0,58,0.7,732,-1.6,0.19,0.0,0.0,Wintr,Holiday,Yes,2800929,416
4441,19/12/2017,23,-5.8,57,1.7,2000,-12.9,0.0,0.0,2.0,Winteer,No Holiday,Yes,1356951,161
4442,25/07/2018,0,28.9,66,2.2,2000,21.9,0.0,0.0,0.0,Sumer,No Holiday,Yes,5517806,948
4443,19/09/2018,1,20.5,64,0.4,2000,13.4,0.0,0.0,0.0,Autumn,No Holiday,No,425998,0
4444,15/07/2018,23,27.0,78,1.6,1609,22.8,0.0,0.0,0.0,Summr,No Holiday,Yes,6255407,1155
4445,7/7/2018,23,21.7,51,1.7,2000,11.1,0.0,0.0,0.0,Sumer,No Holiday,Yes,7534497,1421
4446,20/08/2018,21,29.3,63,3.1,1677,21.5,,0.0,0.0,Sumer,No Holiday,Yes,10352312,1996
4447,1/1/2018,19,-0.1,39,1.3,1911,-12.4,0.0,,0.0,Wonter,Holiday,Yes,1374564,125
4448,16/01/2018,-7,13.4,59,1.7,1414,4.5,0.6,0.2,0.1,Spring,Holiday,Yes,374571,22
4449,27/11/2018,17,11.1,72,2.3,277,6.2,0.12,0.0,0.0,Auttumn,No Holiday,Yes,5535153,1065
4450,28/11/2018,6,2.6,33,1.5,1185,-12.0,0.0,0.0,0.0,Autum,No Holiday,Yes,1989682,282
4451,9/3/2018,6,2.5,71,1.1,1055,-2.2,0.0,0.0,0.0,Sproing,No Holiday,Yes,1713770,197
4452,25/06/2018,16,32.2,39,2.8,928,16.4,1.74,0.0,0.0,Summmer,No Holiday,Yes,7716759,1496
4453,3/9/2018,16,25.5,91,1.3,403,23.9,,3.5,0.0,Auttumn,No Holiday,Yes,873490,41
4454,25/06/2018,17,31.5,42,2.3,990,17.0,1.36,0.0,0.0,Sumer,No Holiday,Yes,10743343,1962
4455,14/03/2018,22,,71,2.0,1780,10.9,0.0,0.0,0.0,Sproing,No Holiday,Yes,5862469,1034
4456,12/3/2018,19,10.6,47,2.0,425,-0.2,0.03,0.0,0.0,Sproing,No Holiday,Yes,4846615,942
4457,8/6/2018,8,19.7,69,,1448,13.8,0.54,0.0,0.0,Summr,No Holiday,Yes,12429999,2435
4458,17/06/2018,16,26.6,51,2.2,809,15.6,1.27,0.0,0.0,Summr,No Holiday,Yes,11642357,2218
4459,22/12/2017,20,5.9,67,1.3,779,0.2,,0.0,0.0,Winter,Holiday,Yes,2131081,339
4460,16/01/2018,10,2.7,60,0.5,392,-4.3,0.18,0.0,0.0,Wintr,No Holiday,Yes,1698622,220
4461,28/06/2018,5,22.1,93,0.4,333,20.9,0.0,0.0,0.0,Summer,No Holiday,Yes,1870171,284
4462,19/08/2018,7,23.3,64,1.0,2000,16.0,0.1,0.0,0.0,Summr,No Holiday,Yes,2035987,379
4463,2/3/2018,20,1.2,35,2.5,1977,-12.6,0.0,0.0,0.0,Spring,No Holiday,Yes,2428118,456
4464,1/1/2018,0,-3.2,40,0.5,1358,-14.9,0.0,0.0,0.0,Wonter,Holiday,Yes,1946344,206
4465,22/09/2018,9,,78,1.3,740,15.7,,0.0,0.0,Autmn,No Holiday,Yes,4870041,803
4466,22/08/2018,18,35.4,40,1.0,2000,19.7,0.34,0.0,0.0,Summr,No Holiday,Yes,13289402,2488
4467,4/10/2018,-7,12.3,58,1.8,1392,4.6,0.58,0.2,0.1,Sprng,No Holiday,Yes,8545554,1620
4468,16/08/2018,2,28.1,68,0.8,2000,21.6,0.0,0.0,0.0,Summmer,No Holiday,Yes,2111205,387
4469,21/11/2018,20,5.1,43,0.7,1928,-6.4,0.0,0.0,0.0,Autum,No Holiday,Yes,5553996,948
4470,29/08/2018,23,24.2,94,0.9,1808,23.1,0.0,1.0,0.0,Summmer,No Holiday,Yes,1049420,186
4471,18/02/2018,10,-1.8,23,0.6,2000,-20.2,0.8,0.0,0.0,Winteer,No Holiday,Yes,1075956,162
4472,24/06/2018,10,,60,1.5,570,16.6,2.33,0.0,0.0,Summr,No Holiday,Yes,4266669,804
4473,1/5/2018,2,18.2,85,0.8,355,15.6,,0.0,0.0,Spring,Holiday,Yes,3279542,528
4474,23/07/2018,-7,13.5,57,1.8,1434,4.2,0.61,0.2,0.1,Sprng,No Holiday,No,3644630,551
4475,30/11/2018,3,-0.1,69,0.9,1338,-5.1,0.0,0.0,0.0,Auttumn,No Holiday,Yes,1614826,212
4476,16/06/2018,20,25.0,60,2.4,1773,16.6,0.1,0.0,0.0,Sumer,No Holiday,Yes,13184355,2503
4477,6/12/2017,4,-3.4,75,0.0,1982,-7.2,0.0,0.0,0.4,Winter,No Holiday,Yes,713365,55
4478,23/10/2018,19,14.0,70,1.6,1265,8.6,0.0,0.0,0.0,Auttumn,No Holiday,Yes,8887368,1679
4479,7/5/2018,5,14.2,85,0.5,1412,11.7,0.0,0.0,0.0,Sprng,No Holiday,Yes,1645341,203
4480,6/1/2018,11,-1.6,35,2.1,1812,-15.1,0.87,,0.0,Wonter,No Holiday,Yes,1449653,250
4481,23/08/2018,6,28.3,55,1.5,2000,18.3,0.0,0.0,0.0,Sumer,No Holiday,Yes,3598597,544
4482,21/01/2018,22,-0.3,32,0.7,2000,-15.0,0.0,0.0,0.0,Winteer,No Holiday,Yes,1845080,196
4483,20/09/2018,22,18.4,85,2.1,1772,15.8,,0.0,0.0,Autumn,No Holiday,Yes,5520649,1037
4484,15/09/2018,4,21.2,83,0.6,2000,18.1,0.0,0.1,0.0,Autmn,No Holiday,Yes,1467571,216
4485,6/9/2018,4,21.6,87,0.4,951,19.3,0.0,0.0,0.0,Autum,No Holiday,Yes,1780860,233
4486,4/9/2018,23,21.7,60,0.5,2000,13.5,,0.0,0.0,Autumn,No Holiday,Yes,7074604,1239
4487,21/10/2018,-2,13.0,57,1.7,1428,3.4,0.58,0.1,0.1,Summer,No Holiday,No,2505652,382
4488,6/1/2018,5,-6.1,64,1.0,1231,-11.8,0.0,0.0,0.0,Wonter,No Holiday,Yes,1012803,49
4489,12/1/2018,-5,13.2,57,1.7,1488,3.1,0.54,0.1,0.1,Summr,Holiday,Yes,2229926,368
4490,2/2/2018,-2,13.7,59,,1429,2.8,0.54,0.2,0.1,Summr,Holiday,Yes,1609484,179
4491,3/1/2018,0,-4.3,38,1.4,2000,-16.5,0.0,0.0,0.0,Wintr,No Holiday,Yes,1472077,174
4492,8/12/2017,20,-3.3,34,1.5,2000,-16.9,0.0,0.0,0.0,Winteer,No Holiday,Yes,2356348,413
4493,24/07/2018,-7,12.4,57,1.9,1419,5.9,0.56,0.1,0.1,Autum,Holiday,No,1812107,241
4494,10/6/2018,5,18.4,70,,2000,12.8,0.0,0.0,0.0,Summer,No Holiday,Yes,1122779,154
4495,19/09/2018,10,22.9,59,1.1,1819,14.4,1.49,0.0,0.0,Autum,No Holiday,No,272390,0
4496,4/6/2018,9,23.3,37,0.4,1336,7.7,,0.0,0.0,Summer,No Holiday,Yes,7143173,1313
4497,6/9/2018,9,23.5,72,0.5,1485,18.1,0.95,0.0,0.0,Auttumn,No Holiday,Yes,6365684,1198
4498,18/03/2018,13,10.6,43,1.3,705,-1.4,1.07,0.0,0.0,Sproing,No Holiday,Yes,5097234,876
4499,17/05/2018,12,21.7,96,0.8,1773,21.0,0.81,1.5,0.0,Sproing,No Holiday,Yes,2931724,479
4500,9/1/2018,9,-6.0,61,2.5,1547,-12.3,0.13,0.0,0.6,Winteer,No Holiday,Yes,2041056,315
4501,4/6/2018,0,21.4,45,1.4,1964,8.9,0.0,0.0,0.0,Summer,No Holiday,Yes,4803514,939
4502,20/03/2018,21,2.3,40,3.3,2000,-9.9,0.0,0.0,0.0,Sproing,No Holiday,Yes,3159740,523
4503,21/04/2018,19,20.7,15,2.0,2000,-6.9,0.34,0.0,0.0,Spriing,No Holiday,Yes,9804741,1806
4504,19/05/2018,-7,13.2,59,1.8,1435,3.5,0.52,0.2,0.1,Summr,Holiday,No,4374402,828
4505,20/12/2017,20,-1.9,86,0.9,700,-3.9,0.0,0.0,2.4,Winteer,No Holiday,Yes,1395546,156
4506,20/04/2018,23,17.3,57,0.6,807,8.6,0.0,,0.0,Sprng,No Holiday,Yes,4852969,898
4507,30/01/2018,10,-7.5,42,0.9,1705,-18.2,0.55,0.0,0.0,Winter,No Holiday,Yes,1329705,181
4508,21/07/2018,-6,12.7,57,1.7,1513,5.4,0.65,0.1,0.1,Sprng,No Holiday,Yes,1974837,233
4509,11/1/2018,1,,55,2.9,1987,-17.9,0.0,,0.0,Wonter,No Holiday,Yes,1205672,92
4510,16/01/2018,7,1.1,69,,418,-3.9,0.0,0.0,0.0,Wonter,No Holiday,Yes,2600867,335
4511,12/6/2018,17,26.4,47,3.0,1976,14.1,1.76,0.0,0.0,Summer,No Holiday,Yes,12041748,2258
4512,7/1/2018,19,1.6,35,1.0,1419,-12.2,0.0,0.0,0.0,Winter,No Holiday,Yes,2009424,234
4513,26/05/2018,12,,31,1.2,1161,7.7,3.18,,0.0,Spriing,No Holiday,Yes,6739883,1279
4514,12/2/2018,2,-8.3,49,2.7,2000,-17.1,0.0,0.0,0.0,Wonter,No Holiday,Yes,584849,44
4515,14/03/2018,19,17.9,54,2.9,2000,8.4,0.04,0.0,0.0,Spring,No Holiday,Yes,8616962,1526
4516,23/09/2018,5,16.3,67,0.8,2000,10.1,0.0,0.0,0.0,Auttumn,Holiday,Yes,904414,107
4517,11/4/2018,-5,12.7,58,1.7,1402,4.2,0.58,0.1,0.1,Summmer,Holiday,Yes,10346762,2028
4518,28/05/2018,6,16.2,0,0.5,1588,9.3,,0.0,0.0,Sproing,No Holiday,Yes,3745566,643
4519,26/10/2018,23,10.2,64,3.9,2000,3.6,0.0,0.0,0.0,Autum,No Holiday,Yes,3877477,657
4520,9/12/2017,9,-4.7,48,1.0,1784,-14.0,0.23,0.0,0.0,Winteer,No Holiday,Yes,2285562,322
4521,20/03/2018,3,4.7,44,,2000,-6.5,0.0,0.0,0.0,Sproing,No Holiday,Yes,1451772,102
4522,23/12/2017,0,5.8,75,1.9,788,1.7,0.0,0.0,0.0,Winter,No Holiday,Yes,1839494,316
4523,12/11/2018,0,5.4,64,0.8,2000,-0.8,0.0,,0.0,Autumn,No Holiday,Yes,2577974,470
4524,26/07/2018,-2,13.4,56,1.7,1402,4.5,0.62,0.2,0.1,Summr,No Holiday,Yes,1577343,161
4525,9/4/2018,3,1.6,94,0.3,426,0.7,0.0,0.0,0.0,Spriing,No Holiday,Yes,762019,51
4526,16/03/2018,18,10.0,33,1.2,2000,-5.5,0.68,0.0,0.0,Sprng,No Holiday,Yes,9114265,1690
4527,4/11/2018,17,16.9,33,2.2,1972,0.5,,0.0,0.0,Autum,No Holiday,Yes,8762347,1626
4528,9/11/2018,19,11.9,71,2.7,589,6.7,0.0,0.0,0.0,Autumn,No Holiday,No,172865,0
4529,7/1/2018,2,-4.4,53,0.3,1594,-12.5,,0.0,0.0,Winteer,No Holiday,Yes,759767,123
4530,29/07/2018,21,31.1,47,1.3,2000,18.4,0.0,0.0,0.0,Summr,No Holiday,Yes,8898922,1610
4531,4/9/2018,4,20.4,97,2.7,704,19.9,0.0,0.0,0.0,Autumn,No Holiday,Yes,1772429,206
4532,29/08/2018,11,26.9,74,3.2,2000,21.8,0.45,0.0,0.0,Sumer,No Holiday,Yes,3562225,651
4533,5/6/2018,14,28.9,34,2.7,1328,11.4,,,0.0,Summr,No Holiday,Yes,5818672,1103
4534,24/07/2018,19,33.1,57,2.2,1670,23.4,0.44,0.0,0.0,Summmer,No Holiday,Yes,10407318,2008
4535,8/9/2018,7,16.0,70,1.1,2000,10.5,,0.0,0.0,Autumn,No Holiday,Yes,2889305,515
4536,14/09/2018,4,,76,1.0,2000,16.3,0.0,0.0,0.0,Autumn,No Holiday,Yes,1501426,221
4537,17/07/2018,20,28.9,64,1.7,1567,21.3,0.1,0.0,0.0,Summr,No Holiday,Yes,11843161,2193
4538,3/12/2017,20,5.2,87,1.4,253,3.2,0.0,0.0,0.0,Winter,No Holiday,Yes,2196805,416
4539,19/06/2018,22,20.8,71,2.1,800,15.3,,0.0,0.0,Summmer,No Holiday,Yes,11399421,2199
4540,16/10/2018,8,10.4,63,0.6,1367,3.6,0.19,0.0,0.0,Auttumn,No Holiday,Yes,11103192,2142
4541,10/8/2018,8,27.2,69,1.8,1999,21.0,0.7,0.0,0.0,Summmer,No Holiday,Yes,9558810,1785
4542,4/8/2018,16,34.5,49,4.0,1925,22.2,2.35,0.0,0.0,Sumer,No Holiday,Yes,4579719,772
4543,26/01/2018,9,-17.5,37,3.8,1941,-28.7,0.21,0.0,0.5,Wonter,No Holiday,Yes,1019623,144
4544,2/8/2018,8,31.6,50,1.1,1943,19.9,0.76,0.0,0.0,Summr,No Holiday,Yes,8545554,1620
4545,6/4/2018,15,6.8,50,4.1,660,-2.9,0.56,,0.0,Spriing,No Holiday,Yes,3298223,560
4546,21/07/2018,12,34.2,35,1.8,1528,16.5,3.14,0.0,0.0,Summr,No Holiday,Yes,4403161,706
4547,8/4/2018,15,7.3,38,0.8,2000,-6.1,,0.0,0.0,Sprng,No Holiday,Yes,2812850,363
4548,16/11/2018,7,6.6,64,0.5,701,0.2,0.0,0.0,0.0,Autum,No Holiday,Yes,5589118,1018
4549,29/03/2018,10,15.0,69,1.5,552,9.3,1.02,0.0,0.0,Sprng,No Holiday,Yes,2953700,470
4550,1/2/2018,5,-7.8,65,2.3,1737,-13.2,0.0,0.0,1.6,Winteer,No Holiday,Yes,730888,49
4551,12/11/2018,3,4.6,65,0.1,2000,-1.4,0.0,0.0,0.0,Auttumn,No Holiday,Yes,808907,132
4552,1/5/2018,7,18.0,82,0.7,264,14.8,0.11,,0.0,Spring,Holiday,Yes,3748702,592
4553,29/07/2018,4,27.0,74,0.8,1816,21.9,0.0,0.0,0.0,Summer,No Holiday,Yes,1730470,259
4554,18/06/2018,8,22.7,65,0.7,759,15.7,1.05,0.0,0.0,Sumer,No Holiday,Yes,12548432,2355
4555,25/10/2018,12,18.2,37,1.4,1861,3.2,2.25,0.0,0.0,Autmn,No Holiday,Yes,6099389,1185
4556,14/08/2018,13,35.7,38,2.4,1863,19.1,2.5,0.0,0.0,Summmer,No Holiday,Yes,4701670,749
4557,9/7/2018,16,20.2,91,1.2,1637,18.6,0.42,1.0,0.0,Summer,No Holiday,Yes,683530,81
4558,4/2/2018,2,-10.5,49,2.0,2000,-19.1,0.0,0.0,0.0,Winter,No Holiday,Yes,863063,67
4559,12/10/2018,-8,13.1,60,1.7,1424,4.3,0.52,0.2,0.1,Sumer,No Holiday,No,2334722,294
4560,20/06/2018,4,19.1,82,1.5,471,15.9,0.0,0.0,0.0,Summer,No Holiday,Yes,1979459,258
4561,29/05/2018,14,25.5,53,2.0,981,15.2,2.5,0.0,0.0,Spriing,No Holiday,Yes,6632385,1230
4562,27/07/2018,-1,13.8,59,1.8,1428,3.2,0.6,0.2,0.1,Autum,Holiday,No,5381556,934
4563,9/7/2018,7,20.9,66,1.4,2000,14.3,,,0.0,Summer,No Holiday,Yes,2941451,458
4564,2/5/2018,23,9.5,90,3.6,1017,7.9,0.0,1.0,0.0,Spring,No Holiday,Yes,2114860,333
4565,5/7/2018,22,24.4,67,1.6,2000,17.8,0.0,,0.0,Summmer,No Holiday,Yes,10026031,1885
4566,26/01/2018,12,-14.4,30,2.7,1906,-28.2,1.17,0.0,0.5,Wintr,No Holiday,Yes,1414785,114
4567,4/7/2018,16,31.6,57,2.7,1882,22.0,2.19,0.0,0.0,Summer,No Holiday,Yes,6620325,1280
4568,1/6/2018,-5,11.8,58,1.8,1444,4.8,0.59,0.2,0.1,Winter,Holiday,Yes,1613839,136
4569,15/02/2018,15,3.8,17,3.2,2000,-19.0,1.97,0.0,0.0,Wintr,Holiday,Yes,2273230,287
4570,26/11/2018,9,3.1,77,0.9,457,-0.5,0.4,0.0,0.2,Autum,No Holiday,Yes,4400225,818
4571,12/1/2018,13,-8.2,29,2.0,1920,-23.1,1.19,0.0,0.0,Winteer,No Holiday,Yes,1387237,187
4572,30/09/2018,17,20.4,31,3.2,2000,2.6,1.06,0.0,0.0,Autmn,No Holiday,No,470009,0
4573,27/11/2018,5,3.6,84,0.6,315,1.1,0.0,0.0,0.0,Autumn,No Holiday,Yes,1362840,131
4574,10/9/2018,9,22.3,52,1.9,2000,11.9,1.43,0.0,0.0,Autum,No Holiday,Yes,6088167,1196
4575,13/04/2018,2,9.7,23,1.4,2000,-10.4,0.0,0.0,0.0,Spriing,No Holiday,Yes,2131837,243
4576,1/11/2018,-10,14.0,58,1.7,1476,4.4,0.51,0.2,0.1,Sumer,No Holiday,Yes,11917536,2237
4577,7/1/2018,-8,12.5,57,1.8,1413,4.2,0.53,0.2,0.1,Spring,No Holiday,No,3904124,723
4578,24/05/2018,23,18.1,56,1.6,1095,9.1,0.0,0.0,0.0,Sproing,No Holiday,Yes,6212439,1127
4579,29/03/2018,11,16.1,63,,555,9.0,1.08,0.0,0.0,Spring,No Holiday,Yes,3304739,622
4580,24/09/2018,7,14.7,61,2.1,2000,7.2,0.02,0.0,0.0,Autum,Holiday,Yes,1286937,200
4581,22/07/2018,20,,50,2.3,1706,21.4,0.1,0.0,0.0,Summr,No Holiday,Yes,9385156,1687
4582,18/06/2018,11,27.3,45,2.4,846,14.3,2.84,0.0,0.0,Summmer,No Holiday,Yes,4737730,927
4583,12/6/2018,7,17.1,77,1.5,1748,13.0,0.49,0.0,0.0,Summer,No Holiday,Yes,8188865,1574
4584,4/3/2018,-10,12.3,57,1.7,1404,3.4,,0.1,0.1,Winter,No Holiday,No,4351420,680
4585,6/5/2018,13,16.4,94,,1947,15.4,,0.0,0.0,Sproing,No Holiday,Yes,1349075,218
4586,9/10/2018,20,17.0,49,1.4,2000,6.1,0.0,0.0,0.0,Autum,Holiday,No,295994,0
4587,4/3/2018,15,11.7,81,1.2,616,8.5,0.53,0.0,0.0,Spring,No Holiday,Yes,2878642,514
4588,25/05/2018,8,17.1,57,1.7,792,8.5,,0.0,0.0,Spring,No Holiday,Yes,10728363,2020
4589,3/1/2018,21,-4.3,47,2.8,1997,-13.9,0.0,0.0,0.0,Winter,No Holiday,Yes,2119563,308
4590,24/11/2018,22,2.7,85,1.1,580,0.4,0.0,0.0,3.2,Autumn,No Holiday,Yes,2684144,409
4591,15/07/2018,13,31.4,53,3.2,1695,20.6,3.28,0.0,0.0,Summmer,No Holiday,Yes,5035054,845
4592,27/09/2018,-6,13.9,59,1.8,1426,4.3,0.56,0.1,0.1,Autumn,No Holiday,No,2570371,402
4593,13/06/2018,14,26.6,50,2.4,1119,15.3,2.95,0.0,0.0,Summmer,No Holiday,Yes,11087044,2109
4594,11/1/2018,-9,12.2,56,1.7,1457,5.2,0.52,0.2,0.1,Autum,No Holiday,Yes,1309633,154
4595,1/6/2018,0,20.1,63,1.1,1698,12.8,,0.0,0.0,Summer,No Holiday,Yes,5337668,949
4596,21/11/2018,7,6.5,85,0.8,536,4.1,0.0,0.0,0.0,Autumn,No Holiday,Yes,4845225,795
4597,9/10/2018,11,16.4,45,0.7,2000,4.4,1.22,,0.0,Auttumn,Holiday,No,267264,0
4598,8/11/2018,16,11.7,96,1.4,587,11.0,0.02,0.0,0.0,Autmn,No Holiday,Yes,376127,19
4599,17/04/2018,5,7.4,56,0.6,1746,-0.8,0.0,,0.0,Spriing,No Holiday,Yes,979144,172
4600,11/10/2018,11,11.7,36,,2000,-2.9,2.28,,0.0,Auttumn,No Holiday,Yes,4902465,940
4601,9/2/2018,10,-1.3,34,0.5,1192,-15.1,0.32,0.0,0.0,Winter,No Holiday,Yes,1355640,187
4602,26/09/2018,15,24.7,35,1.2,2000,8.1,2.28,,0.0,Autmn,No Holiday,Yes,11535408,2258
4603,11/2/2018,4,-7.5,42,2.4,1998,-18.2,0.0,0.0,0.0,Wintr,No Holiday,Yes,679131,39
4604,20/06/2018,11,23.7,56,2.4,1070,14.3,2.33,,0.0,Summer,No Holiday,Yes,6272458,1091
4605,19/07/2018,0,25.9,76,1.3,984,21.3,0.0,0.0,0.0,Sumer,No Holiday,Yes,6177910,1110
4606,12/1/2018,2,-13.8,43,2.6,2000,-23.7,0.0,0.0,0.0,Wonter,No Holiday,Yes,813492,79
4607,4/12/2017,2,4.4,87,1.8,207,2.4,0.0,0.0,0.0,Wintr,No Holiday,Yes,839294,107
4608,25/07/2018,-4,12.5,59,1.7,1455,4.1,0.6,0.2,0.1,Wonter,No Holiday,Yes,6410033,1207
4609,19/08/2018,16,33.3,32,2.4,2000,14.3,1.98,0.0,0.0,Summer,No Holiday,Yes,7630126,1404
4610,9/4/2018,5,,96,1.0,206,0.1,0.0,0.0,0.0,Spriing,No Holiday,Yes,1152066,95
4611,26/09/2018,11,20.5,42,2.1,1981,7.1,1.59,0.0,0.0,Autumn,No Holiday,Yes,6642397,1152
4612,23/10/2018,3,10.1,70,1.1,606,4.8,0.0,0.0,0.0,Auttumn,No Holiday,Yes,2111445,243
4613,28/01/2018,2,-7.8,51,1.9,1627,-16.1,0.0,0.0,0.0,Winteer,No Holiday,Yes,1137425,75
4614,5/5/2018,1,12.1,54,1.3,1820,3.0,0.0,0.0,0.0,Sprng,No Holiday,Yes,4123824,730
4615,4/12/2017,21,-4.6,43,4.5,2000,-15.3,0.0,0.0,0.0,Winter,No Holiday,Yes,1956288,370
4616,26/01/2018,10,-16.5,33,3.4,1703,-29.0,0.62,0.0,0.5,Wintr,No Holiday,Yes,1145183,98
4617,14/12/2017,1,-9.8,48,0.8,2000,-18.7,0.0,0.0,0.0,Winteer,No Holiday,Yes,1755390,174
4618,26/05/2018,13,27.8,31,2.0,1326,9.1,3.29,0.0,0.0,Sproing,No Holiday,Yes,7826646,1474
4619,4/8/2018,10,32.3,56,1.7,1625,22.3,1.61,0.0,0.0,Summr,No Holiday,Yes,3646511,602
4620,9/4/2018,0,3.2,84,0.6,785,0.7,,0.0,0.0,Spring,No Holiday,Yes,1633817,217
4621,25/07/2018,11,30.7,63,3.4,1323,22.8,,0.0,0.0,Summmer,No Holiday,Yes,4757574,780
4622,5/6/2018,0,20.5,71,2.8,1204,15.0,0.0,0.0,0.0,Summr,No Holiday,Yes,5785293,1019
4623,12/1/2018,5,-14.6,45,1.1,2000,-23.9,0.0,0.0,0.0,Winteer,No Holiday,Yes,452044,30
4624,27/02/2018,18,6.6,62,0.8,522,-0.1,0.05,0.0,0.0,Wonter,No Holiday,Yes,4717802,865
4625,2/1/2018,9,-3.1,66,,1168,-8.5,,0.0,0.0,Wonter,No Holiday,Yes,2317162,337
4626,28/01/2018,13,-2.4,22,2.5,1866,-21.2,1.16,0.0,0.0,Winteer,No Holiday,Yes,1970645,220
4627,7/11/2018,-6,12.0,57,1.8,1441,4.4,0.61,0.2,0.0,Wonter,Holiday,No,6158907,1155
4628,29/04/2018,16,22.2,23,3.7,1183,0.0,2.28,0.0,0.0,Sprng,No Holiday,Yes,11074917,2110
4629,12/4/2018,3,7.8,49,1.4,1972,-2.2,0.0,0.0,0.0,Spring,No Holiday,Yes,1435063,200
4630,30/08/2018,9,25.0,92,1.1,782,23.6,0.39,0.0,0.0,Summmer,No Holiday,Yes,4556428,863
4631,31/10/2018,6,3.6,75,0.8,2000,-0.4,0.0,0.0,0.0,Auttumn,No Holiday,Yes,2283972,423
4632,29/10/2018,10,9.6,43,,1930,-2.3,,0.0,0.0,Autmn,No Holiday,Yes,4768791,796
4633,29/07/2018,6,26.4,76,0.4,1813,21.8,0.01,0.0,0.0,Sumer,No Holiday,Yes,2364652,301
4634,11/11/2018,9,7.8,72,1.2,360,3.0,0.54,0.0,0.0,Autumn,No Holiday,Yes,3337245,596
4635,6/8/2018,16,34.6,55,2.5,1650,24.2,2.01,0.0,0.0,Summer,No Holiday,Yes,4935990,834
4636,17/02/2018,19,-1.5,32,2.5,2000,-16.0,0.0,0.0,0.0,Winter,Holiday,Yes,1349876,158
4637,27/03/2018,17,18.4,54,3.2,605,8.9,1.05,0.0,0.0,Sprng,No Holiday,Yes,5378050,982
4638,20/10/2018,8,7.8,70,1.4,1034,2.6,0.29,0.0,0.0,Autmn,No Holiday,Yes,4628409,821
4639,6/2/2018,5,-12.3,37,2.9,2000,-24.0,0.0,0.0,0.0,Winteer,No Holiday,Yes,651536,32
4640,27/09/2018,10,19.9,47,1.8,1989,8.2,1.93,0.0,0.0,Autum,No Holiday,Yes,5303848,906
4641,17/02/2018,22,-2.7,42,2.2,2000,-13.8,0.0,0.0,0.0,Winter,Holiday,Yes,1362181,141
4642,22/02/2018,15,5.0,49,4.4,1138,-4.8,0.96,0.0,0.0,Winter,No Holiday,Yes,2552151,353
4643,24/04/2018,2,10.1,83,1.4,2000,7.3,0.0,0.1,0.0,Sproing,No Holiday,Yes,455383,61
4644,17/09/2018,10,21.7,60,1.7,1540,13.5,1.44,0.0,0.0,Autmn,No Holiday,Yes,4958784,865
4645,2/1/2018,-6,12.5,59,1.8,1421,3.0,0.55,0.2,0.1,Summmer,No Holiday,No,4413703,757
4646,9/3/2018,19,5.4,60,3.9,990,-1.7,0.02,0.0,0.0,Sprng,No Holiday,Yes,4048158,757
4647,12/4/2018,0,9.5,40,2.4,1987,-3.4,0.0,0.0,0.0,Spriing,No Holiday,Yes,3071876,550
4648,18/06/2018,15,30.5,34,2.8,1590,12.8,2.87,0.0,0.0,Summer,No Holiday,Yes,6362411,1130
4649,26/07/2018,6,27.4,77,0.7,1113,23.0,0.0,0.0,0.0,Summer,No Holiday,Yes,3151813,598
4650,29/11/2018,3,,33,0.9,1994,-12.7,0.0,0.0,0.0,Autumn,No Holiday,Yes,1394739,216
4651,7/5/2018,0,15.5,85,0.9,2000,12.9,0.0,0.0,0.0,Spring,No Holiday,Yes,4556266,752
4652,23/09/2018,16,24.6,29,4.0,1988,5.3,1.73,0.0,0.0,Autumn,Holiday,Yes,8593451,1523
4653,2/6/2018,12,28.3,30,3.0,1675,9.0,3.29,0.0,0.0,Summr,No Holiday,Yes,6754821,1255
4654,24/02/2018,7,0.6,86,,211,-1.4,0.0,0.0,0.0,Wonter,No Holiday,Yes,1496210,117
4655,19/09/2018,23,20.4,57,0.9,2000,11.5,0.0,0.0,0.0,Autumn,No Holiday,No,833219,0
4656,27/02/2018,16,6.9,54,1.1,692,-1.7,0.32,0.0,0.0,Wintr,No Holiday,Yes,2898142,447
4657,12/3/2018,1,2.9,51,0.8,1119,-6.2,0.0,0.0,0.0,Sprng,No Holiday,Yes,1122372,168
4658,2/12/2017,5,-4.0,79,1.5,1202,-7.1,0.0,,0.0,Wintr,No Holiday,Yes,693395,78
4659,8/11/2018,20,13.9,97,2.5,594,13.4,0.0,0.0,0.0,Autumn,No Holiday,Yes,156716,9
4660,27/08/2018,16,24.7,85,1.2,1143,22.0,0.99,0.0,0.0,Summmer,No Holiday,Yes,5227134,916
4661,31/08/2018,18,28.4,57,2.4,2000,19.0,0.84,0.0,0.0,Summer,No Holiday,Yes,15623559,2926
4662,16/07/2018,-4,,58,1.7,1402,5.4,0.59,0.1,0.1,Autmn,Holiday,No,2849063,537
4663,8/12/2017,13,-1.7,28,1.8,1963,-17.8,1.22,0.0,0.0,Winteer,No Holiday,Yes,1865701,343
4664,22/09/2018,6,18.4,95,0.1,752,17.5,0.0,0.0,0.0,Autum,No Holiday,Yes,1692763,232
4665,26/05/2018,-10,,56,1.7,1495,4.6,0.52,0.1,0.1,Sprng,No Holiday,Yes,9226495,1805
4666,22/12/2017,19,5.2,64,0.7,691,-1.0,0.0,0.0,0.0,Winter,Holiday,Yes,2521063,482
4667,23/05/2018,3,14.9,96,2.2,636,14.2,0.0,0.5,0.0,Spriing,No Holiday,Yes,472243,57
4668,25/05/2018,7,14.4,66,1.1,704,8.1,0.42,0.0,0.0,Spring,No Holiday,Yes,7006611,1303
4669,9/5/2018,2,10.9,59,1.1,2000,3.1,0.0,0.0,0.0,Spriing,No Holiday,Yes,1856226,235
4670,15/06/2018,22,20.4,54,1.4,2000,10.7,0.0,0.0,0.0,Summmer,No Holiday,Yes,11538079,2221
4671,22/08/2018,15,36.8,36,1.0,2000,19.2,2.46,0.0,0.0,Sumer,No Holiday,Yes,5233991,898
4672,7/7/2018,14,28.3,43,1.6,1941,14.5,3.33,0.0,0.0,Summr,No Holiday,Yes,8472925,1499
4673,29/08/2018,9,,79,2.7,1963,21.8,0.3,0.0,0.0,Sumer,No Holiday,Yes,4776390,875
4674,18/01/2018,7,1.5,86,1.1,189,-0.5,0.0,0.0,0.0,Wintr,No Holiday,Yes,1488794,274
4675,9/5/2018,20,17.3,53,1.9,2000,7.6,0.01,0.0,0.0,Spriing,No Holiday,Yes,11055725,2032
4676,23/10/2018,6,9.9,75,1.0,560,5.6,0.0,0.0,0.0,Autum,No Holiday,Yes,2537223,455
4677,9/6/2018,-3,13.6,57,1.9,1423,3.2,0.57,,0.1,Spring,No Holiday,No,14308385,2831
4678,4/11/2018,9,7.5,60,0.5,725,0.2,0.79,0.0,0.0,Auttumn,No Holiday,Yes,3664084,663
4679,30/01/2018,21,-1.6,91,1.3,508,-2.8,0.0,1.5,3.5,Winter,No Holiday,Yes,972803,60
4680,11/10/2018,22,8.8,55,1.6,2000,0.2,0.0,0.0,0.0,Auttumn,No Holiday,Yes,6430177,1212
4681,23/05/2018,12,20.1,37,,1910,4.9,3.44,0.0,0.0,Sproing,No Holiday,Yes,6513992,1164
4682,22/08/2018,13,35.3,41,2.1,1925,20.0,,0.0,0.0,Summr,No Holiday,Yes,4094359,712
4683,31/03/2018,2,11.0,73,1.5,816,6.3,,0.0,0.0,Spriing,No Holiday,Yes,3006580,404
4684,22/01/2018,13,3.9,33,,1249,-10.9,0.19,0.0,0.0,Wonter,No Holiday,Yes,2468156,316
4685,6/5/2018,6,15.1,97,0.3,225,14.6,0.0,3.0,0.0,Sprng,No Holiday,Yes,552276,6
4686,10/6/2018,0,20.2,66,1.5,2000,13.6,,0.0,0.0,Summer,No Holiday,Yes,2804334,491
4687,2/12/2017,14,7.3,35,1.3,1955,-7.1,0.99,0.0,0.0,Winter,No Holiday,Yes,3793335,633
4688,2/4/2018,11,13.5,59,11.6,1420,3.9,0.59,0.2,0.1,Auttumn,No Holiday,No,3167217,484
4689,20/11/2018,12,10.1,23,1.8,1745,-10.1,1.82,0.0,0.0,Autmn,No Holiday,Yes,4179822,807
4690,24/06/2018,8,21.3,78,0.7,351,17.3,0.51,0.0,0.0,Sumer,No Holiday,Yes,3603932,591
4691,9/3/2018,15,7.7,51,2.9,670,-1.8,0.94,0.0,0.0,Spriing,No Holiday,Yes,3956196,598
4692,1/12/2017,4,-6.0,36,2.3,2000,-18.6,0.0,0.0,0.0,Winteer,No Holiday,Yes,1268530,77
4693,28/09/2018,6,14.4,61,1.2,2000,6.9,,0.0,0.0,Autum,No Holiday,No,132854,0
4694,9/9/2018,4,17.0,59,0.0,2000,8.9,0.0,0.0,0.0,Autumn,No Holiday,Yes,1678073,261
4695,3/3/2018,11,8.1,21,2.1,1738,-12.9,2.15,0.0,0.0,Sproing,No Holiday,Yes,2929005,423
4696,19/10/2018,20,14.2,56,1.8,2000,5.5,0.0,0.0,0.0,Autumn,No Holiday,Yes,8236022,1520
4697,16/11/2018,0,7.8,57,0.3,792,-0.2,0.0,0.0,0.0,Autum,No Holiday,Yes,4149048,712
4698,23/04/2018,19,9.4,95,1.8,531,8.6,0.03,1.5,0.0,Sprng,No Holiday,Yes,763060,48
4699,3/7/2018,9,25.7,76,0.8,1920,21.1,1.11,0.0,0.0,Summr,No Holiday,Yes,6406662,1144
4700,29/12/2017,12,4.3,62,1.6,472,-2.3,0.52,0.0,0.0,Wonter,No Holiday,Yes,2752366,361
4701,8/10/2018,10,15.0,44,0.5,1839,2.8,,0.0,0.0,Autum,No Holiday,Yes,5284297,918
4702,26/10/2018,19,12.9,66,2.5,1997,6.6,,0.0,0.0,Autumn,No Holiday,Yes,6684573,1298
4703,8/8/2018,23,29.1,77,0.4,1552,24.6,0.0,0.0,0.0,Summr,No Holiday,Yes,6309856,1194
4704,21/07/2018,8,27.4,63,0.9,1043,19.7,1.03,0.0,0.0,Sumer,No Holiday,Yes,4035169,763
4705,2/11/2018,1,6.6,69,0.0,1512,1.3,0.0,0.0,0.0,Autmn,No Holiday,Yes,3276467,566
4706,20/07/2018,-5,14.2,59,1.7,1447,4.0,0.54,0.2,0.1,Autmn,No Holiday,Yes,10433511,1893
4707,5/8/2018,10,29.5,78,2.0,1091,25.2,1.28,,0.0,Summr,No Holiday,Yes,2770256,435
4708,15/05/2018,13,27.8,34,1.5,1306,10.4,3.14,0.0,0.0,Spriing,No Holiday,Yes,5924760,1046
4709,11/3/2018,-9,13.0,58,1.8,1450,3.5,,0.1,0.1,Auttumn,No Holiday,No,13513506,2604
4710,17/09/2018,8,18.9,77,0.6,1109,14.7,0.56,,0.0,Autum,No Holiday,Yes,12098190,2303
4711,13/09/2018,19,25.4,61,0.6,2000,17.3,0.03,0.0,0.0,Autmn,No Holiday,Yes,13011293,2420
4712,14/05/2018,2,,94,1.6,191,11.1,0.0,0.0,0.0,Sproing,No Holiday,Yes,1991964,228
4713,27/07/2018,22,29.9,74,2.0,1201,24.7,0.0,0.0,0.0,Sumer,No Holiday,Yes,8072013,1488
4714,23/10/2018,14,15.1,71,0.9,973,9.8,1.62,0.0,0.0,Autmn,No Holiday,Yes,4855233,890
4715,26/07/2018,2,27.6,78,0.1,1289,23.4,0.0,0.0,0.0,Summr,No Holiday,Yes,2731131,510
4716,14/09/2018,17,25.9,56,1.7,2000,16.4,0.42,0.0,0.0,Autmn,No Holiday,Yes,10589438,2036
4717,17/09/2018,23,20.2,68,1.2,1963,14.0,0.0,0.0,0.0,Autmn,No Holiday,Yes,7190936,1300
4718,23/06/2018,19,25.7,59,2.8,1083,17.0,0.38,0.0,0.0,Summer,No Holiday,Yes,12180436,2360
4719,21/03/2018,5,24.2,2,1.3,1245,-7.8,0.0,0.0,0.4,Wonter,No Holiday,No,2098678,247
4720,21/11/2018,0,-37.2,0,4.7,1894,-16.8,1.93,3.0,0.0,Autmn,Holiday,Yes,6449605,1202
4721,24/07/2018,23,29.3,66,2.8,1854,22.2,0.0,0.0,0.0,Summr,No Holiday,Yes,6974066,1241
4722,31/01/2018,9,-3.3,77,1.2,916,-6.7,0.1,0.0,3.4,Winteer,No Holiday,Yes,1537818,146
4723,1/2/2018,11,-2.6,33,1.5,1830,-16.6,0.95,0.0,1.4,Winter,No Holiday,Yes,1356330,214
4724,17/07/2018,5,24.1,81,0.9,1646,20.6,0.0,0.0,0.0,Summmer,No Holiday,Yes,2140458,407
4725,13/01/2018,18,-2.6,73,1.0,684,-6.7,0.01,0.0,0.0,Winter,No Holiday,Yes,1412086,236
4726,10/1/2018,7,-8.0,70,1.8,2000,-12.5,0.0,0.0,0.7,Wonter,No Holiday,Yes,1105038,164
4727,16/09/2018,5,22.2,90,1.4,514,20.4,0.0,0.0,0.0,Autmn,No Holiday,Yes,1376293,129
4728,28/07/2018,11,32.8,62,0.6,881,24.5,1.3,0.0,0.0,Summer,No Holiday,Yes,3739916,609
4729,14/12/2017,15,-2.5,29,1.1,1667,-18.1,0.48,0.0,0.0,Wintr,No Holiday,Yes,2446859,302
4730,2/2/2018,23,-2.6,69,2.0,1434,-7.5,0.0,0.0,0.0,Wonter,No Holiday,Yes,1391406,167
4731,5/3/2018,23,1.9,60,1.3,2000,-5.0,0.0,0.0,0.0,Sproing,No Holiday,Yes,2386597,308
4732,10/1/2018,21,-9.4,47,2.0,2000,-18.6,0.0,0.0,0.0,Wonter,No Holiday,Yes,1674281,214
4733,4/3/2018,4,8.8,95,0.2,218,8.0,0.0,0.0,0.0,Spring,No Holiday,Yes,1008754,32
4734,26/03/2018,16,17.7,33,3.4,897,1.2,1.96,0.0,0.0,Spring,No Holiday,Yes,4581467,815
4735,21/02/2018,-5,12.0,59,1.7,1467,3.7,0.55,0.1,0.1,Wintr,No Holiday,No,5413990,1021
4736,6/2/2018,20,-9.6,34,2.6,2000,-22.5,0.0,0.0,0.0,Wintr,No Holiday,Yes,1397398,194
4737,29/06/2018,18,28.1,60,1.9,959,19.5,1.05,0.0,0.0,Summmer,No Holiday,Yes,16009873,3161
4738,12/11/2018,12,12.3,37,0.8,1690,-1.9,1.93,0.0,0.0,Autum,No Holiday,Yes,4682841,909
4739,8/3/2018,10,3.6,88,2.6,681,1.7,0.44,0.0,0.0,Sprng,No Holiday,Yes,1005825,173
4740,10/12/2017,8,-0.2,90,1.2,378,-1.6,0.0,0.0,4.1,Winteer,No Holiday,Yes,652981,29
4741,4/11/2018,1,8.6,60,1.1,1416,1.2,0.0,0.0,0.0,Autmn,No Holiday,Yes,3471618,541
4742,1/8/2018,20,34.5,62,2.8,1701,26.1,0.02,,0.0,Summer,No Holiday,Yes,7634917,1471
4743,19/12/2017,20,-4.9,55,2.0,2000,-12.5,0.0,0.0,2.0,Wonter,No Holiday,Yes,1774383,214
4744,16/09/2018,21,21.2,88,1.7,373,19.1,0.0,0.0,0.0,Autmn,No Holiday,Yes,6821429,1252
4745,15/06/2018,5,17.4,86,1.1,1820,15.0,0.0,0.5,0.0,Summr,No Holiday,Yes,1505986,161
4746,16/10/2018,12,,35,1.2,1057,2.9,2.06,0.0,0.0,Autumn,No Holiday,Yes,5499275,1072
4747,11/5/2018,12,20.0,47,,685,8.3,3.08,0.0,0.0,Spriing,No Holiday,Yes,6624678,1129
4748,27/10/2018,5,-30.5,0,,0,-34.7,0.0,0.9,0.0,Sumer,Holiday,No,6377972,1195
4749,8/3/2018,6,3.1,89,0.2,903,1.4,0.0,1.5,0.0,Spriing,No Holiday,Yes,418681,32
4750,8/11/2018,9,10.6,94,2.1,739,9.6,,2.0,0.0,Autum,No Holiday,Yes,1236070,54
4751,31/07/2018,22,31.6,66,3.0,2000,24.4,0.0,0.0,0.0,Sumer,No Holiday,Yes,8103409,1594
4752,16/06/2018,0,19.0,57,1.6,2000,10.2,0.0,0.0,0.0,Summmer,No Holiday,Yes,6753668,1291
4753,18/01/2018,9,1.2,84,2.1,210,-1.2,0.07,0.0,0.0,Wintr,No Holiday,Yes,1873885,300
4754,1/10/2018,7,13.1,58,2.1,1997,5.0,0.03,0.0,0.0,Autmn,No Holiday,Yes,7178615,1393
4755,15/09/2018,13,25.8,65,1.0,1996,18.7,,0.0,0.0,Auttumn,No Holiday,Yes,7616843,1450
4756,7/11/2018,-1,11.9,59,1.8,1469,5.5,0.53,0.1,0.1,Wintr,Holiday,No,1163440,134
4757,4/3/2018,10,9.8,90,0.8,335,8.2,0.64,0.0,0.0,Spring,No Holiday,Yes,1597832,256
4758,6/4/2018,4,6.8,97,2.2,453,6.3,0.0,2.0,0.0,Spring,No Holiday,Yes,961913,4
4759,16/05/2018,22,21.9,97,1.5,164,21.3,0.0,0.0,0.0,Spriing,No Holiday,Yes,2698076,365
4760,16/09/2018,4,22.5,89,0.7,444,20.5,0.0,0.3,0.0,Autumn,No Holiday,Yes,1608328,193
4761,28/11/2018,15,10.5,16,2.7,1509,-14.3,1.29,0.0,0.0,Autum,No Holiday,Yes,4773484,855
4762,22/05/2018,4,15.6,0,0.5,1502,10.5,0.0,0.0,0.0,Spring,Holiday,Yes,1825774,237
4763,20/11/2018,19,8.7,34,2.2,1857,-6.3,0.0,0.0,0.0,Autum,No Holiday,Yes,7320970,1317
4764,26/10/2018,21,10.6,70,2.4,2000,5.3,0.0,0.0,0.0,Autmn,No Holiday,Yes,2923379,562
4765,14/11/2018,8,5.0,77,1.5,1115,1.2,0.07,0.0,0.0,Autmn,No Holiday,Yes,10587935,1956
4766,9/2/2018,1,-4.8,44,1.1,1432,-15.2,0.0,0.0,0.0,Wonter,No Holiday,Yes,1434410,180
4767,31/05/2018,3,15.0,84,1.3,473,12.3,0.0,0.0,0.0,Spring,No Holiday,Yes,2709052,348
4768,19/06/2018,21,21.6,66,2.4,962,14.9,0.0,0.0,0.0,Sumer,No Holiday,Yes,12474673,2367
4769,25/09/2018,15,24.1,26,1.6,2000,3.3,2.38,0.0,0.0,Autum,Holiday,Yes,9896404,1789
4770,2/9/2018,22,25.7,64,1.1,2000,18.3,0.0,0.0,0.0,Auttumn,No Holiday,Yes,8332803,1503
4771,7/3/2018,0,2.8,45,1.7,1493,-7.9,,0.0,0.0,Sprng,No Holiday,Yes,1611256,273
4772,21/02/2018,22,-2.2,55,1.4,2000,-10.0,0.0,0.0,0.0,Wintr,No Holiday,Yes,1838726,298
4773,31/05/2018,4,14.8,85,0.7,478,12.2,0.0,,0.0,Spriing,No Holiday,Yes,1482723,192
4774,14/11/2018,17,13.6,46,1.8,1374,2.1,0.31,,0.0,Auttumn,No Holiday,Yes,8143289,1559
4775,22/04/2018,-9,13.4,59,1.7,1428,3.3,0.52,0.2,0.1,Autmn,Holiday,No,5885242,1002
4776,27/10/2018,18,8.9,39,3.5,2000,-4.3,,0.0,0.0,Autmn,No Holiday,Yes,5859386,1128
4777,20/04/2018,1,11.8,60,0.2,918,4.2,,0.0,0.0,Spriing,No Holiday,Yes,3116604,425
4778,16/03/2018,-4,13.2,60,1.7,1524,5.4,,0.2,0.1,Summr,No Holiday,Yes,6328382,1079
4779,3/4/2018,3,,74,1.7,1294,12.3,0.0,0.0,0.0,Sproing,No Holiday,Yes,1324807,173
4780,1/6/2018,2,19.0,72,1.4,1258,13.8,0.0,0.0,0.0,Summr,No Holiday,Yes,3599282,582
4781,20/01/2018,18,4.6,55,3.2,232,-3.6,0.03,0.0,0.0,Winter,No Holiday,Yes,2213209,275
4782,8/11/2018,12,11.4,95,2.5,792,10.6,0.44,,0.0,Autumn,No Holiday,Yes,676176,22
4783,26/02/2018,9,-1.1,53,0.9,1308,-9.4,0.72,0.0,0.0,Winter,No Holiday,Yes,2226617,425
4784,12/8/2018,17,33.7,48,2.3,2000,21.1,0.41,0.0,0.0,Summr,No Holiday,Yes,6389469,1213
4785,17/07/2018,0,26.4,76,1.2,2000,21.8,0.0,0.0,0.0,Summmer,No Holiday,Yes,5580425,973
4786,3/1/2018,-4,12.8,58,1.8,1399,3.2,0.5,0.1,0.1,Autumn,Holiday,Yes,776729,119
4787,19/10/2018,19,15.3,53,2.4,2000,5.7,0.0,0.0,0.0,Autumn,No Holiday,Yes,9680765,1895
4788,13/02/2018,-10,11.8,58,1.7,1385,3.4,0.52,0.1,0.1,Spring,Holiday,No,1533919,187
4789,30/12/2017,9,0.2,76,1.3,249,-3.5,0.03,0.0,0.0,Winteer,No Holiday,Yes,1670674,183
4790,15/05/2018,-9,12.6,58,1.7,1459,4.6,0.58,0.1,0.1,Summr,No Holiday,No,1070370,22
4791,20/04/2018,12,22.5,33,1.8,894,5.4,2.88,0.0,0.0,Sproing,No Holiday,Yes,5141682,1005
4792,27/05/2018,8,18.3,51,2.0,1366,7.9,0.7,0.0,0.0,Sproing,No Holiday,Yes,3857366,594
4793,21/11/2018,23,3.9,46,2.0,1904,-6.6,0.0,0.0,0.0,Auttumn,No Holiday,Yes,3050105,559
4794,12/2/2018,-7,12.2,58,1.7,1439,4.8,0.55,0.2,0.1,Wonter,No Holiday,No,1323081,129
4795,23/12/2017,1,5.7,75,1.7,706,1.6,0.0,0.0,0.0,Winteer,No Holiday,Yes,2240842,337
4796,13/09/2018,22,22.8,70,,2000,17.0,0.0,0.0,0.0,Autmn,No Holiday,Yes,9334840,1702
4797,8/1/2018,15,3.9,33,1.8,1293,-10.9,0.39,0.0,0.0,Wintr,No Holiday,Yes,2260489,345
4798,2/10/2018,11,18.3,44,3.0,1878,5.8,2.35,0.0,0.0,Autmn,No Holiday,No,455750,0
4799,11/9/2018,9,19.8,49,1.9,2000,8.7,1.24,0.0,0.0,Auttumn,No Holiday,Yes,6678378,1253
4800,28/02/2018,8,5.7,57,2.5,458,-2.1,0.04,0.0,0.0,Winteer,No Holiday,Yes,4918314,843
4801,28/09/2018,5,14.5,60,1.4,2000,6.8,0.0,0.0,0.0,Auttumn,No Holiday,No,849816,0
4802,30/09/2018,16,21.2,28,3.2,2000,1.9,,0.0,0.0,Auttumn,No Holiday,No,796926,0
4803,27/04/2018,8,11.6,58,1.4,1150,3.6,0.79,,0.0,Sproing,No Holiday,Yes,10112947,1926
4804,15/03/2018,-8,12.9,57,1.7,1464,3.3,0.57,0.2,0.1,Autum,Holiday,Yes,3222734,473
4805,27/12/2017,16,-3.2,23,2.7,2000,-21.4,0.57,0.0,0.0,Wonter,No Holiday,Yes,1545618,284
4806,28/02/2018,-6,13.2,57,1.6,1447,3.1,0.58,0.2,0.1,Spring,Holiday,No,7510130,1312
4807,3/7/2018,8,24.3,83,0.5,1986,21.2,0.53,0.0,0.0,Summer,No Holiday,Yes,11605600,2220
4808,15/05/2018,15,29.1,38,1.7,1602,13.3,1.89,,0.0,Sprng,No Holiday,Yes,7370307,1281
4809,25/03/2018,2,6.0,82,1.3,198,3.1,0.0,0.0,0.0,Sproing,No Holiday,Yes,1238517,209
4810,6/1/2018,15,2.3,27,2.2,1877,-14.8,0.92,0.0,0.0,Wonter,No Holiday,Yes,2229809,365
4811,29/01/2018,1,-9.8,47,1.3,1934,-19.0,0.0,0.0,0.0,Winteer,No Holiday,Yes,693343,70
4812,30/07/2018,6,26.2,64,1.4,2000,18.8,0.01,0.0,0.0,Summmer,No Holiday,Yes,3557157,664
4813,31/01/2018,3,-2.2,83,1.0,977,-4.7,,0.0,3.5,Wonter,No Holiday,Yes,788915,48
4814,3/10/2018,18,21.5,43,1.8,2000,8.3,0.26,0.0,0.0,Autmn,Holiday,Yes,11826401,2293
4815,15/09/2018,11,25.2,64,1.2,1938,17.8,1.31,0.0,0.0,Autum,No Holiday,Yes,6815992,1236
4816,26/07/2018,10,29.5,68,1.8,946,22.9,0.54,0.0,0.0,Summer,No Holiday,Yes,3906210,722
4817,9/6/2018,8,21.9,62,0.9,1071,14.2,1.03,0.0,0.0,Sumer,No Holiday,Yes,5780129,968
4818,23/05/2018,11,18.9,42,3.8,2000,5.6,3.13,0.0,0.0,Sprng,No Holiday,Yes,5142847,994
4819,30/12/2017,23,1.4,92,1.9,73,0.2,0.0,0.0,0.0,Winter,No Holiday,Yes,1013767,39
4820,28/12/2017,18,-0.6,62,1.6,1129,-6.9,,0.0,0.0,Wonter,No Holiday,Yes,3012457,570
4821,31/12/2017,22,-2.1,36,1.7,2000,-15.2,0.0,0.0,0.0,Winteer,Holiday,Yes,1407346,163
4822,15/11/2018,1,7.3,64,0.3,1150,0.9,0.0,0.0,0.0,Autumn,No Holiday,Yes,2885777,471
4823,6/7/2018,11,23.9,59,2.1,2000,15.3,1.08,0.0,0.0,Summr,No Holiday,Yes,5784568,1037
4824,17/04/2018,17,18.3,29,4.3,1626,0.0,,0.0,0.0,Spring,No Holiday,Yes,8906813,1676
4825,24/05/2018,4,11.7,64,1.6,1578,5.1,0.0,0.0,0.0,Spring,No Holiday,Yes,1071507,175
4826,8/12/2017,12,-2.0,30,1.4,1728,-17.3,1.14,0.0,0.0,Wonter,No Holiday,Yes,2648814,374
4827,15/06/2018,12,24.4,50,1.6,2000,13.2,3.07,0.0,0.0,Summer,No Holiday,Yes,6240157,1227
4828,14/08/2018,-7,12.8,58,1.8,1427,3.9,0.61,0.2,0.1,Spring,Holiday,No,2617812,357
4829,24/06/2018,22,23.9,72,0.8,1098,18.5,0.0,0.0,0.0,Summer,No Holiday,Yes,10036655,1885
4830,8/6/2018,17,26.9,49,2.3,1210,15.2,1.72,0.0,0.0,Summr,No Holiday,Yes,12184093,2375
4831,20/08/2018,0,27.0,62,0.6,2000,19.0,0.0,0.0,0.0,Summer,No Holiday,Yes,4682070,841
4832,2/8/2018,9,32.9,49,1.8,1843,20.7,1.53,0.0,0.0,Sumer,No Holiday,Yes,4885236,841
4833,11/7/2018,16,28.7,70,3.2,1586,22.6,0.73,0.0,0.0,Summr,No Holiday,Yes,6962127,1332
4834,19/07/2018,3,24.4,85,0.6,678,21.7,0.0,0.0,0.0,Sumer,No Holiday,Yes,2202677,381
4835,4/2/2018,6,-11.8,54,2.4,1917,-19.2,0.0,0.0,0.0,Winter,No Holiday,Yes,499305,18
4836,18/06/2018,-5,12.4,57,1.8,1443,2.8,0.52,0.1,0.1,Winter,Holiday,No,9355822,1848
4837,25/02/2018,8,-1.3,54,0.6,1597,-9.4,0.06,0.0,0.0,Winter,No Holiday,Yes,1694442,141
4838,20/10/2018,-9,12.5,57,1.7,1402,5.2,0.56,0.1,0.1,Winteer,Holiday,Yes,2364652,301
4839,18/05/2018,1,19.0,97,1.5,278,18.5,,1.0,0.0,Sprng,No Holiday,Yes,834613,115
4840,20/10/2018,21,13.3,55,,1554,4.4,0.0,0.0,0.0,Autumn,No Holiday,Yes,6348347,1227
4841,21/01/2018,8,,53,0.5,1227,-11.8,,0.0,0.0,Wonter,No Holiday,Yes,819987,107
4842,1/7/2018,10,21.6,97,,266,21.0,0.13,12.0,0.0,Summmer,No Holiday,Yes,594237,9
4843,15/05/2018,12,26.3,36,1.1,1133,10.0,2.88,0.0,0.0,Sprng,No Holiday,Yes,5627033,1098
4844,6/3/2018,20,8.6,2,-2.0,0,32.7,0.56,1.7,0.7,Sproing,No Holiday,Yes,5553996,948
4845,21/07/2018,20,31.5,53,1.8,2000,20.7,0.08,0.0,0.0,Summr,No Holiday,Yes,8723211,1651
4846,5/1/2018,0,-4.7,52,1.8,1611,-13.0,0.0,0.0,0.0,Winteer,No Holiday,Yes,1191349,175
4847,7/3/2018,6,2.4,65,1.8,1989,-3.5,0.0,0.0,0.0,Sprng,No Holiday,Yes,1406646,234
4848,27/02/2018,9,2.5,51,1.0,866,-6.6,0.07,0.0,0.0,Winteer,No Holiday,Yes,3120274,433
4849,14/07/2018,13,,59,2.3,1534,21.7,2.67,0.0,0.0,Sumer,No Holiday,Yes,6146738,1164
4850,15/03/2018,15,11.6,97,3.4,117,11.1,0.26,0.0,0.0,Spriing,No Holiday,Yes,2442499,317
4851,3/12/2017,10,4.4,89,2.2,257,2.7,0.24,0.0,0.0,Wintr,No Holiday,Yes,1318457,183
4852,12/8/2018,0,29.9,56,2.0,2000,20.1,,0.0,0.0,Summr,No Holiday,Yes,6072333,1028
4853,5/2/2018,5,-11.6,45,2.4,2000,-21.1,0.0,0.0,0.0,Winteer,No Holiday,Yes,1068975,40
4854,9/7/2018,23,20.4,96,0.6,1137,19.7,,1.0,0.0,Summr,No Holiday,Yes,845960,45
4855,13/08/2018,7,27.0,86,0.9,718,24.4,0.22,0.0,0.0,Summr,No Holiday,Yes,5925054,1097
4856,4/8/2018,22,28.6,74,2.5,1804,23.5,0.0,0.0,0.0,Summer,No Holiday,Yes,7526593,1353
4857,16/10/2018,2,11.7,70,1.0,1012,6.4,,0.0,0.0,Autum,No Holiday,Yes,2992640,405
4858,29/06/2018,1,22.0,96,0.1,387,21.3,,0.1,0.0,Summr,No Holiday,Yes,2725436,433
4859,30/09/2018,9,18.5,62,0.5,1847,11.0,1.0,,0.0,Autum,No Holiday,No,547855,0
4860,30/06/2018,20,24.2,88,0.8,1276,22.0,0.06,0.0,0.0,Summmer,No Holiday,Yes,4082723,774
4861,8/6/2018,7,19.1,73,2.0,1300,14.1,0.3,,0.0,Summer,No Holiday,Yes,8429292,1650
4862,10/5/2018,4,12.0,79,0.6,1351,8.4,0.0,,0.0,Sproing,No Holiday,No,905595,0
4863,2/3/2018,5,-6.1,49,1.0,1621,-15.1,0.0,0.0,0.0,Spriing,No Holiday,Yes,1080730,56
4864,29/09/2018,20,21.3,46,0.1,2000,9.2,0.0,0.0,0.0,Autumn,No Holiday,Yes,9808987,1844
4865,31/05/2018,6,14.3,82,0.7,653,11.2,0.05,0.0,0.0,Sproing,No Holiday,Yes,4148898,673
4866,24/01/2018,19,-13.8,32,,2000,-26.9,0.0,0.0,0.7,Winter,No Holiday,Yes,2010594,207
4867,22/11/2018,21,2.2,28,3.2,2000,-14.4,0.0,0.0,0.0,Autumn,No Holiday,Yes,4879511,787
4868,27/06/2018,16,25.0,74,2.2,578,20.0,0.52,0.0,0.0,Summr,No Holiday,Yes,8769953,1656
4869,10/9/2018,1,20.5,58,1.7,2000,11.9,0.0,0.0,0.0,Autumn,No Holiday,Yes,3306517,489
4870,5/7/2018,15,28.8,66,0.9,1806,21.8,1.55,0.0,0.0,Sumer,No Holiday,Yes,5498812,974
4871,4/10/2018,14,24.3,39,1.7,2000,9.4,2.18,0.0,0.0,Autmn,No Holiday,No,743549,0
4872,5/12/2017,4,-7.2,34,3.0,2000,-20.4,0.0,0.0,0.0,Winteer,No Holiday,Yes,784292,39
4873,3/6/2018,9,22.7,39,0.7,1880,8.0,1.91,0.0,0.0,Summmer,No Holiday,Yes,4320868,833
4874,17/04/2018,23,10.1,41,1.1,1509,-2.5,0.0,0.0,0.0,Sprng,No Holiday,Yes,3713982,689
4875,21/04/2018,0,16.3,59,0.2,756,8.2,0.0,0.0,0.0,Spring,No Holiday,Yes,4504098,718
4876,23/06/2018,1,22.5,39,1.1,2000,7.8,0.0,0.0,0.0,Summr,No Holiday,Yes,6067650,1091
4877,24/02/2018,9,0.6,64,3.8,430,-5.4,0.65,,0.0,Wintr,No Holiday,Yes,1477662,251
4878,15/03/2018,13,12.7,97,2.6,467,12.2,0.23,0.0,0.0,Sprng,No Holiday,Yes,1659108,271
4879,24/12/2017,8,4.6,91,1.7,95,3.2,0.0,0.0,0.0,Wintr,Holiday,Yes,976132,1
4880,23/02/2018,19,6.9,73,3.7,369,2.3,,0.0,0.0,Winter,No Holiday,Yes,2980145,430
4881,21/06/2018,18,27.8,43,3.0,1933,14.0,1.35,0.0,0.0,Sumer,No Holiday,Yes,17145647,3396
4882,2/10/2018,18,19.2,48,2.2,2000,7.9,0.28,,0.0,Autum,No Holiday,No,595383,0
4883,16/09/2018,10,22.9,74,1.3,1162,18.0,0.84,0.0,0.0,Autmn,No Holiday,Yes,4980029,812
4884,22/11/2018,7,-1.0,43,1.8,2000,-12.0,0.0,0.0,0.0,Autumn,No Holiday,Yes,4578411,868
4885,1/2/2018,16,1.1,26,2.1,1957,-16.3,0.82,0.0,0.0,Winteer,No Holiday,Yes,2295239,272
4886,28/05/2018,18,26.0,39,2.7,1950,10.9,1.07,0.0,0.0,Spring,No Holiday,Yes,16362942,3225
4887,6/10/2018,13,17.7,89,5.0,2000,15.8,0.62,0.5,0.0,Auttumn,No Holiday,Yes,3433587,487
4888,5/6/2018,6,17.8,73,0.4,1188,12.8,0.04,0.0,0.0,Sumer,No Holiday,Yes,4341759,698
4889,6/9/2018,23,23.9,71,4.7,1982,18.3,,0.0,0.0,Autumn,No Holiday,Yes,3525846,645
4890,3/10/2018,10,17.3,53,0.7,1406,7.6,1.83,0.0,0.0,Autum,Holiday,Yes,5953110,1091
4891,11/12/2017,16,-6.0,40,4.0,2000,-17.4,,0.0,0.0,Wonter,No Holiday,Yes,1827649,273
4892,12/2/2018,-6,12.7,59,1.8,1442,3.4,0.58,0.1,0.1,Sprng,No Holiday,No,1009404,103
4893,1/5/2018,3,18.1,85,1.0,284,15.5,0.0,0.0,0.0,Sprng,Holiday,Yes,2521169,364
4894,13/09/2018,8,20.9,68,1.3,2000,14.7,0.18,0.0,0.0,Auttumn,No Holiday,Yes,12442019,2298
4895,11/10/2018,17,13.2,36,3.6,2000,-1.5,,0.0,0.0,Autumn,No Holiday,Yes,9165993,1742
4896,20/02/2018,-7,12.1,56,1.7,1456,4.5,0.56,0.2,0.1,Autum,No Holiday,No,3814188,567
4897,20/01/2018,12,5.3,55,2.6,904,-3.0,0.85,0.0,0.0,Winteer,No Holiday,Yes,2712515,345
4898,15/03/2018,7,14.3,97,0.3,189,13.8,0.0,0.0,0.0,Sproing,No Holiday,Yes,303979,21
4899,26/10/2018,-1,12.3,57,1.7,1436,3.8,0.53,0.1,0.1,Autumn,Holiday,No,10128300,1986
4900,19/04/2018,8,9.6,39,0.8,1003,-3.7,0.79,0.0,0.0,Spring,No Holiday,Yes,529693,29
4901,28/09/2018,4,14.7,62,1.5,2000,7.4,0.0,0.0,0.0,Autum,No Holiday,No,121895,0
4902,8/10/2018,1,11.7,52,1.1,2000,2.1,0.0,0.0,0.0,Autum,No Holiday,Yes,2705685,399
4903,19/11/2018,-4,12.4,58,1.7,1461,4.5,0.6,0.1,0.1,Sumer,No Holiday,No,912493,71
4904,26/09/2018,-6,14.2,57,1.7,1398,3.4,0.66,0.2,0.0,Wintr,Holiday,No,1742627,182
4905,1/2/2018,18,-1.0,28,,2000,-17.2,0.08,0.0,0.0,Wonter,No Holiday,Yes,3379037,573
4906,1/6/2018,3,18.6,72,1.4,1340,13.4,0.0,0.0,0.0,Summer,No Holiday,Yes,1912944,353
4907,22/11/2018,8,-1.2,33,0.5,2000,-15.4,0.04,0.0,0.0,Autmn,No Holiday,Yes,8690169,1711
4908,21/01/2018,14,5.4,18,1.2,1923,-17.0,0.96,,0.0,Wintr,No Holiday,Yes,2454828,388
4909,7/6/2018,21,21.5,69,2.6,942,15.5,0.0,0.0,0.0,Summr,No Holiday,Yes,11681038,2184
4910,13/09/2018,21,23.8,67,0.6,2000,17.2,0.0,0.0,0.0,Autumn,No Holiday,Yes,10438130,2001
4911,31/07/2018,17,38.0,36,1.3,1989,20.3,2.03,0.0,0.0,Summer,No Holiday,Yes,6876258,1196
4912,7/6/2018,2,18.8,88,0.3,500,16.7,,0.0,0.0,Sumer,No Holiday,Yes,2317352,433
4913,7/11/2018,19,13.8,81,1.5,760,10.5,0.0,0.0,0.0,Autum,No Holiday,Yes,6299188,1173
4914,2/11/2018,16,18.8,32,1.4,1717,1.7,1.09,0.0,0.0,Autumn,No Holiday,Yes,8413408,1491
4915,16/01/2018,1,1.2,64,0.7,455,-4.8,0.0,0.0,0.0,Winteer,No Holiday,Yes,1787100,226
4916,7/9/2018,0,21.3,82,3.5,1933,18.0,0.0,1.0,0.0,Auttumn,No Holiday,Yes,3747139,551
4917,21/11/2018,15,5.7,53,2.0,2000,-3.1,,0.0,0.0,Autumn,No Holiday,Yes,3738691,566
4918,8/9/2018,3,17.8,60,,2000,9.9,,0.0,0.0,Autmn,No Holiday,Yes,3001270,468
4919,19/04/2018,18,19.1,31,3.0,958,1.5,0.7,0.0,0.0,Spring,No Holiday,Yes,11288935,2179
4920,2/10/2018,20,16.8,62,2.0,2000,9.4,0.0,0.0,0.0,Autumn,No Holiday,No,347578,0
4921,11/4/2018,18,15.2,21,2.9,2000,-7.0,0.94,0.0,0.0,Spriing,No Holiday,No,996472,0
4922,14/07/2018,0,25.7,85,0.4,1519,22.9,0.0,0.0,0.0,Sumer,No Holiday,Yes,6168008,1210
4923,3/5/2018,18,13.4,49,2.4,1982,2.8,0.6,0.0,0.0,Sprng,No Holiday,Yes,12558228,2371
4924,3/4/2018,4,16.9,74,1.2,1199,12.2,0.0,0.0,0.0,Sprng,No Holiday,Yes,1459444,127
4925,9/9/2018,23,21.2,56,2.5,2000,12.0,0.0,0.0,0.0,Auttumn,No Holiday,Yes,4643664,903
4926,16/07/2018,15,33.4,44,3.1,1928,19.4,2.95,0.0,0.0,Summr,No Holiday,Yes,4293774,744
4927,20/10/2018,18,16.6,41,2.4,1811,3.2,0.04,0.0,0.0,Autmn,No Holiday,Yes,8772606,1731
4928,28/09/2018,5,14.5,60,1.4,2000,6.8,0.0,0.0,0.0,Auttumn,No Holiday,No,849816,0
4929,1/7/2018,23,21.5,97,1.5,523,20.9,0.0,5.0,0.0,Sumer,No Holiday,Yes,975277,13
4930,12/12/2017,-3,13.5,58,1.7,1468,3.8,0.63,0.1,0.0,Winteer,No Holiday,No,982817,164
4931,21/11/2018,11,7.4,30,1.4,2000,-9.0,,0.0,0.0,Autmn,No Holiday,Yes,3616011,691
4932,21/09/2018,11,18.9,91,1.8,1938,17.3,0.64,0.5,0.0,Autumn,No Holiday,Yes,1307728,95
4933,15/01/2018,-2,13.1,58,1.8,1444,3.8,0.57,0.2,0.1,Spring,No Holiday,Yes,7433506,1365
4934,6/10/2018,16,21.5,62,3.4,2000,13.9,,0.0,0.0,Autumn,No Holiday,Yes,8175653,1594
4935,23/02/2018,-8,12.4,58,1.7,1402,4.0,,0.1,0.1,Autum,No Holiday,No,452090,0
4936,17/02/2018,11,-2.8,19,2.6,1957,-23.2,1.91,0.0,0.0,Winter,Holiday,Yes,1064577,152
4937,17/05/2018,20,21.3,97,2.8,388,20.7,0.0,,0.0,Spriing,No Holiday,Yes,279599,21
4938,30/01/2018,-8,13.3,59,1.7,1446,4.3,,0.2,0.1,Summmer,No Holiday,No,3643041,643
4939,7/6/2018,14,28.2,44,1.7,644,14.7,3.11,0.0,0.0,Summr,No Holiday,Yes,5771716,1133
4940,2/1/2018,20,-1.9,26,2.2,2000,-18.9,0.0,0.0,0.0,Winteer,No Holiday,Yes,2629922,350
4941,22/02/2018,2,-2.9,57,0.0,1985,-10.2,0.0,0.0,0.0,Winteer,No Holiday,Yes,984371,105
4942,25/10/2018,6,7.5,86,1.3,1301,5.3,0.0,0.0,0.0,Auttumn,No Holiday,Yes,2834682,457
4943,3/9/2018,0,24.7,67,1.2,2000,18.1,0.0,0.0,0.0,Autumn,No Holiday,Yes,4716853,774
4944,10/8/2018,3,26.7,84,0.4,994,23.7,0.0,0.0,0.0,Sumer,No Holiday,Yes,2141401,373
4945,25/01/2018,13,-11.4,27,3.9,2000,-26.7,1.26,0.0,0.6,Winteer,No Holiday,Yes,936310,140
4946,10/6/2018,20,22.8,55,1.3,2000,13.2,0.01,0.0,0.0,Sumer,No Holiday,Yes,12566063,2334
4947,6/8/2018,9,28.4,87,1.7,1313,26.0,0.56,,0.0,Summmer,No Holiday,Yes,4272626,669
4948,17/01/2018,18,5.2,62,2.9,503,-1.5,0.01,0.0,0.0,Winteer,No Holiday,Yes,3564091,516
4949,28/07/2018,3,28.5,81,1.2,911,24.9,0.0,,0.0,Summr,No Holiday,Yes,2881287,454
4950,3/1/2018,13,-2.2,31,2.3,1910,-17.0,1.13,0.0,0.0,Winteer,No Holiday,Yes,1839654,297
4951,17/12/2017,15,-2.5,28,2.0,2000,-18.5,0.85,0.0,0.0,Winter,No Holiday,Yes,2197632,297
4952,27/09/2018,8,14.8,51,1.1,2000,4.7,0.59,0.0,0.0,Auttumn,No Holiday,Yes,10687320,2101
4953,8/7/2018,6,17.8,58,1.1,2000,9.4,0.04,0.0,0.0,Summer,No Holiday,Yes,1642964,263
4954,27/10/2018,21,7.3,49,3.4,2000,-2.7,0.0,0.0,0.0,Autumn,No Holiday,Yes,4089961,791
4955,9/6/2018,3,19.1,84,0.6,421,16.3,,0.0,0.0,Summer,No Holiday,Yes,3425833,577
4956,12/8/2018,12,33.8,44,2.0,1899,19.8,2.72,,0.0,Sumer,No Holiday,Yes,3569113,669
4957,3/4/2018,0,47.3,0,-0.3,2,10.5,,0.0,0.3,Winteer,No Holiday,No,4082723,774
4958,10/3/2018,1,2.0,75,1.0,658,-1.9,0.0,0.0,0.0,Sproing,No Holiday,Yes,1940089,313
4959,18/07/2018,16,33.1,42,2.9,1712,18.4,2.52,0.0,0.0,Summr,No Holiday,Yes,5360903,914
4960,11/2/2018,0,-6.9,36,2.1,2000,-19.5,0.0,0.0,0.0,Winter,No Holiday,Yes,1237373,127
4961,22/10/2018,22,12.7,60,0.0,680,5.1,0.0,0.0,0.0,Autmn,No Holiday,Yes,7093183,1373
4962,21/05/2018,13,22.8,31,1.9,1923,4.7,3.49,0.0,0.0,Spring,No Holiday,Yes,7864175,1472
4963,14/02/2018,15,8.7,48,4.1,767,-1.7,1.68,0.0,0.0,Winter,No Holiday,Yes,2633176,456
4964,27/06/2018,19,24.9,70,1.8,1131,19.0,0.24,0.0,0.0,Sumer,No Holiday,Yes,13246790,2601
4965,4/9/2018,-8,12.2,56,1.7,1456,3.8,0.64,0.1,0.1,Spriing,No Holiday,No,6809776,1164
4966,17/07/2018,15,31.9,51,3.3,1465,20.4,3.01,0.0,0.0,Summr,No Holiday,Yes,4851676,857
4967,26/06/2018,14,21.0,97,0.7,381,20.4,,2.5,0.0,Summer,No Holiday,Yes,463963,21
4968,21/04/2018,8,14.6,54,0.9,431,5.3,0.89,,0.0,Sproing,No Holiday,Yes,3166462,584
4969,12/11/2018,5,4.0,71,0.0,2000,-0.7,0.0,0.0,0.0,Autum,No Holiday,Yes,1200822,174
4970,23/02/2018,20,6.4,77,2.8,316,2.6,0.0,0.0,0.0,Wonter,No Holiday,Yes,1815400,299
4971,24/05/2018,2,12.5,54,0.7,1500,3.4,0.0,0.0,0.0,Spring,No Holiday,Yes,2933957,389
4972,22/02/2018,22,2.9,65,2.3,1150,-3.0,0.0,0.0,0.0,Wintr,No Holiday,Yes,2360922,355
4973,11/1/2018,20,-11.6,49,1.8,1953,-20.1,0.0,0.0,0.0,Wonter,No Holiday,Yes,1906513,193
4974,14/04/2018,0,14.8,27,2.1,2000,-4.0,0.0,0.0,0.0,Sprng,No Holiday,Yes,4296795,677
4975,27/10/2018,9,8.3,55,4.0,1853,-0.2,0.89,0.0,0.0,Autumn,No Holiday,Yes,4380682,767
4976,8/1/2018,16,3.5,36,1.7,1702,-10.2,0.16,0.0,0.0,Winteer,No Holiday,Yes,2564902,335
4977,13/10/2018,2,8.0,74,0.5,1786,3.6,0.0,0.0,0.0,Autum,No Holiday,Yes,3103508,523
4978,2/11/2018,3,5.7,72,0.8,1368,1.0,0.0,0.0,0.0,Auttumn,No Holiday,Yes,1662385,266
4979,20/07/2018,16,34.3,45,2.3,1466,20.6,,0.0,0.0,Sumer,No Holiday,Yes,4958010,882
4980,9/4/2018,17,15.3,26,0.9,1257,-4.1,1.39,0.0,0.0,Sprng,No Holiday,Yes,8491368,1502
4981,10/12/2017,7,-0.4,92,1.1,121,-1.5,0.0,0.0,4.0,Winteer,No Holiday,Yes,535387,16
4982,27/02/2018,0,2.6,40,1.8,1095,-9.6,0.0,0.0,0.0,Winter,No Holiday,Yes,1406750,228
4983,1/7/2018,21,21.8,97,0.6,692,21.2,0.0,3.5,0.0,Sumer,No Holiday,Yes,597302,11
4984,2/6/2018,12,12.4,59,,1413,4.2,,0.1,0.1,Auttumn,No Holiday,Yes,237647,0
4985,6/9/2018,-2,12.5,59,1.8,1436,3.8,0.55,0.2,0.1,Winteer,Holiday,Yes,5233687,953
4986,26/11/2018,16,13.2,44,1.6,710,1.1,0.76,0.0,0.0,Autumn,No Holiday,Yes,5019859,939
4987,23/10/2018,7,10.4,71,0.6,557,5.3,,0.0,0.0,Autum,No Holiday,Yes,4672990,906
4988,16/08/2018,23,25.0,44,2.2,2000,11.8,0.0,0.0,0.0,Summer,No Holiday,Yes,7978317,1417
4989,17/09/2018,20,-5.7,2,5.7,463,34.7,0.59,0.0,0.0,Summmer,No Holiday,No,3718446,616
4990,24/07/2018,9,31.7,59,1.0,1706,22.6,1.69,0.0,0.0,Summmer,No Holiday,Yes,5264049,922
4991,7/8/2018,9,29.3,66,1.1,2000,22.2,,0.0,0.0,Summer,No Holiday,Yes,5045461,966
4992,26/07/2018,11,30.2,67,1.5,1003,23.3,0.87,0.0,0.0,Summmer,No Holiday,Yes,3650938,634
4993,13/05/2018,6,13.5,98,0.4,251,13.1,0.01,0.0,0.0,Spriing,No Holiday,Yes,1417816,129
4994,22/12/2017,1,-1.6,79,0.6,784,-4.7,0.0,0.0,0.8,Winter,Holiday,Yes,1651188,255
4995,5/8/2018,-2,12.2,58,1.7,1455,3.9,0.63,0.2,0.0,Autmn,Holiday,No,2501734,345
4996,6/7/2018,16,26.6,54,2.3,2000,16.5,1.24,0.0,0.0,Summmer,No Holiday,Yes,8504160,1678
4997,20/02/2018,2,-0.8,76,0.8,421,-4.5,0.0,0.0,0.0,Wonter,No Holiday,Yes,1283628,122
4998,9/7/2018,8,20.7,73,0.8,2000,15.6,0.3,0.2,0.0,Summr,No Holiday,Yes,4418952,689
4999,17/04/2018,22,11.0,34,1.2,1529,-4.2,0.0,0.0,0.0,Sproing,No Holiday,Yes,5958120,1097
5000,30/08/2018,17,26.8,73,2.6,916,21.5,0.37,0.0,0.0,Summr,No Holiday,Yes,7986782,1465
5001,29/08/2018,7,25.0,85,3.0,2000,22.2,0.02,0.0,0.0,Summr,No Holiday,Yes,4708082,848
5002,2/7/2018,23,23.4,98,0.3,662,23.0,0.0,0.5,0.0,Summmer,No Holiday,Yes,1055249,173
5003,3/10/2018,23,16.1,63,0.6,2000,9.0,0.0,0.0,0.0,Autum,Holiday,Yes,6080676,1064
5004,19/12/2017,5,-3.9,66,0.7,1209,-9.3,0.0,0.0,2.6,Wintr,No Holiday,Yes,867308,44
5005,28/03/2018,6,9.6,84,0.7,301,7.0,0.0,0.0,0.0,Spriing,No Holiday,Yes,1827966,246
5006,7/12/2017,8,-0.2,96,0.8,173,-0.7,0.01,0.0,0.8,Wonter,No Holiday,Yes,4520942,723
5007,6/2/2018,9,-12.3,39,3.7,1984,-23.4,0.45,0.0,0.0,Wintr,No Holiday,Yes,1988534,206
5008,8/5/2018,20,15.8,47,1.8,2000,4.4,0.01,0.0,0.0,Spriing,No Holiday,Yes,9847864,1844
5009,30/03/2018,2,10.8,72,0.4,639,5.9,0.0,0.0,0.0,Spring,No Holiday,Yes,2148691,287
5010,5/6/2018,13,28.6,34,2.0,1274,11.1,2.82,0.0,0.0,Sumer,No Holiday,Yes,6146269,1065
5011,10/3/2018,12,7.1,50,2.2,909,-2.6,2.47,0.0,0.0,Sprng,No Holiday,Yes,3516315,677
5012,5/7/2018,9,24.2,84,,632,21.3,0.49,0.0,0.0,Summer,No Holiday,Yes,5912134,1066
5013,17/11/2018,3,2.5,77,2.3,992,-1.1,0.0,0.0,0.0,Autumn,No Holiday,Yes,2174242,290
5014,23/08/2018,-5,12.9,57,1.8,1450,4.5,0.58,0.3,0.1,Spriing,No Holiday,Yes,18615095,3693
5015,10/11/2018,1,11.2,78,1.1,467,7.4,0.0,0.0,0.0,Autumn,No Holiday,Yes,4136752,681
5016,19/08/2018,4,23.6,61,0.3,2000,15.6,0.0,0.0,0.0,Sumer,No Holiday,Yes,1532914,280
5017,17/01/2018,19,4.2,68,2.4,446,-1.1,0.0,0.0,0.0,Wonter,No Holiday,Yes,2207554,382
5018,16/11/2018,6,7.1,65,0.5,713,0.9,0.0,0.0,0.0,Autmn,No Holiday,Yes,2617741,411
5019,23/01/2018,21,-13.2,49,4.1,2000,-21.6,0.0,0.0,0.9,Winteer,No Holiday,Yes,1450404,149
5020,3/4/2018,-6,13.7,57,1.7,1432,5.0,0.54,0.1,0.0,Wintr,Holiday,No,2973679,432
5021,10/10/2018,7,12.3,84,3.2,1220,9.6,0.0,0.0,0.0,Auttumn,No Holiday,Yes,6326579,1183
5022,24/12/2017,12,4.1,91,0.8,404,2.7,0.07,9.5,0.0,Winteer,Holiday,Yes,147744,4
5023,16/12/2017,-3,12.3,59,1.7,1432,4.6,0.56,0.2,0.1,Winteer,Holiday,Yes,4682600,807
5024,7/11/2018,9,11.2,86,1.0,372,8.9,0.09,0.5,0.0,Autmn,No Holiday,Yes,4382561,713
5025,12/12/2017,8,-12.3,52,1.3,1914,-20.1,0.0,,0.0,Winteer,No Holiday,Yes,3239331,607
5026,4/5/2018,0,10.0,63,2.1,1653,3.2,0.0,0.0,0.0,Spring,No Holiday,Yes,4110794,666
5027,10/8/2018,19,33.4,49,,2000,21.2,,0.0,0.0,Summmer,No Holiday,Yes,10495433,1958
5028,6/7/2018,14,27.0,52,2.1,2000,16.2,2.51,,0.0,Sumer,No Holiday,Yes,6905525,1217
5029,17/08/2018,10,27.0,36,2.2,1977,10.6,2.34,0.0,0.0,Summmer,No Holiday,Yes,4359671,712
5030,6/8/2018,4,28.4,82,0.5,1144,25.0,0.0,0.0,0.0,Summr,No Holiday,Yes,1179665,182
5031,19/05/2018,3,10.7,73,1.3,2000,6.0,0.0,0.0,0.0,Sprng,No Holiday,Yes,2275800,334
5032,1/8/2018,20,34.5,62,2.8,1701,26.1,0.02,,0.0,Summer,No Holiday,Yes,7634917,1471
5033,21/01/2018,0,-0.3,60,1.9,340,-7.1,0.0,,0.0,Wonter,No Holiday,Yes,1774685,223
5034,31/08/2018,21,24.5,78,1.2,2000,20.4,0.0,0.0,0.0,Summmer,No Holiday,Yes,10007557,1960
5035,5/12/2017,20,-3.5,46,0.0,2000,-13.4,0.0,0.0,0.0,Winter,No Holiday,Yes,2784563,413
5036,20/01/2018,2,-0.9,65,0.6,1369,-6.6,,0.0,0.0,Wonter,No Holiday,Yes,1484607,223
5037,2/4/2018,-3,12.2,57,1.8,1458,5.1,0.57,0.3,0.1,Sprng,No Holiday,No,12566063,2334
5038,8/11/2018,22,12.4,96,2.7,545,11.7,0.0,,0.0,Autmn,No Holiday,Yes,222862,13
5039,3/2/2018,22,-9.7,45,3.0,2000,-19.4,0.0,0.0,0.0,Wintr,No Holiday,Yes,955372,100
5040,21/04/2018,12,24.3,14,3.3,1701,-4.9,3.19,0.0,0.0,Sproing,No Holiday,Yes,5663731,1101
5041,18/08/2018,23,25.9,52,1.3,2000,15.2,0.0,0.0,0.0,Sumer,No Holiday,Yes,7602996,1341
5042,6/11/2018,5,8.8,84,0.6,420,6.2,0.0,0.0,0.0,Auttumn,No Holiday,No,779235,0
5043,2/2/2018,3,-6.3,63,0.9,1425,-12.2,0.0,0.0,0.0,Wintr,No Holiday,Yes,941513,74
5044,29/06/2018,10,24.4,76,2.1,617,19.8,1.58,0.0,0.0,Summer,No Holiday,Yes,4765763,916
5045,30/12/2017,22,1.8,92,1.2,94,0.6,0.0,0.0,0.0,Wonter,No Holiday,Yes,995977,30
5046,1/8/2018,7,28.2,68,0.5,1748,21.7,0.27,0.0,0.0,Summr,No Holiday,Yes,5404067,1005
5047,31/12/2017,7,,86,1.7,367,-3.8,0.0,0.0,1.2,Wintr,Holiday,Yes,466268,36
5048,19/04/2018,-10,12.7,59,1.7,1462,4.5,0.54,0.1,0.1,Summer,No Holiday,No,4075056,765
5049,20/02/2018,14,5.0,20,3.7,1866,-16.1,,0.0,0.0,Winteer,No Holiday,Yes,2297559,333
5050,31/08/2018,2,23.4,79,0.4,1045,19.5,0.0,0.0,0.0,Summr,No Holiday,Yes,2913208,417
5051,30/12/2017,14,4.3,60,1.2,272,-2.7,0.4,,0.0,Wintr,No Holiday,Yes,2794837,381
5052,6/8/2018,23,29.4,79,1.2,777,25.3,0.0,2.0,0.0,Summr,No Holiday,Yes,5361855,1014
5053,16/11/2018,18,9.9,74,2.6,492,5.4,0.0,0.0,0.0,Autumn,No Holiday,Yes,10760264,1963
5054,7/6/2018,16,29.3,41,2.0,905,14.6,1.95,0.0,0.0,Summr,No Holiday,Yes,8476811,1536
5055,4/1/2018,18,-2.6,38,1.4,1604,-14.9,0.0,0.0,0.0,Wintr,No Holiday,Yes,4154384,665
5056,9/8/2018,13,29.7,80,1.7,1312,25.8,0.73,0.4,0.0,Summr,No Holiday,Yes,3831014,577
5057,16/05/2018,16,21.8,97,1.8,206,21.2,0.18,0.0,0.0,Sprng,No Holiday,Yes,1206145,202
5058,17/09/2018,11,23.8,54,2.1,1626,13.9,2.55,0.0,0.0,Autumn,No Holiday,Yes,5403099,889
5059,11/7/2018,13,28.7,69,2.6,1546,22.4,1.02,0.0,0.0,Sumer,No Holiday,Yes,5578974,1009
5060,24/12/2017,3,5.2,82,0.8,190,2.3,0.0,0.0,0.0,Wonter,Holiday,Yes,1303420,153
5061,1/10/2018,8,13.7,54,2.4,1960,4.5,0.39,0.0,0.0,Autmn,No Holiday,Yes,11710130,2165
5062,8/5/2018,0,16.4,72,0.8,1046,11.3,0.0,0.0,0.0,Sproing,No Holiday,Yes,3709316,689
5063,19/08/2018,22,27.7,62,0.6,2000,19.7,0.0,0.0,0.0,Summmer,No Holiday,Yes,8545788,1531
5064,17/04/2018,21,11.7,31,2.6,1617,-4.9,0.0,0.0,0.0,Spring,No Holiday,Yes,7334059,1325
5065,17/01/2018,23,-4.3,2,2.1,1724,45.7,1.41,3.7,0.9,Summr,No Holiday,No,1006766,124
5066,6/4/2018,16,6.6,50,4.0,645,-3.1,,,0.0,Sprng,No Holiday,Yes,3239196,575
5067,29/11/2018,15,6.5,32,2.6,1321,-9.0,0.35,0.0,0.0,Autumn,No Holiday,Yes,4351420,680
5068,19/08/2018,14,33.4,31,1.2,1962,13.9,2.73,0.0,0.0,Summmer,No Holiday,Yes,5316583,986
5069,30/01/2018,19,-1.7,91,1.1,167,-2.9,0.0,,3.0,Winteer,No Holiday,Yes,793561,72
5070,1/4/2018,20,17.1,80,1.5,480,13.6,0.0,0.0,0.0,Sprng,No Holiday,Yes,4989988,966
5071,18/10/2018,12,16.8,50,1.6,2000,6.3,1.94,0.0,0.0,Autum,No Holiday,Yes,6480589,1153
5072,15/07/2018,1,25.5,83,2.3,1576,22.3,0.0,0.0,0.0,Summr,No Holiday,Yes,5033530,913
5073,8/2/2018,2,-8.3,65,0.4,1750,-13.7,0.0,0.0,0.0,Wonter,No Holiday,Yes,1121671,99
5074,20/07/2018,10,29.8,59,1.2,973,20.9,2.32,0.0,0.0,Summer,No Holiday,Yes,4171946,647
5075,23/08/2018,23,26.1,84,1.9,1801,23.1,0.0,0.5,0.0,Summer,No Holiday,Yes,2125777,284
5076,5/2/2018,2,,55,1.5,2000,-18.4,0.0,0.0,0.0,Winter,No Holiday,Yes,371041,35
5077,22/07/2018,16,37.8,31,2.5,1929,17.7,2.46,0.0,0.0,Summr,No Holiday,Yes,4417602,785
5078,18/04/2018,19,14.7,40,2.4,1207,1.2,0.21,0.0,0.0,Spring,No Holiday,Yes,6084213,1080
5079,30/06/2018,4,21.7,93,0.1,244,20.5,0.0,0.0,0.0,Sumer,No Holiday,Yes,2712703,383
5080,11/6/2018,13,23.7,49,1.2,2000,12.3,1.04,,0.0,Summer,No Holiday,Yes,6486581,1146
5081,2/7/2018,10,21.4,97,0.6,563,20.8,0.27,1.0,0.0,Summr,No Holiday,Yes,961769,31
5082,14/03/2018,3,14.0,67,2.3,1733,7.9,0.0,0.0,0.0,Spriing,No Holiday,Yes,1753266,156
5083,9/8/2018,18,28.1,86,2.3,1244,25.5,0.28,0.5,0.0,Sumer,No Holiday,Yes,10189203,1861
5084,3/5/2018,5,7.0,85,,2000,4.6,0.0,0.0,0.0,Spriing,No Holiday,Yes,919091,160
5085,16/07/2018,-9,12.3,59,1.8,1350,3.7,0.53,0.2,0.1,Wonter,No Holiday,Yes,8476811,1536
5086,1/3/2018,6,3.0,96,2.7,303,2.4,0.0,0.4,0.0,Spring,Holiday,Yes,551694,35
5087,20/11/2018,-7,13.4,58,,1397,4.7,0.64,,0.1,Autumn,Holiday,Yes,1154512,146
5088,4/11/2018,19,12.9,56,2.5,1345,4.3,0.0,0.0,0.0,Autumn,No Holiday,Yes,6623568,1183
5089,13/10/2018,7,6.2,83,0.8,1100,3.5,0.01,0.0,0.0,Autumn,No Holiday,Yes,2460562,401
5090,26/06/2018,6,22.5,83,0.8,537,19.4,0.0,0.4,0.0,Sumer,No Holiday,Yes,893723,39
5091,8/2/2018,17,1.5,24,1.9,1788,-16.9,0.72,0.0,0.0,Wintr,No Holiday,Yes,2791374,366
5092,18/10/2018,22,11.6,61,0.2,2000,4.3,0.0,0.0,0.0,Autum,No Holiday,Yes,6498656,1265
5093,24/09/2018,21,16.8,58,1.2,2000,8.4,0.0,0.0,0.0,Autum,Holiday,Yes,7045406,1218
5094,26/11/2018,19,8.4,61,0.3,573,1.3,0.0,0.0,0.0,Auttumn,No Holiday,Yes,6743068,1191
5095,28/08/2018,4,22.6,95,0.4,1919,21.7,0.0,0.0,0.0,Summer,No Holiday,Yes,1425089,206
5096,18/02/2018,2,-4.7,33,0.1,2000,-18.5,0.0,0.0,0.0,Winter,No Holiday,Yes,734408,81
5097,21/07/2018,4,25.6,77,1.2,1203,21.2,0.0,,0.0,Summmer,No Holiday,Yes,1931215,325
5098,4/12/2017,18,-2.1,29,3.9,2000,-17.7,0.0,0.0,0.0,Wonter,No Holiday,Yes,4287197,831
5099,7/11/2018,12,13.2,77,1.3,589,9.2,0.5,0.0,0.0,Autmn,No Holiday,Yes,4249870,729
5100,4/9/2018,11,24.5,64,2.7,2000,17.2,2.7,0.0,0.0,Autumn,No Holiday,Yes,5069343,954
5101,20/02/2018,5,-1.8,82,1.3,375,-4.4,0.0,0.0,0.0,Wintr,No Holiday,Yes,1261640,73
5102,16/11/2018,9,8.2,61,0.6,586,1.1,0.26,,0.0,Autmn,No Holiday,Yes,5513660,967
5103,22/05/2018,7,16.3,69,0.7,1750,10.5,0.34,0.0,0.0,Spring,Holiday,Yes,3327507,472
5104,25/07/2018,18,32.2,58,2.5,1553,22.8,0.44,0.0,0.0,Sumer,No Holiday,Yes,12347504,2330
5105,19/03/2018,4,6.3,90,1.0,240,4.7,0.0,0.0,0.0,Sprng,No Holiday,Yes,794575,10
5106,10/9/2018,21,22.5,48,1.4,2000,10.9,0.0,0.0,0.0,Autum,No Holiday,Yes,10468409,2059
5107,22/02/2018,10,0.9,44,1.1,1826,-10.0,1.16,0.0,0.0,Winteer,No Holiday,Yes,1966500,262
5108,26/04/2018,13,20.6,30,,1048,2.3,2.67,0.0,0.0,Spriing,No Holiday,Yes,6921356,1193
5109,17/06/2018,1,20.9,79,2.0,932,17.1,0.0,0.0,0.0,Sumer,No Holiday,Yes,5256075,944
5110,22/05/2018,11,21.9,55,1.4,1820,12.4,1.87,0.0,0.0,Sproing,Holiday,Yes,7683492,1506
5111,13/12/2017,5,-11.5,58,1.1,1923,-18.1,0.0,0.0,0.0,Wonter,No Holiday,Yes,600201,62
5112,10/7/2018,16,26.3,74,0.7,1580,21.2,0.52,0.0,0.0,Summmer,No Holiday,Yes,7658835,1410
5113,1/12/2017,16,1.2,54,4.2,793,-7.0,0.24,0.0,0.0,Wonter,No Holiday,Yes,2756854,472
5114,23/10/2018,-3,12.0,59,1.7,1392,5.0,0.53,,0.1,Wonter,Holiday,Yes,4333055,734
5115,26/08/2018,20,22.4,64,0.8,2000,15.2,0.0,,0.0,Summr,No Holiday,Yes,8902054,1698
5116,7/5/2018,4,14.4,85,0.8,1437,11.9,0.0,0.0,0.0,Spriing,No Holiday,Yes,1171637,184
5117,21/02/2018,15,4.2,15,2.7,1995,-20.2,2.21,,0.0,Wintr,No Holiday,Yes,2068691,349
5118,18/12/2017,-3,12.7,59,1.8,1413,3.5,0.55,0.1,0.1,Summr,Holiday,No,10055493,1902
5119,6/7/2018,-7,12.5,58,1.8,1398,5.0,0.6,0.2,0.1,Sprng,No Holiday,No,3296136,514
5120,14/02/2018,6,1.1,66,0.9,1550,-4.5,0.0,0.0,0.0,Wintr,No Holiday,Yes,776572,127
5121,12/8/2018,20,29.4,86,1.1,1194,26.8,0.03,4.0,0.0,Sumer,No Holiday,Yes,6576564,1213
5122,16/07/2018,3,25.1,85,0.7,1507,22.3,0.0,0.0,0.0,Summer,No Holiday,Yes,1673263,313
5123,9/2/2018,5,-4.2,44,1.1,1196,-14.6,0.0,0.0,0.0,Wintr,No Holiday,Yes,544133,55
5124,11/9/2018,8,17.8,53,1.4,2000,8.0,0.51,0.0,0.0,Autum,No Holiday,Yes,12275424,2359
5125,1/9/2018,19,27.8,48,1.1,2000,15.7,0.08,0.0,0.0,Autumn,No Holiday,Yes,9768984,1865
5126,30/03/2018,9,13.7,46,1.3,972,2.2,1.08,0.0,0.0,Spriing,No Holiday,Yes,4210012,786
5127,20/05/2018,5,12.1,47,1.6,2000,1.1,0.0,0.0,0.0,Sprng,No Holiday,Yes,1427407,183
5128,10/6/2018,6,18.3,71,0.9,2000,12.9,0.0,0.0,0.0,Summmer,No Holiday,Yes,1647844,229
5129,5/7/2018,12,27.0,68,1.1,1744,20.5,1.2,0.0,0.0,Summer,No Holiday,Yes,5963095,1025
5130,26/05/2018,8,17.8,52,0.6,1094,7.8,1.18,0.0,0.0,Sprng,No Holiday,Yes,4217409,799
5131,22/11/2018,11,5.1,21,3.2,1965,-15.4,1.63,0.0,0.0,Autumn,No Holiday,Yes,4203837,666
5132,2/5/2018,21,10.5,94,2.8,1627,9.5,0.0,1.0,0.0,Sproing,No Holiday,Yes,1705052,304
5133,30/11/2018,15,7.0,20,3.3,1994,-14.4,1.21,0.0,0.0,Auttumn,No Holiday,Yes,4247867,772
5134,28/02/2018,13,7.6,57,2.3,554,-0.3,0.33,0.0,0.0,Wintr,No Holiday,Yes,822492,88
5135,28/11/2018,-4,13.7,58,1.8,1405,4.2,0.59,0.1,0.1,Autum,Holiday,Yes,6072333,1028
5136,19/06/2018,23,20.1,73,1.9,771,15.1,0.0,0.0,0.0,Summmer,No Holiday,Yes,8204945,1488
5137,13/03/2018,22,13.5,81,2.8,933,10.2,,0.0,0.0,Spriing,No Holiday,Yes,5103581,858
5138,4/5/2018,17,18.1,30,4.6,1925,0.2,1.86,0.0,0.0,Spring,No Holiday,Yes,10132461,1831
5139,11/9/2018,5,17.2,54,1.3,2000,7.7,0.0,0.0,0.0,Autumn,No Holiday,Yes,1676138,249
5140,15/08/2018,17,33.6,55,3.9,1929,23.3,,0.0,0.0,Sumer,Holiday,Yes,5353347,1006
5141,22/01/2018,6,0.0,33,0.4,2000,-14.3,0.0,,0.0,Wonter,No Holiday,Yes,1555360,158
5142,22/04/2018,4,14.9,35,0.8,2000,-0.4,0.0,0.0,0.0,Spring,No Holiday,Yes,1860786,199
5143,5/5/2018,10,18.1,46,2.9,1755,6.2,2.17,0.0,0.0,Sproing,No Holiday,Yes,4673733,874
5144,23/07/2018,20,31.5,61,1.8,2000,23.0,0.07,0.0,0.0,Summer,No Holiday,Yes,10406633,2061
5145,14/01/2018,0,-4.4,81,0.7,414,-7.1,0.0,0.0,0.0,Winteer,No Holiday,Yes,817258,138
5146,9/5/2018,15,21.2,35,2.9,1733,5.1,2.88,,0.0,Sproing,No Holiday,Yes,6916122,1317
5147,24/01/2018,5,-15.6,29,3.7,2000,-29.6,0.0,0.0,0.9,Wintr,No Holiday,Yes,545864,33
5148,29/06/2018,5,22.1,97,0.5,152,21.5,0.0,1.5,0.0,Summer,No Holiday,Yes,1519728,114
5149,27/06/2018,8,19.7,97,1.5,200,19.2,,0.0,0.0,Summmer,No Holiday,Yes,10647795,1991
5150,28/09/2018,10,17.4,51,1.3,1989,7.1,0.81,0.0,0.0,Auttumn,No Holiday,No,505953,0
5151,23/06/2018,6,21.0,48,0.6,2000,9.5,0.01,0.0,0.0,Summer,No Holiday,Yes,2314375,436
5152,7/10/2018,14,20.2,42,2.8,1832,6.8,1.87,0.0,0.0,Autmn,No Holiday,Yes,10701637,2035
5153,7/4/2018,5,1.6,62,4.9,1372,-4.9,0.0,0.0,0.0,Sproing,No Holiday,Yes,697790,58
5154,15/04/2018,9,8.6,66,1.7,881,2.5,1.16,0.0,0.0,Spring,No Holiday,Yes,3296136,514
5155,6/11/2018,8,8.7,77,0.7,529,4.8,0.11,0.0,0.0,Autum,No Holiday,No,261241,0
5156,3/2/2018,17,-5.6,32,4.6,2000,-19.7,,,0.0,Winteer,No Holiday,Yes,1204908,198
5157,23/01/2018,5,-10.5,46,3.0,2000,-19.9,0.0,0.0,1.0,Winteer,No Holiday,Yes,1223511,46
5158,3/9/2018,0,24.7,67,1.2,2000,18.1,0.0,0.0,0.0,Autumn,No Holiday,Yes,4716853,774
5159,13/01/2018,-8,12.9,58,1.8,1387,3.8,0.63,0.2,0.0,Winter,No Holiday,No,4772679,817
5160,27/06/2018,7,19.3,98,1.0,188,18.9,0.06,0.0,0.0,Summmer,No Holiday,Yes,6182457,1042
5161,20/05/2018,17,22.4,23,2.4,2000,0.2,1.89,0.0,0.0,Sproing,No Holiday,Yes,12859592,2425
5162,20/09/2018,19,18.9,78,2.2,2000,14.9,0.0,0.0,0.0,Autum,No Holiday,Yes,7377144,1308
5163,4/11/2018,0,9.1,63,0.6,1292,2.4,,0.0,0.0,Autmn,No Holiday,Yes,3902822,698
5164,20/08/2018,1,26.6,64,,2000,19.2,0.0,0.0,0.0,Summr,No Holiday,Yes,3549104,568
5165,16/02/2018,6,-5.2,42,0.7,1980,-16.1,0.0,0.0,0.0,Wonter,Holiday,Yes,369865,38
5166,12/2/2018,8,-9.1,33,2.1,1998,-22.4,0.03,,0.0,Wintr,No Holiday,Yes,3044971,542
5167,11/1/2018,5,-11.9,61,1.8,1759,-17.9,,0.0,0.0,Winter,No Holiday,Yes,966831,30
5168,6/7/2018,2,22.8,65,1.8,2000,15.8,0.0,0.0,0.0,Summr,No Holiday,Yes,3117233,536
5169,15/05/2018,5,15.7,76,0.6,330,11.4,0.0,,0.0,Sproing,No Holiday,Yes,1341558,189
5170,11/8/2018,0,29.8,63,2.0,2000,21.9,0.0,0.0,0.0,Sumer,No Holiday,Yes,6107244,1061
5171,8/12/2017,6,-6.0,56,3.5,1853,-13.3,0.0,0.0,0.0,Winteer,No Holiday,Yes,1261441,141
5172,8/6/2018,16,26.6,49,3.2,1200,15.0,2.35,0.0,0.0,Sumer,No Holiday,Yes,8260010,1626
5173,13/05/2018,0,15.5,97,1.5,181,15.0,0.0,0.5,0.0,Sprng,No Holiday,Yes,1342114,152
5174,17/04/2018,11,16.9,27,1.5,1354,-2.2,2.66,0.0,0.0,Sprng,No Holiday,Yes,5149311,880
5175,4/5/2018,9,14.1,42,1.9,1893,1.3,1.78,0.0,0.0,Sproing,No Holiday,Yes,5893634,1103
5176,16/09/2018,23,21.3,80,2.6,1203,17.7,0.0,0.0,0.0,Autmn,No Holiday,Yes,3356268,635
5177,31/08/2018,19,26.5,69,2.3,2000,20.3,0.18,0.0,0.0,Sumer,No Holiday,Yes,12376941,2410
5178,20/03/2018,5,4.1,42,3.1,2000,-7.6,0.0,0.0,0.0,Spriing,No Holiday,Yes,667946,90
5179,13/06/2018,19,22.8,64,2.3,1444,15.6,0.45,0.0,0.0,Sumer,No Holiday,Yes,12456888,2424
5180,6/2/2018,4,-12.0,36,2.7,1998,-24.0,0.0,0.0,0.0,Winter,No Holiday,Yes,641822,28
5181,5/5/2018,9,16.1,50,2.6,1628,5.6,1.52,0.0,0.0,Spriing,No Holiday,Yes,4091801,706
5182,2/5/2018,10,17.7,88,1.1,322,15.6,0.36,0.0,0.0,Sproing,No Holiday,Yes,3047304,490
5183,23/04/2018,18,9.4,96,1.9,600,8.7,0.07,1.0,0.0,Sprng,No Holiday,Yes,1101664,40
5184,5/10/2018,2,18.2,64,2.0,2000,11.2,0.0,0.0,0.0,Autumn,No Holiday,Yes,3585387,552
5185,2/7/2018,14,23.3,96,0.3,434,22.6,0.53,0.0,0.0,Summer,No Holiday,Yes,2590722,325
5186,11/4/2018,19,13.2,28,2.9,2000,-4.9,0.22,0.0,0.0,Sproing,No Holiday,No,863320,0
5187,14/05/2018,6,12.1,89,0.3,252,10.3,0.02,0.0,0.0,Spring,No Holiday,Yes,3463724,553
5188,14/06/2018,-6,13.1,59,1.6,1452,4.1,0.52,0.2,0.0,Sumer,No Holiday,Yes,7838990,1423
5189,2/12/2017,12,4.3,41,1.3,1666,-7.8,1.09,0.0,0.0,Winteer,No Holiday,Yes,2695503,499
5190,27/12/2017,12,-5.5,21,2.1,1941,-24.4,1.08,0.0,0.0,Wonter,No Holiday,Yes,1729202,278
5191,10/4/2018,20,19.1,58,6.1,2000,10.6,0.0,0.0,0.0,Spring,No Holiday,Yes,2132199,339
5192,2/8/2018,16,37.9,39,1.6,1757,21.5,,,0.0,Summer,No Holiday,Yes,4049863,651
5193,15/06/2018,14,26.4,43,2.1,1944,12.8,3.23,0.0,0.0,Summr,No Holiday,Yes,5388949,1043
5194,4/5/2018,5,9.2,63,0.8,1896,2.5,0.0,0.0,0.0,Sproing,No Holiday,Yes,1796363,179
5195,1/2/2018,12,-1.1,31,1.3,1869,-16.1,1.2,0.0,1.3,Wonter,No Holiday,Yes,2224738,258
5196,29/07/2018,17,36.3,36,1.5,2000,18.8,1.87,0.0,0.0,Sumer,No Holiday,Yes,4816346,911
5197,21/02/2018,13,2.9,14,3.3,2000,-22.0,2.14,0.0,0.0,Wintr,No Holiday,Yes,2263021,317
5198,29/03/2018,22,13.3,71,2.1,581,8.1,0.0,0.0,0.0,Spring,No Holiday,Yes,5149098,913
5199,16/09/2018,3,22.6,89,0.6,578,20.6,0.0,0.2,0.0,Autumn,No Holiday,Yes,2234377,301
5200,5/12/2017,14,-1.1,28,0.0,2000,-17.3,0.0,0.0,0.0,Wonter,No Holiday,Yes,2369204,333
5201,7/1/2018,17,2.3,33,0.2,1515,-12.3,0.13,0.0,0.0,Wonter,No Holiday,Yes,2226794,331
5202,19/02/2018,14,,38,1.6,1087,-7.6,1.1,0.0,0.0,Winter,No Holiday,Yes,1938248,343
5203,12/1/2018,9,-14.9,40,1.2,1999,-25.5,0.16,0.0,0.0,Wintr,No Holiday,Yes,1640851,179
5204,21/01/2018,5,-2.6,49,1.1,1065,-11.8,0.0,0.0,0.0,Wintr,No Holiday,Yes,888958,28
5205,29/06/2018,17,28.5,60,2.6,1014,19.9,1.33,0.0,0.0,Summr,No Holiday,Yes,11095483,2169
5206,24/10/2018,10,13.0,63,0.9,854,6.1,1.5,0.0,0.0,Autmn,No Holiday,Yes,4417033,792
5207,11/9/2018,11,23.7,40,2.0,2000,9.2,2.6,0.0,0.0,Autmn,No Holiday,Yes,5490445,1065
5208,14/01/2018,9,-3.4,77,1.6,432,-6.8,0.12,0.0,0.0,Wintr,No Holiday,Yes,1242074,118
5209,11/7/2018,7,24.6,97,0.3,180,24.0,0.07,0.5,0.0,Summer,No Holiday,Yes,2204118,311
5210,28/09/2018,-4,13.9,59,1.7,1506,3.6,0.52,0.2,0.1,Winteer,Holiday,No,5391754,1039
5211,5/10/2018,9,16.3,85,1.8,942,13.7,0.13,1.2,0.0,Autum,No Holiday,Yes,358211,46
5212,30/10/2018,10,6.1,38,2.5,1914,-7.1,1.51,0.0,0.0,Autum,No Holiday,Yes,3787318,684
5213,29/01/2018,0,-9.3,45,0.7,1976,-19.0,,,0.0,Wonter,No Holiday,Yes,992881,92
5214,28/06/2018,-3,13.1,57,1.8,1414,4.0,0.64,0.2,0.1,Spring,Holiday,Yes,731623,0
5215,25/10/2018,20,15.3,50,0.5,1647,4.9,0.0,0.0,0.0,Autmn,No Holiday,Yes,8992030,1669
5216,18/10/2018,3,8.6,74,0.6,1985,4.2,,0.0,0.0,Auttumn,No Holiday,Yes,1730670,246
5217,11/5/2018,9,14.3,72,0.7,342,9.3,0.84,0.0,0.0,Sprng,No Holiday,Yes,5697134,952
5218,1/6/2018,12,28.2,34,2.6,1867,10.8,3.26,0.0,0.0,Summmer,No Holiday,Yes,6183523,1102
5219,19/03/2018,3,6.5,88,0.9,276,4.6,0.0,0.3,0.0,Sproing,No Holiday,Yes,751400,12
5220,15/11/2018,18,12.1,46,1.4,799,0.8,0.01,0.0,0.0,Autmn,No Holiday,Yes,10955626,1994
5221,9/1/2018,17,-2.9,66,3.6,743,-8.3,0.23,0.0,0.0,Winteer,No Holiday,Yes,1843633,324
5222,4/2/2018,9,-12.4,51,3.8,1415,-20.4,0.38,0.0,0.0,Winteer,No Holiday,Yes,846250,122
5223,21/07/2018,11,32.9,45,2.1,1020,19.3,2.72,0.0,0.0,Summmer,No Holiday,Yes,3978229,703
5224,16/03/2018,11,8.2,45,2.4,1992,-3.0,2.38,0.0,0.0,Spriing,No Holiday,Yes,3484233,564
5225,31/10/2018,5,4.1,74,0.9,2000,-0.1,0.0,0.0,0.0,Auttumn,No Holiday,Yes,1099915,149
5226,19/09/2018,21,21.7,63,1.8,1078,14.3,0.0,0.1,0.0,Autmn,No Holiday,No,246014,0
5227,10/11/2018,15,16.6,36,2.5,808,1.4,1.45,0.0,0.0,Autumn,No Holiday,Yes,7270031,1274
5228,2/7/2018,12,22.4,97,1.0,945,21.8,0.46,0.0,0.0,Summr,No Holiday,Yes,1382129,222
5229,25/11/2018,12,6.9,59,0.9,669,-0.5,1.31,0.0,2.2,Autumn,No Holiday,Yes,3702902,675
5230,2/6/2018,5,17.8,69,1.1,951,12.0,0.0,,0.0,Summer,No Holiday,Yes,1922663,248
5231,26/04/2018,5,10.2,73,0.8,1137,5.5,0.0,0.0,0.0,Spring,No Holiday,Yes,1321198,196
5232,22/12/2017,20,5.9,67,1.3,779,0.2,,0.0,0.0,Winter,Holiday,Yes,2131081,339
5233,8/12/2017,13,-1.7,28,1.8,1963,-17.8,1.22,0.0,0.0,Winteer,No Holiday,Yes,1865701,343
5234,22/02/2018,12,4.8,47,2.6,1373,-5.5,,0.0,0.0,Wonter,No Holiday,Yes,2613654,352
5235,12/8/2018,2,29.0,60,1.4,2000,20.4,0.0,0.0,0.0,Summr,No Holiday,Yes,3154328,564
5236,3/1/2018,11,-4.5,36,3.2,1736,-17.3,0.77,0.0,0.0,Wonter,No Holiday,Yes,1967491,271
5237,26/02/2018,13,8.1,26,1.2,1422,-10.2,2.48,0.0,0.0,Winteer,No Holiday,Yes,2715528,491
5238,3/9/2018,11,23.7,86,0.6,1798,21.2,,0.0,0.0,Autmn,No Holiday,Yes,2554559,481
5239,21/05/2018,23,16.3,70,0.7,1293,10.8,0.0,0.0,0.0,Spring,No Holiday,Yes,6216657,1217
5240,26/07/2018,-3,11.8,56,1.7,1411,3.6,,0.1,0.1,Spring,Holiday,No,10155832,1842
5241,20/09/2018,0,20.1,58,0.3,2000,11.5,0.0,,0.0,Autum,No Holiday,Yes,4996677,812
5242,12/6/2018,23,,72,0.6,1989,14.3,0.0,0.0,0.0,Summer,No Holiday,Yes,9200135,1667
5243,13/04/2018,20,16.2,22,0.9,2000,-5.5,0.0,0.0,0.0,Sproing,No Holiday,Yes,8141283,1443
5244,19/08/2018,0,25.3,53,2.4,2000,15.0,0.0,0.0,0.0,Summmer,No Holiday,Yes,6394919,1100
5245,13/01/2018,23,-4.4,81,0.7,420,-7.1,0.0,0.0,0.0,Winteer,No Holiday,Yes,951014,106
5246,22/03/2018,16,10.3,34,3.8,1850,-4.9,1.93,0.0,0.0,Spring,No Holiday,Yes,4585219,855
5247,26/11/2018,18,9.5,56,0.5,628,1.1,0.0,0.0,0.0,Autum,No Holiday,Yes,9678255,1812
5248,25/12/2017,13,-1.5,33,3.8,2000,-15.7,1.18,0.0,0.0,Wonter,Holiday,Yes,1892059,240
5249,6/5/2018,5,15.4,96,0.3,208,14.7,0.0,2.0,0.0,Spring,No Holiday,Yes,952100,15
5250,3/2/2018,1,-2.3,71,3.2,1078,-6.8,0.0,0.0,0.0,Winter,No Holiday,Yes,1713358,183
5251,21/01/2018,2,,63,1.0,380,-7.6,0.0,0.0,0.0,Wonter,No Holiday,Yes,1111240,113
5252,14/02/2018,16,8.0,36,3.5,1013,-6.1,1.09,0.0,0.0,Winteer,No Holiday,Yes,2982166,482
5253,26/01/2018,8,-17.8,40,2.5,2000,-28.1,0.0,0.0,0.5,Winteer,No Holiday,Yes,2038357,335
5254,12/11/2018,2,4.8,66,1.6,2000,-1.0,,0.0,0.0,Autumn,No Holiday,Yes,1842991,176
5255,16/06/2018,5,16.6,65,1.2,2000,9.9,0.0,0.0,0.0,Summr,No Holiday,Yes,1903563,249
5256,12/2/2018,11,-6.1,25,2.8,1976,-22.9,1.28,0.0,0.0,Winteer,No Holiday,Yes,1892397,208
5257,9/5/2018,14,,36,2.2,1788,5.0,3.1,0.0,0.0,Sprng,No Holiday,Yes,6918088,1205
5258,28/05/2018,0,17.3,55,0.7,1741,8.1,0.0,0.0,0.0,Sprng,No Holiday,Yes,5011742,803
5259,15/04/2018,15,13.1,54,4.1,1264,3.9,1.98,0.0,0.0,Spriing,No Holiday,Yes,1674153,266
5260,12/4/2018,23,12.6,16,1.7,2000,-12.6,,0.0,0.0,Sproing,No Holiday,Yes,4608569,759
5261,27/04/2018,23,14.0,66,1.2,519,7.7,0.0,0.0,0.0,Sproing,No Holiday,Yes,5841409,1047
5262,15/08/2018,4,28.8,73,0.5,1835,23.4,0.0,,0.0,Sumer,Holiday,Yes,2176406,292
5263,24/07/2018,11,33.9,46,1.6,1387,20.6,2.15,0.0,0.0,Summr,No Holiday,Yes,4252214,674
5264,28/05/2018,23,,53,1.6,1712,10.9,0.0,0.0,0.0,Spring,No Holiday,Yes,7013444,1243
5265,7/12/2017,22,-2.7,48,2.6,1844,-12.2,0.0,0.0,0.0,Wintr,No Holiday,Yes,2718059,370
5266,20/04/2018,7,11.3,62,0.7,774,4.2,0.17,0.0,0.0,Spriing,No Holiday,Yes,5730142,1011
5267,23/07/2018,10,31.8,51,1.5,1900,20.4,,0.0,0.0,Summr,No Holiday,Yes,4103798,626
5268,18/02/2018,12,2.2,17,1.0,1979,-20.4,,0.0,0.0,Winteer,No Holiday,Yes,2279688,273
5269,7/4/2018,11,4.7,26,4.8,1927,-13.2,1.55,0.0,0.0,Spriing,No Holiday,Yes,3659579,551
5270,28/04/2018,18,18.9,30,2.6,1995,0.9,1.05,0.0,0.0,Sprng,No Holiday,Yes,9948549,1912
5271,23/11/2018,19,2.9,26,1.1,2000,-14.7,0.0,0.0,0.0,Auttumn,No Holiday,Yes,5773485,1027
5272,25/08/2018,0,23.2,81,2.4,1976,19.7,0.0,0.0,0.0,Summer,No Holiday,Yes,5845527,1030
5273,28/10/2018,7,6.9,88,,1991,5.0,0.0,0.0,0.0,Autmn,No Holiday,Yes,1185987,124
5274,1/11/2018,17,13.7,37,1.4,2000,-0.7,,0.0,0.0,Auttumn,No Holiday,Yes,7641063,1500
5275,21/02/2018,3,-3.4,32,0.9,1977,-17.7,0.0,0.0,0.0,Winteer,No Holiday,Yes,973531,65
5276,31/05/2018,5,14.4,82,1.2,708,11.3,0.0,0.0,0.0,Sproing,No Holiday,Yes,1541355,265
5277,21/03/2018,6,1.4,42,1.7,2000,-10.1,0.0,0.0,0.0,Sprng,No Holiday,Yes,1573650,195
5278,31/03/2018,13,19.3,37,3.0,1257,4.2,2.53,0.0,0.0,Spriing,No Holiday,Yes,7164012,1237
5279,11/12/2017,-2,12.4,59,1.6,1402,5.1,0.51,,0.1,Summer,No Holiday,No,4098951,652
5280,23/06/2018,17,28.1,49,3.2,1117,16.3,1.62,0.0,0.0,Summr,No Holiday,Yes,11083516,2181
5281,11/8/2018,2,28.5,68,1.1,1839,22.0,0.0,0.0,0.0,Summmer,No Holiday,Yes,3851246,711
5282,22/12/2017,5,-0.2,73,0.8,880,-4.4,0.0,0.0,0.7,Wonter,Holiday,Yes,473239,62
5283,5/12/2017,18,-2.6,40,0.0,2000,-14.4,0.0,0.0,0.0,Wintr,No Holiday,Yes,4352914,836
5284,28/09/2018,13,19.1,53,,2000,9.2,0.76,0.0,0.0,Autmn,No Holiday,No,134611,0
5285,22/09/2018,-4,12.9,58,1.8,1440,4.1,0.56,,0.0,Sprng,No Holiday,Yes,6498564,1203
5286,17/03/2018,22,7.0,55,2.7,1041,-1.4,0.0,0.0,0.0,Sprng,No Holiday,Yes,3684283,544
5287,3/5/2018,21,11.9,48,1.9,1918,1.2,0.0,0.0,0.0,Sproing,No Holiday,Yes,7702706,1418
5288,14/06/2018,7,19.4,97,0.9,272,18.9,0.0,13.5,0.0,Summmer,No Holiday,Yes,1009404,103
5289,11/8/2018,14,34.5,43,2.6,2000,20.0,2.37,0.0,0.0,Summr,No Holiday,Yes,4480956,784
5290,4/4/2018,16,17.9,42,1.1,2000,4.7,,0.0,0.0,Sproing,No Holiday,Yes,7822921,1436
5291,17/02/2018,1,-3.1,36,3.5,2000,-16.0,0.0,0.0,0.0,Wintr,Holiday,Yes,877356,71
5292,11/6/2018,19,19.4,85,1.2,1651,16.8,0.08,0.5,0.0,Summr,No Holiday,Yes,4683087,829
5293,30/04/2018,0,14.7,54,1.3,718,5.4,0.0,0.0,0.0,Sprng,No Holiday,Yes,3722266,607
5294,10/9/2018,12,26.7,40,1.4,2000,11.9,2.92,0.0,0.0,Autmn,No Holiday,Yes,6060433,1079
5295,22/10/2018,14,20.6,30,2.2,839,2.3,,0.0,0.0,Auttumn,No Holiday,Yes,5908432,1128
5296,1/3/2018,21,-3.0,50,3.7,1301,-11.9,0.0,0.0,0.0,Spriing,Holiday,Yes,2027776,243
5297,17/06/2018,20,,67,2.1,1060,16.6,0.03,0.0,0.0,Summmer,No Holiday,Yes,13214463,2498
5298,18/08/2018,10,27.0,37,1.2,1962,11.0,2.32,,0.0,Summer,No Holiday,Yes,4393275,775
5299,15/12/2017,14,-0.7,39,0.8,826,-12.9,0.35,0.0,0.0,Winter,No Holiday,Yes,2677720,337
5300,25/04/2018,3,7.1,60,,2000,-0.1,0.0,0.0,0.0,Spring,No Holiday,Yes,1812874,222
5301,24/05/2018,0,13.7,51,1.3,1651,3.7,0.0,0.0,0.0,Spring,No Holiday,Yes,4519226,743
5302,15/08/2018,16,36.6,39,0.7,2000,20.3,0.44,0.0,0.0,Sumer,Holiday,Yes,4572670,865
5303,16/01/2018,14,6.5,43,0.8,468,-5.2,0.52,0.0,0.0,Wintr,No Holiday,Yes,1894114,304
5304,29/01/2018,19,-7.1,40,3.2,2000,-18.4,0.0,0.0,0.0,Wintr,No Holiday,Yes,1778085,292
5305,19/03/2018,5,6.2,89,1.5,338,4.5,0.0,0.0,0.0,Sproing,No Holiday,Yes,937017,36
5306,3/5/2018,22,11.2,60,2.3,1684,3.7,0.0,0.0,0.0,Spring,No Holiday,Yes,6523268,1139
5307,16/11/2018,17,11.0,70,2.9,617,5.7,0.12,0.0,0.0,Autumn,No Holiday,Yes,7677531,1364
5308,19/10/2018,11,,35,1.1,2000,0.8,2.13,,0.0,Autumn,No Holiday,Yes,5375241,947
5309,1/2/2018,2,-5.5,53,2.1,1980,-13.5,0.0,0.0,1.6,Winteer,No Holiday,Yes,1071925,113
5310,12/1/2018,7,-15.1,45,0.9,2000,-24.4,0.0,,0.0,Wintr,No Holiday,Yes,1605077,203
5311,11/9/2018,8,17.8,53,1.4,2000,8.0,0.51,0.0,0.0,Autum,No Holiday,Yes,12275424,2359
5312,8/3/2018,21,3.1,74,3.2,465,-1.0,0.0,0.0,0.0,Spring,No Holiday,Yes,3591361,565
5313,12/3/2018,20,9.4,50,2.1,391,-0.5,,0.0,0.0,Sproing,No Holiday,Yes,4754731,830
5314,5/8/2018,18,31.8,63,4.0,1849,23.8,0.81,0.0,0.0,Summer,No Holiday,Yes,6923216,1282
5315,26/08/2018,21,22.5,65,1.1,2000,15.5,,0.0,0.0,Summr,No Holiday,Yes,7531494,1355
5316,20/03/2018,10,7.4,35,3.5,1990,-7.0,1.81,0.0,0.0,Sproing,No Holiday,Yes,3134303,444
5317,24/02/2018,17,4.9,28,3.1,1477,-12.1,0.77,0.0,0.0,Winteer,No Holiday,Yes,2579875,453
5318,22/09/2018,11,22.7,55,2.7,1297,13.1,1.86,0.0,0.0,Autum,No Holiday,Yes,6079644,1080
5319,15/12/2017,1,-6.3,57,0.4,1148,-13.4,0.0,0.0,0.0,Wonter,No Holiday,Yes,1998374,264
5320,18/05/2018,14,16.7,88,1.5,1760,14.6,0.72,0.0,0.0,Spriing,No Holiday,Yes,3791275,710
5321,28/04/2018,5,10.9,81,1.7,348,7.7,0.0,0.0,0.0,Sprng,No Holiday,Yes,1438009,131
5322,29/12/2017,3,0.6,64,0.4,731,-5.4,0.0,0.0,0.0,Wonter,No Holiday,Yes,819117,137
5323,4/1/2018,17,-2.1,37,1.4,1591,-14.8,0.09,0.0,0.0,Winter,No Holiday,Yes,2817185,383
5324,18/01/2018,-10,12.3,59,1.7,1438,3.2,0.57,0.1,0.1,Autumn,Holiday,No,3582326,558
5325,22/05/2018,15,21.1,72,2.7,663,15.8,0.31,0.1,0.0,Sprng,Holiday,Yes,1425109,189
5326,24/09/2018,6,14.3,66,0.5,2000,8.0,0.0,0.0,0.0,Autmn,Holiday,Yes,1243596,142
5327,6/3/2018,8,-0.7,76,1.0,1461,-4.4,0.2,,0.0,Sprng,No Holiday,Yes,5387359,1041
5328,22/05/2018,10,20.7,55,1.8,1698,11.3,1.43,0.0,0.0,Spriing,Holiday,Yes,6344229,1160
5329,30/06/2018,12,25.2,94,2.8,166,24.1,,,0.0,Summmer,No Holiday,Yes,4685371,797
5330,11/4/2018,15,17.0,28,3.5,1804,-1.6,2.9,0.0,0.0,Spring,No Holiday,No,281049,0
5331,8/5/2018,19,17.9,42,2.1,2000,4.7,0.37,0.0,0.0,Spriing,No Holiday,Yes,11308642,2231
5332,16/01/2018,23,3.9,60,0.9,379,-3.1,0.0,0.0,0.0,Wintr,No Holiday,Yes,2091842,239
5333,13/05/2018,17,19.4,63,2.6,1099,12.1,1.61,0.0,0.0,Spring,No Holiday,Yes,12426956,2426
5334,27/08/2018,-6,12.2,57,1.7,1427,5.0,0.65,0.2,0.1,Sumer,No Holiday,No,752000,97
5335,20/07/2018,16,34.3,45,2.3,1466,20.6,,0.0,0.0,Sumer,No Holiday,Yes,4958010,882
5336,22/02/2018,4,-2.4,58,0.3,2000,-9.5,0.0,0.0,0.0,Winter,No Holiday,Yes,420353,59
5337,9/7/2018,13,20.3,87,1.0,771,18.0,0.31,0.5,0.0,Summmer,No Holiday,Yes,1028127,94
5338,31/08/2018,19,26.5,69,2.3,2000,20.3,0.18,0.0,0.0,Sumer,No Holiday,Yes,12376941,2410
5339,15/05/2018,-7,11.9,57,1.8,1414,3.3,0.61,0.1,0.1,Wonter,Holiday,Yes,1992542,346
5340,20/03/2018,4,4.4,44,3.1,2000,-6.8,0.0,0.0,0.0,Sprng,No Holiday,Yes,676036,74
5341,5/9/2018,12,27.1,44,5.0,2000,13.7,2.8,0.0,0.0,Autmn,No Holiday,Yes,6362682,1123
5342,13/01/2018,20,-3.9,78,1.1,596,-7.1,0.0,0.0,0.0,Winter,No Holiday,Yes,1176392,153
5343,27/05/2018,22,18.6,50,1.0,1830,7.9,0.0,0.0,0.0,Sproing,No Holiday,Yes,7600218,1473
5344,27/02/2018,15,6.7,48,0.8,817,-3.5,0.39,0.0,0.0,Winter,No Holiday,Yes,2782711,363
5345,5/1/2018,15,1.5,34,2.8,1776,-12.6,0.84,0.0,0.0,Winter,No Holiday,Yes,2274008,340
5346,4/8/2018,13,33.6,54,3.7,1754,23.0,2.56,0.0,0.0,Summer,No Holiday,Yes,4048728,770
5347,18/08/2018,1,23.9,51,0.9,2000,13.1,0.0,0.0,0.0,Summer,No Holiday,Yes,5592099,978
5348,16/07/2018,2,25.4,84,0.6,1340,22.4,0.0,0.0,0.0,Summr,No Holiday,Yes,2430472,456
5349,1/3/2018,8,1.5,80,3.2,1246,-1.5,0.04,0.0,0.0,Sprng,Holiday,Yes,1561489,144
5350,5/4/2018,15,8.1,96,1.9,410,7.4,0.26,0.5,0.0,Sproing,No Holiday,Yes,602941,55
5351,8/2/2018,5,-9.0,56,0.4,1678,-16.1,0.0,0.0,0.0,Wintr,No Holiday,Yes,698430,41
5352,2/4/2018,12,20.8,50,2.0,1240,9.9,1.82,0.0,0.0,Spriing,No Holiday,Yes,4563742,793
5353,18/04/2018,-8,13.4,58,1.7,1442,3.9,0.5,0.2,0.1,Spring,Holiday,Yes,267264,0
5354,22/09/2018,14,25.2,28,,2000,5.3,2.76,0.0,0.0,Autumn,No Holiday,Yes,8064583,1522
5355,22/12/2017,-7,12.2,56,1.7,1494,3.2,0.57,0.1,0.1,Autumn,Holiday,No,12222619,2338
5356,16/05/2018,12,22.9,87,4.0,1497,20.6,0.22,0.0,0.0,Sproing,No Holiday,Yes,845194,82
5357,21/05/2018,19,19.5,56,1.6,1600,10.4,0.29,,0.0,Spring,No Holiday,Yes,12825102,2501
5358,3/4/2018,7,16.8,73,1.0,1366,11.9,0.01,0.0,0.0,Spring,No Holiday,Yes,5413990,1021
5359,6/8/2018,20,31.3,65,2.0,1586,23.9,0.02,0.0,0.0,Summer,No Holiday,Yes,8241008,1518
5360,1/1/2018,21,-0.9,44,1.2,1871,-11.6,0.0,0.0,0.0,Winteer,Holiday,Yes,1854572,191
5361,27/02/2018,4,0.9,46,0.8,1140,-9.4,0.0,0.0,0.0,Wonter,No Holiday,Yes,516179,71
5362,2/5/2018,8,17.5,94,0.9,203,16.5,,0.0,0.0,Sproing,No Holiday,Yes,3227097,606
5363,12/5/2018,3,15.2,63,0.5,700,8.1,0.0,0.0,0.0,Sproing,No Holiday,Yes,2215772,340
5364,4/4/2018,23,10.2,58,2.4,2000,2.2,0.0,0.0,0.0,Sprng,No Holiday,Yes,4229851,666
5365,11/10/2018,12,13.2,31,3.8,2000,-3.5,2.58,0.0,0.0,Auttumn,No Holiday,Yes,5267058,979
5366,26/05/2018,-5,13.5,57,1.7,1396,2.8,,0.2,0.0,Winter,Holiday,Yes,7550295,1401
5367,24/02/2018,14,6.9,19,1.9,1843,-15.1,2.36,0.0,0.0,Wintr,No Holiday,Yes,3342883,509
5368,12/12/2017,22,-9.0,45,1.3,1999,-18.7,0.0,0.0,0.0,Winter,No Holiday,Yes,1998645,250
5369,15/01/2018,21,3.4,59,0.8,471,-3.8,0.0,0.0,0.0,Winteer,No Holiday,Yes,1772276,318
5370,2/6/2018,8,20.4,54,1.0,828,10.7,1.23,0.0,0.0,Sumer,No Holiday,Yes,4907667,815
5371,4/6/2018,19,23.9,51,2.3,2000,13.1,0.12,0.0,0.0,Sumer,No Holiday,Yes,14404344,2850
5372,6/2/2018,11,,0,1.9,621,10.1,0.0,0.0,0.3,Summer,No Holiday,No,505953,0
5373,1/7/2018,9,22.1,94,0.9,624,21.0,0.22,1.5,0.0,Summer,No Holiday,Yes,712360,11
5374,28/07/2018,17,28.2,83,1.3,1099,25.0,0.11,0.0,0.0,Summer,No Holiday,Yes,4579146,849
5375,6/9/2018,6,21.4,84,0.8,1506,18.5,0.0,0.0,0.0,Autum,No Holiday,Yes,3502093,660
5376,31/10/2018,-6,12.6,57,,1441,4.6,,0.1,0.1,Autumn,No Holiday,No,2554559,481
5377,17/09/2018,17,27.3,43,2.6,2000,13.6,1.25,0.0,0.0,Autumn,No Holiday,Yes,11492782,2121
5378,2/3/2018,2,-5.3,52,1.2,1434,-13.6,0.0,0.0,0.0,Sprng,No Holiday,Yes,752609,73
5379,15/02/2018,17,2.4,17,3.1,1990,-20.2,0.78,0.0,0.0,Winteer,Holiday,Yes,1785650,239
5380,17/08/2018,13,31.3,30,2.1,2000,11.6,3.3,0.0,0.0,Summr,No Holiday,Yes,5505721,913
5381,22/02/2018,1,-2.2,58,1.0,2000,-9.3,0.0,0.0,0.0,Winter,No Holiday,Yes,1357680,183
5382,3/12/2017,15,8.0,73,1.6,433,3.4,0.53,0.0,0.0,Winteer,No Holiday,Yes,3719679,627
5383,12/11/2018,6,3.8,69,0.0,1995,-1.3,0.0,0.0,0.0,Autmn,No Holiday,Yes,3065783,443
5384,26/04/2018,6,10.0,72,0.8,1217,5.1,0.01,0.0,0.0,Spriing,No Holiday,Yes,3344692,498
5385,2/1/2018,8,-3.4,71,0.8,1179,-7.9,0.0,0.0,0.0,Wintr,No Holiday,Yes,3472674,654
5386,11/8/2018,21,31.6,63,1.2,1980,23.6,0.0,0.0,0.0,Summer,No Holiday,Yes,8000795,1460
5387,8/12/2017,11,-3.7,39,1.4,1595,-15.6,0.93,0.0,0.0,Winteer,No Holiday,Yes,2164284,306
5388,14/07/2018,11,29.0,65,2.0,1642,21.7,2.22,0.0,0.0,Summr,No Holiday,Yes,4833626,913
5389,12/9/2018,9,20.8,48,1.1,2000,9.3,1.38,0.0,0.0,Autumn,No Holiday,Yes,6884864,1264
5390,3/2/2018,16,-4.2,31,3.5,1974,-18.8,1.42,0.0,0.0,Winter,No Holiday,Yes,1897335,225
5391,27/09/2018,15,23.4,35,1.4,2000,7.0,1.39,0.0,0.0,Auttumn,No Holiday,Yes,7761317,1364
5392,8/11/2018,19,12.8,97,0.9,245,12.3,0.0,0.0,0.0,Autum,No Holiday,Yes,403740,21
5393,15/03/2018,0,16.0,69,2.4,1863,10.3,0.0,0.0,0.0,Spriing,No Holiday,Yes,3242160,472
5394,2/7/2018,9,21.0,97,1.3,825,20.4,0.14,3.0,0.0,Sumer,No Holiday,Yes,1248875,127
5395,17/06/2018,6,18.9,83,0.3,576,15.9,0.05,0.0,0.0,Summr,No Holiday,Yes,2217575,367
5396,10/5/2018,0,14.5,63,0.9,2000,7.5,0.0,0.0,0.0,Sprng,No Holiday,No,2703212,378
5397,15/02/2018,-10,13.3,61,1.8,1393,4.4,0.53,0.1,0.1,Sproing,No Holiday,No,780135,29
5398,7/2/2018,18,,27,2.5,2000,-20.2,0.16,0.0,0.0,Wonter,No Holiday,Yes,3452613,511
5399,5/8/2018,11,,63,2.6,1695,23.3,1.99,0.0,0.0,Summmer,No Holiday,Yes,2750605,460
5400,5/3/2018,6,4.2,87,2.0,1979,2.2,0.0,2.0,0.0,Spring,No Holiday,Yes,671492,10
5401,15/09/2018,21,23.3,80,0.7,1877,19.6,0.0,,0.0,Autum,No Holiday,Yes,9526862,1750
5402,12/12/2017,23,-9.3,47,2.1,2000,-18.5,0.0,0.0,0.0,Wintr,No Holiday,Yes,1020063,183
5403,26/11/2018,5,2.1,88,1.4,323,0.3,0.0,0.0,0.3,Autmn,No Holiday,Yes,1178827,114
5404,2/3/2018,12,1.8,26,2.2,1556,-15.7,2.61,0.0,0.0,Spriing,No Holiday,Yes,2803494,393
5405,6/11/2018,21,13.0,76,0.9,231,8.8,0.0,0.0,0.0,Autum,No Holiday,No,108066,0
5406,13/07/2018,9,,73,2.2,1147,21.3,1.01,0.0,0.0,Summer,No Holiday,Yes,7136206,1247
5407,26/10/2018,13,12.6,87,2.3,539,10.4,0.13,1.5,0.0,Autumn,No Holiday,Yes,390308,16
5408,8/1/2018,18,1.5,70,2.5,638,-3.3,,0.0,0.0,Winteer,No Holiday,Yes,2265181,349
5409,22/07/2018,13,36.7,33,1.8,1911,17.7,3.24,0.0,0.0,Summer,No Holiday,Yes,3128807,571
5410,14/10/2018,17,18.2,43,2.3,1925,5.4,0.68,0.0,0.0,Auttumn,No Holiday,Yes,10587960,2029
5411,2/11/2018,11,,44,1.0,1269,0.8,,0.0,0.0,Autum,No Holiday,Yes,5131598,872
5412,25/09/2018,10,18.0,44,1.3,1984,5.5,1.99,0.0,0.0,Auttumn,Holiday,Yes,3722777,647
5413,3/7/2018,2,23.0,98,,1026,22.6,,0.0,0.0,Sumer,No Holiday,Yes,2156601,368
5414,14/03/2018,7,14.1,69,1.1,1692,8.4,0.0,0.0,0.0,Sproing,No Holiday,Yes,4241811,825
5415,27/11/2018,6,3.8,83,0.7,337,1.1,0.0,,0.0,Auttumn,No Holiday,Yes,1922235,343
5416,7/3/2018,4,2.6,61,1.7,1998,-4.1,0.0,,0.0,Sprng,No Holiday,Yes,957574,56
5417,29/04/2018,3,10.6,60,1.0,1163,3.1,0.0,0.0,0.0,Spriing,No Holiday,Yes,2230468,258
5418,22/09/2018,13,24.9,32,3.9,2000,7.0,2.57,0.0,0.0,Autum,No Holiday,Yes,7563277,1433
5419,4/8/2018,19,32.0,57,2.9,2000,22.4,,0.0,0.0,Summmer,No Holiday,Yes,6796680,1306
5420,3/5/2018,0,8.7,86,3.1,2000,6.4,0.0,,0.0,Sprng,No Holiday,Yes,2009169,356
5421,3/11/2018,19,13.4,62,1.6,740,6.2,0.0,,0.0,Autumn,No Holiday,No,917302,0
5422,2/4/2018,7,15.1,80,1.0,623,11.6,0.01,0.0,0.0,Spring,No Holiday,Yes,5887487,999
5423,17/12/2017,16,-2.7,31,2.3,2000,-17.5,0.54,0.0,0.0,Wonter,No Holiday,Yes,1682839,263
5424,9/1/2018,16,-2.4,56,3.3,1541,-9.9,0.35,0.0,0.0,Wintr,No Holiday,Yes,1915541,289
5425,21/06/2018,5,19.4,82,2.1,677,16.2,0.0,0.0,0.0,Summr,No Holiday,Yes,2490762,311
5426,26/09/2018,19,20.7,46,1.0,2000,8.6,0.02,0.0,0.0,Autumn,No Holiday,Yes,10560989,1998
5427,31/10/2018,10,7.2,49,2.2,1892,-2.8,1.51,0.0,0.0,Autmn,No Holiday,Yes,4180383,771
5428,30/06/2018,-2,12.4,57,1.8,1467,5.2,0.57,0.1,0.1,Wintr,Holiday,Yes,3867740,585
5429,13/05/2018,7,13.7,98,1.6,468,13.3,0.1,0.0,0.0,Spring,No Holiday,Yes,1741065,218
5430,13/09/2018,1,21.5,65,1.0,2000,14.6,0.0,0.0,0.0,Auttumn,No Holiday,Yes,3953240,761
5431,17/04/2018,12,18.0,26,2.2,1459,-1.8,3.03,0.0,0.0,Spring,No Holiday,Yes,6604985,1143
5432,30/01/2018,-7,,60,1.8,1410,4.0,0.64,,0.1,Sproing,No Holiday,No,3003919,454
5433,1/1/2018,20,-0.3,40,1.2,1936,-12.2,0.0,,0.0,Wintr,Holiday,Yes,1233509,207
5434,20/07/2018,11,31.6,54,1.3,990,21.1,2.84,0.0,0.0,Summr,No Holiday,Yes,4206894,733
5435,9/12/2017,10,-2.2,42,1.3,1646,-13.4,0.61,0.0,0.0,Winter,No Holiday,Yes,1550027,283
5436,28/12/2017,22,0.0,63,1.3,968,-6.2,0.0,0.0,0.0,Wintr,No Holiday,Yes,1836749,284
5437,7/9/2018,10,22.6,58,1.8,1962,13.9,2.02,,0.0,Autum,No Holiday,Yes,5192591,948
5438,8/12/2017,21,-3.3,35,0.5,2000,-16.6,0.0,0.0,0.0,Winter,No Holiday,Yes,2670995,364
5439,19/05/2018,12,20.5,42,2.1,2000,7.1,3.42,0.0,0.0,Spring,No Holiday,Yes,8258704,1608
5440,15/04/2018,14,13.7,50,3.7,1218,3.4,2.3,0.0,0.0,Spring,No Holiday,Yes,6258279,1127
5441,23/06/2018,5,21.1,48,0.3,2000,9.6,0.0,0.0,0.0,Summr,No Holiday,Yes,2319146,325
5442,6/12/2017,15,5.5,31,3.1,1968,-10.3,0.72,,0.0,Wonter,No Holiday,Yes,3056494,431
5443,8/8/2018,17,,37,2.6,2000,18.1,1.72,0.0,0.0,Sumer,No Holiday,Yes,6783950,1280
5444,19/10/2018,2,9.2,72,1.5,2000,4.4,,0.0,0.0,Auttumn,No Holiday,Yes,2786189,452
5445,4/3/2018,6,8.6,96,0.7,224,7.9,0.0,0.2,0.0,Spriing,No Holiday,Yes,786353,20
5446,25/04/2018,11,17.5,25,1.3,1843,-2.7,2.74,0.0,0.0,Spring,No Holiday,Yes,5156381,887
5447,28/06/2018,17,22.2,92,1.2,254,20.8,0.11,4.9,0.0,Summer,No Holiday,Yes,1115586,72
5448,6/10/2018,4,16.9,89,2.7,1577,15.0,0.0,2.5,0.0,Autmn,No Holiday,No,164032,0
5449,9/4/2018,10,5.2,73,1.0,668,0.7,2.08,0.0,0.0,Spriing,No Holiday,Yes,3377879,559
5450,5/12/2017,2,-6.8,41,,2000,-17.8,0.0,0.0,0.0,Wintr,No Holiday,Yes,862334,111
5451,25/02/2018,3,-1.3,42,0.8,1648,-12.5,0.0,0.0,0.0,Wonter,No Holiday,Yes,604811,100
5452,26/08/2018,9,24.2,64,1.2,1985,16.9,1.48,0.0,0.0,Sumer,No Holiday,Yes,4138501,656
5453,19/09/2018,14,26.1,40,1.2,1840,11.4,1.21,0.0,0.0,Autum,No Holiday,No,967430,0
5454,29/01/2018,17,-5.7,30,,1978,-20.5,0.4,0.0,0.0,Wintr,No Holiday,Yes,1875147,252
5455,6/5/2018,-10,13.0,58,1.7,1416,3.9,0.59,0.0,0.1,Spriing,Holiday,Yes,4851676,857
5456,15/03/2018,13,12.7,97,2.6,467,12.2,0.23,0.0,0.0,Sprng,No Holiday,Yes,1659108,271
5457,14/09/2018,6,20.4,78,1.0,2000,16.4,0.0,0.0,0.0,Autumn,No Holiday,Yes,3563328,681
5458,21/08/2018,-5,12.6,58,1.8,1377,4.7,0.46,0.2,0.1,Spriing,No Holiday,No,1174250,97
5459,7/11/2018,5,11.1,95,0.2,117,10.3,0.0,0.0,0.0,Autumn,No Holiday,Yes,547095,60
5460,2/9/2018,20,26.9,56,1.6,2000,17.3,0.0,0.0,0.0,Auttumn,No Holiday,Yes,9918697,1821
5461,14/03/2018,6,14.1,69,1.6,1882,8.4,0.0,0.0,0.0,Spring,No Holiday,Yes,2267434,286
5462,12/3/2018,22,7.8,49,0.1,528,-2.2,,0.0,0.0,Sproing,No Holiday,Yes,4356036,695
5463,22/06/2018,5,18.6,85,1.0,384,16.0,0.0,0.0,0.0,Summmer,No Holiday,Yes,2075422,341
5464,27/09/2018,20,19.5,47,1.2,2000,7.8,0.0,0.0,0.0,Autumn,No Holiday,Yes,10663318,2100
5465,22/03/2018,2,1.5,86,2.5,782,-0.5,0.0,0.0,0.0,Spring,No Holiday,Yes,1405001,188
5466,28/03/2018,12,16.5,57,3.8,881,7.9,1.55,0.0,0.0,Sproing,No Holiday,Yes,4041424,645
5467,6/3/2018,1,0.8,67,0.8,2000,-4.6,0.0,0.0,0.0,Sproing,No Holiday,Yes,1305595,213
5468,7/2/2018,11,-7.0,28,3.3,1829,-22.4,1.56,,0.0,Wintr,No Holiday,Yes,1537209,158
5469,30/05/2018,16,24.7,47,3.0,1594,12.6,2.44,0.0,0.0,Spring,No Holiday,Yes,8676788,1608
5470,27/11/2018,12,9.3,61,1.5,390,2.1,0.85,0.0,0.0,Autumn,No Holiday,Yes,4259606,680
5471,8/2/2018,7,,67,1.0,1503,-14.5,0.0,0.0,0.0,Wintr,No Holiday,Yes,2104139,277
5472,21/07/2018,0,27.5,73,1.1,1834,22.2,0.0,0.0,0.0,Summer,No Holiday,Yes,6262509,1232
5473,29/11/2018,21,3.8,55,2.1,1231,-4.4,0.0,0.0,0.0,Autum,No Holiday,Yes,4893786,790
5474,15/03/2018,5,14.5,94,2.0,487,13.5,0.0,0.0,0.0,Sprng,No Holiday,Yes,140415,8
5475,2/4/2018,0,16.1,80,1.9,605,12.6,,0.0,0.0,Sproing,No Holiday,Yes,2996249,460
5476,13/03/2018,2,5.4,66,0.6,623,-0.4,0.0,0.0,0.0,Sprng,No Holiday,Yes,1420313,158
5477,18/05/2018,22,14.2,73,1.9,2000,9.4,0.0,0.0,0.0,Sproing,No Holiday,Yes,6683015,1244
5478,19/06/2018,5,19.4,77,0.8,831,15.2,,0.0,0.0,Summer,No Holiday,Yes,2356018,308
5479,17/03/2018,11,8.0,39,,1783,-5.1,2.26,0.0,0.0,Spriing,No Holiday,Yes,4160331,683
5480,17/10/2018,14,18.3,24,1.7,1983,-2.6,2.4,,0.0,Autmn,No Holiday,Yes,5916285,1116
5481,10/12/2017,0,-0.2,55,1.0,1629,-8.1,0.0,0.0,0.0,Winteer,No Holiday,Yes,1999447,332
5482,22/10/2018,0,11.4,56,0.2,1778,2.9,0.0,0.0,0.0,Autum,No Holiday,Yes,3482088,649
5483,31/07/2018,15,37.8,34,1.8,1965,19.2,2.81,0.0,0.0,Sumer,No Holiday,Yes,3577432,690
5484,27/03/2018,1,8.7,70,0.9,398,3.5,0.0,0.0,0.0,Spriing,No Holiday,Yes,1531661,271
5485,11/5/2018,7,12.4,82,1.0,314,9.4,0.1,0.0,0.0,Spriing,No Holiday,Yes,5997239,1128
5486,15/11/2018,17,13.7,38,1.4,884,-0.3,0.29,0.0,0.0,Autum,No Holiday,Yes,7284817,1409
5487,24/06/2018,11,27.1,52,2.1,557,16.3,2.82,0.0,0.0,Summer,No Holiday,Yes,5154995,861
5488,6/4/2018,-8,12.4,58,1.7,1448,4.8,0.64,0.1,0.0,Spring,No Holiday,Yes,6168008,1210
5489,14/10/2018,0,10.4,59,0.0,971,2.7,0.0,0.0,0.0,Autmn,No Holiday,Yes,3946188,720
5490,20/10/2018,12,17.7,33,2.2,1556,1.2,2.37,0.0,0.0,Autumn,No Holiday,Yes,7688344,1412
5491,23/04/2018,5,9.2,95,2.3,404,8.4,0.0,2.5,0.0,Sproing,No Holiday,Yes,1000208,4
5492,13/07/2018,5,24.8,84,1.4,1303,21.9,0.0,,0.0,Summmer,No Holiday,Yes,2136698,314
5493,9/11/2018,17,12.9,66,3.6,682,6.6,0.32,0.0,0.0,Autumn,No Holiday,No,476312,0
5494,6/4/2018,14,7.4,56,,461,-0.8,1.04,0.0,0.0,Spring,No Holiday,Yes,3773269,632
5495,6/3/2018,2,0.3,71,0.9,1999,-4.3,0.0,0.0,0.0,Sprng,No Holiday,Yes,1707214,150
5496,23/12/2017,7,5.1,82,0.7,334,2.2,0.0,0.0,0.0,Winteer,No Holiday,Yes,1345971,88
5497,19/11/2018,4,,67,0.9,1175,-1.1,0.0,0.0,0.0,Autum,No Holiday,Yes,959345,94
5498,15/01/2018,14,7.1,52,2.1,646,-2.1,,0.0,0.0,Winteer,No Holiday,Yes,1853021,288
5499,16/05/2018,3,22.6,89,0.7,327,20.6,0.0,0.8,0.0,Spriing,No Holiday,Yes,1322616,138
5500,19/03/2018,9,8.2,81,2.7,1273,5.1,0.2,0.5,0.0,Sprng,No Holiday,Yes,2165426,387
5501,1/8/2018,3,29.1,64,0.5,1997,21.5,0.0,0.0,0.0,Summmer,No Holiday,Yes,2414012,371
5502,19/11/2018,23,4.2,42,2.2,1360,-7.6,0.0,0.0,0.0,Autmn,No Holiday,Yes,3319620,641
5503,27/06/2018,14,24.7,72,2.9,720,19.3,1.45,,0.0,Summmer,No Holiday,Yes,6729804,1310
5504,2/10/2018,19,17.6,57,1.7,2000,8.9,0.0,0.0,0.0,Autmn,No Holiday,No,290001,0
5505,12/7/2018,14,27.8,76,3.1,1517,23.1,,0.0,0.0,Summer,No Holiday,Yes,5899155,1003
5506,3/6/2018,13,29.4,24,,1905,6.7,3.18,0.0,0.0,Summr,No Holiday,Yes,7385077,1428
5507,25/05/2018,21,19.1,50,1.4,1378,8.4,,0.0,0.0,Sprng,No Holiday,Yes,9888052,1833
5508,23/01/2018,23,-14.3,38,4.0,2000,-25.5,0.0,0.0,0.9,Wonter,No Holiday,Yes,747779,119
5509,11/2/2018,5,-7.8,39,2.8,2000,-19.3,0.0,0.0,0.0,Winter,No Holiday,Yes,811212,15
5510,15/07/2018,2,25.1,85,1.1,1379,22.3,0.0,0.0,0.0,Sumer,No Holiday,Yes,3356182,597
5511,25/02/2018,-5,12.5,59,1.9,1465,5.6,0.66,0.2,0.1,Spriing,No Holiday,No,6410033,1207
5512,9/10/2018,-3,14.3,58,1.9,1447,4.0,0.5,0.2,0.1,Summmer,No Holiday,Yes,2975087,515
5513,13/06/2018,7,19.4,69,0.3,1277,13.5,0.42,0.0,0.0,Summr,No Holiday,Yes,4080555,665
5514,1/1/2018,13,2.4,22,2.3,1921,-17.2,,0.0,0.0,Winteer,Holiday,Yes,1556193,248
5515,14/08/2018,-3,13.1,57,1.7,1404,4.1,0.54,0.2,0.1,Autmn,No Holiday,Yes,4382561,713
5516,18/12/2017,-3,12.5,58,1.8,1416,3.5,0.6,0.1,0.1,Summmer,No Holiday,No,992620,125
5517,4/1/2018,1,-6.9,56,2.3,1994,-14.2,0.0,0.0,0.0,Wintr,No Holiday,Yes,1170688,139
5518,8/9/2018,5,16.7,70,0.8,2000,11.1,0.0,0.0,0.0,Autmn,No Holiday,Yes,1783200,228
5519,24/09/2018,3,15.5,63,0.3,2000,8.4,0.0,0.0,0.0,Autum,Holiday,Yes,1470811,216
5520,20/10/2018,17,19.2,23,1.5,2000,-2.4,0.62,,0.0,Autum,No Holiday,Yes,10335509,1979
5521,12/4/2018,1,8.9,40,,2000,-3.9,0.0,0.0,0.0,Sproing,No Holiday,Yes,2467513,408
5522,27/01/2018,8,-15.9,58,0.9,1369,-22.2,,0.0,0.3,Wonter,No Holiday,Yes,1075430,91
5523,29/07/2018,8,28.6,63,0.8,1867,20.8,1.0,0.0,0.0,Sumer,No Holiday,Yes,3049431,468
5524,22/06/2018,7,18.8,66,1.1,814,12.3,0.46,0.0,0.0,Summr,No Holiday,Yes,8847026,1576
5525,21/06/2018,-3,12.9,59,1.7,1469,4.4,0.58,0.1,0.1,Auttumn,Holiday,No,4393967,804
5526,16/01/2018,19,4.6,57,1.0,432,-3.2,0.0,0.0,0.0,Winteer,No Holiday,Yes,2545886,407
5527,23/07/2018,5,29.3,55,1.6,2000,19.3,0.0,0.0,0.0,Summer,No Holiday,Yes,2177399,271
5528,30/06/2018,1,22.6,85,0.3,323,19.9,0.0,0.0,0.0,Summr,No Holiday,Yes,5852281,1112
5529,5/11/2018,21,12.2,79,1.8,351,8.6,0.0,0.0,0.0,Autumn,No Holiday,Yes,7027986,1330
5530,19/02/2018,12,4.7,43,2.1,1131,-6.8,1.38,0.0,0.0,Wintr,No Holiday,Yes,2565307,354
5531,4/2/2018,17,-5.9,27,3.6,1974,-21.9,0.81,0.0,0.0,Winter,No Holiday,Yes,1589132,193
5532,11/3/2018,18,9.4,22,2.9,1995,-11.2,0.55,0.0,0.0,Sprng,No Holiday,Yes,4758107,829
5533,13/12/2017,23,-9.2,44,0.4,1978,-19.2,0.0,0.0,0.0,Winteer,No Holiday,Yes,1666558,150
5534,29/03/2018,0,13.4,77,1.5,537,9.4,0.0,0.0,0.0,Spring,No Holiday,Yes,2737808,474
5535,25/09/2018,9,15.3,49,1.0,2000,4.6,1.34,0.0,0.0,Auttumn,Holiday,Yes,3619850,571
5536,19/03/2018,14,10.1,59,3.3,2000,2.4,0.57,0.0,0.0,Sprng,No Holiday,Yes,1732414,319
5537,14/10/2018,4,7.9,76,1.3,771,3.9,0.0,0.0,0.0,Auttumn,No Holiday,Yes,1752584,200
5538,11/12/2017,3,-4.7,38,2.4,2000,-16.8,0.0,0.0,0.0,Winteer,No Holiday,Yes,656325,40
5539,6/3/2018,0,1.3,69,0.8,2000,-3.7,0.0,0.0,0.0,Spring,No Holiday,Yes,1884428,202
5540,28/12/2017,1,-6.6,39,1.4,2000,-18.2,0.0,0.0,0.0,Wonter,No Holiday,Yes,1165454,171
5541,29/11/2018,17,5.8,38,1.3,1674,-7.4,0.01,0.0,0.0,Autumn,No Holiday,Yes,5755051,954
5542,16/08/2018,0,28.4,68,0.9,2000,21.9,0.0,0.0,0.0,Sumer,No Holiday,Yes,4511215,812
5543,30/06/2018,18,27.5,79,0.5,1237,23.5,0.65,0.5,0.0,Summer,No Holiday,Yes,1912721,333
5544,2/10/2018,3,11.8,78,0.3,1843,8.0,0.0,0.0,0.0,Autmn,No Holiday,No,652132,0
5545,7/6/2018,7,18.6,85,2.0,307,16.0,0.16,0.0,0.0,Summmer,No Holiday,Yes,8475436,1555
5546,27/01/2018,5,-15.4,45,0.8,2000,-24.6,0.0,,0.3,Wonter,No Holiday,Yes,717691,29
5547,13/12/2017,2,-10.4,53,1.8,1949,-18.1,0.0,0.0,0.0,Wonter,No Holiday,Yes,1187164,116
5548,7/12/2017,17,2.1,50,2.0,1434,-7.2,0.15,0.0,0.0,Wintr,No Holiday,Yes,3386335,555
5549,1/11/2018,1,5.1,65,1.6,1932,-0.9,,0.0,0.0,Auttumn,No Holiday,Yes,3071207,515
5550,2/7/2018,18,24.9,87,1.9,1742,22.5,0.25,,0.0,Sumer,No Holiday,Yes,4875261,842
5551,15/07/2018,14,32.4,50,2.0,1735,20.6,3.13,0.0,0.0,Summr,No Holiday,Yes,4825469,834
5552,14/03/2018,10,15.7,58,,1980,7.4,0.69,0.0,0.0,Sprng,No Holiday,Yes,2817971,521
5553,27/12/2017,4,-9.1,33,2.3,2000,-22.4,0.0,0.0,0.0,Winter,No Holiday,Yes,491700,48
5554,7/3/2018,2,2.6,50,1.3,1962,-6.8,0.0,0.0,0.0,Spring,No Holiday,Yes,1443049,167
5555,14/06/2018,0,21.1,69,0.5,1086,15.1,0.0,,0.0,Summr,No Holiday,Yes,5435036,1043
5556,11/9/2018,7,16.9,55,1.4,2000,7.7,0.07,0.0,0.0,Autumn,No Holiday,Yes,8302656,1586
5557,27/11/2018,21,7.5,35,1.8,656,-7.0,0.0,0.0,0.0,Auttumn,No Holiday,Yes,4995079,823
5558,18/10/2018,0,9.2,64,0.7,2000,2.7,0.0,0.0,0.0,Autumn,No Holiday,Yes,3751048,619
5559,17/05/2018,13,23.4,83,1.7,1944,20.3,1.5,0.0,0.0,Spring,No Holiday,Yes,3280210,614
5560,20/06/2018,21,21.6,74,3.3,758,16.7,0.0,0.0,0.0,Summr,No Holiday,Yes,12161835,2325
5561,31/12/2017,1,0.5,95,2.1,79,-0.2,0.0,0.0,0.6,Wintr,Holiday,Yes,439901,56
5562,11/5/2018,10,16.4,64,2.4,423,9.5,2.05,0.0,0.0,Sprng,No Holiday,Yes,5123801,876
5563,24/06/2018,-8,,60,1.8,1385,3.5,0.62,0.1,0.1,Summr,Holiday,Yes,2756312,399
5564,21/08/2018,11,24.7,85,2.3,1438,22.0,0.27,,0.0,Summr,No Holiday,Yes,4021310,649
5565,18/07/2018,3,,84,0.7,694,21.8,,0.0,0.0,Sumer,No Holiday,Yes,2276080,374
5566,17/02/2018,16,1.3,15,4.2,2000,-22.5,1.63,0.0,0.0,Winteer,Holiday,Yes,1823627,296
5567,26/04/2018,21,13.4,60,2.2,1517,5.7,0.0,0.0,0.0,Spriing,No Holiday,Yes,7713740,1478
5568,28/03/2018,20,15.2,65,2.2,988,8.6,0.0,0.0,0.0,Spriing,No Holiday,Yes,6570231,1156
5569,25/12/2017,0,-0.6,64,2.4,1010,-6.5,0.0,0.0,0.0,Winteer,Holiday,Yes,1602095,143
5570,9/5/2018,12,18.7,39,1.9,1925,4.4,3.21,0.0,0.0,Sprng,No Holiday,Yes,7130373,1283
5571,8/7/2018,20,25.7,53,1.3,2000,15.3,0.03,0.0,0.0,Summr,No Holiday,Yes,12273017,2278
5572,4/3/2018,-6,13.4,58,1.7,1434,4.0,0.59,0.2,0.0,Autum,No Holiday,Yes,1519074,192
5573,5/7/2018,21,25.2,67,1.5,2000,18.6,0.0,0.0,0.0,Sumer,No Holiday,Yes,10902275,2082
5574,21/08/2018,7,23.4,94,2.4,1773,22.3,0.02,2.0,0.0,Summr,No Holiday,Yes,3400403,605
5575,6/8/2018,17,35.0,53,1.5,1618,23.9,1.78,0.0,0.0,Summmer,No Holiday,Yes,5660324,1099
5576,28/05/2018,-4,12.5,58,1.7,1397,4.8,0.5,0.0,0.1,Spriing,No Holiday,No,1931215,325
5577,15/09/2018,-3,12.2,56,1.7,1433,3.4,0.51,0.2,0.1,Summmer,Holiday,No,2120655,345
5578,31/08/2018,14,29.3,41,1.9,1928,14.6,3.0,0.0,0.0,Summer,No Holiday,Yes,5892666,1028
5579,5/9/2018,18,27.0,45,2.4,2000,14.0,0.77,0.0,0.0,Autumn,No Holiday,Yes,16227376,3213
5580,25/12/2017,1,-1.2,57,4.3,1429,-8.6,0.0,0.0,0.0,Winteer,Holiday,Yes,886483,146
5581,15/10/2018,-3,12.8,59,1.7,1448,5.5,0.57,0.1,0.0,Autumn,No Holiday,Yes,3732905,620
5582,11/8/2018,20,32.8,47,1.9,2000,19.9,0.01,0.0,0.0,Summer,No Holiday,Yes,8107355,1486
5583,8/8/2018,16,35.1,40,2.6,1989,19.4,2.29,0.0,0.0,Summer,No Holiday,Yes,4945295,822
5584,8/8/2018,15,34.5,47,3.2,1958,21.5,2.32,0.0,0.0,Sumer,No Holiday,Yes,4291697,711
5585,1/5/2018,12,22.1,67,2.7,462,15.6,0.81,0.0,0.0,Spriing,Holiday,Yes,7779258,1384
5586,19/11/2018,17,8.7,48,1.7,965,-1.7,0.25,0.0,0.0,Autumn,No Holiday,Yes,7172255,1278
5587,18/11/2018,2,2.9,49,2.0,1989,-6.7,0.0,0.0,0.0,Autmn,No Holiday,Yes,2586758,339
5588,1/3/2018,17,0.4,37,,1366,-12.6,1.23,0.0,0.0,Sproing,Holiday,Yes,3003315,425
5589,14/10/2018,11,16.2,41,1.0,878,2.9,2.11,0.0,0.0,Autumn,No Holiday,Yes,5913503,1055
5590,26/08/2018,13,27.8,54,3.5,2000,17.6,1.15,0.0,0.0,Sumer,No Holiday,Yes,3559537,688
5591,6/1/2018,1,-4.8,54,1.2,1219,-12.7,0.0,,0.0,Winteer,No Holiday,Yes,1935412,198
5592,28/10/2018,10,8.2,89,0.4,1365,6.4,0.39,0.0,0.0,Autumn,No Holiday,Yes,1890962,331
5593,15/09/2018,1,21.8,79,1.4,2000,17.9,0.0,,0.0,Autmn,No Holiday,Yes,4765352,904
5594,26/03/2018,-6,12.8,58,1.6,1463,3.9,0.62,0.2,0.1,Autumn,Holiday,No,3837374,589
5595,5/12/2017,-8,12.1,59,1.8,1436,4.3,0.58,0.2,0.1,Summmer,Holiday,Yes,8618218,1601
5596,1/6/2018,18,28.5,36,3.0,1981,11.9,1.21,0.0,0.0,Summmer,No Holiday,Yes,16061088,3023
5597,27/09/2018,6,13.4,61,0.8,2000,6.0,0.0,0.0,0.0,Auttumn,No Holiday,Yes,3736630,565
5598,9/7/2018,0,24.2,61,1.7,2000,16.1,0.0,0.0,0.0,Summer,No Holiday,Yes,5087570,962
5599,12/4/2018,8,8.9,48,1.1,1444,-1.5,0.69,0.0,0.0,Sproing,No Holiday,Yes,9006825,1720
5600,16/06/2018,23,22.1,73,1.6,1180,17.0,0.0,0.0,0.0,Summr,No Holiday,Yes,8259981,1593
5601,8/11/2018,21,14.0,96,4.1,292,13.3,0.0,18.0,0.0,Autumn,No Holiday,Yes,1070370,22
5602,28/07/2018,0,29.4,78,2.1,1072,25.1,0.0,0.0,0.0,Summer,No Holiday,Yes,5983860,1036
5603,17/01/2018,17,7.2,57,3.3,342,-0.7,0.19,0.0,0.0,Winter,No Holiday,Yes,2803841,383
5604,8/10/2018,18,18.1,39,1.0,2000,3.9,0.21,0.0,0.0,Auttumn,No Holiday,Yes,14797661,2904
5605,10/9/2018,5,19.1,62,1.6,2000,11.6,0.0,0.0,0.0,Autum,No Holiday,Yes,1474761,238
5606,23/03/2018,5,2.2,79,0.8,553,-1.0,0.0,0.0,0.0,Sprng,No Holiday,Yes,851372,98
5607,28/08/2018,-9,12.8,59,1.8,1451,3.4,0.59,0.2,0.1,Sumer,No Holiday,Yes,2469897,297
5608,21/09/2018,4,17.9,95,1.7,1298,17.0,0.0,2.5,0.0,Auttumn,No Holiday,Yes,727321,31
5609,12/2/2018,14,-2.4,30,,1824,-17.6,2.08,0.0,0.0,Wintr,No Holiday,Yes,1311515,186
5610,3/3/2018,13,12.2,14,1.6,1896,-14.5,2.75,0.0,0.0,Spriing,No Holiday,Yes,4592661,844
5611,7/2/2018,17,-2.3,20,2.2,1994,-22.2,0.77,0.0,0.0,Winter,No Holiday,Yes,2019353,312
5612,31/08/2018,11,12.9,57,11.6,1457,5.6,0.57,0.2,0.1,Sprng,Holiday,Yes,3732905,620
5613,15/01/2018,18,5.2,44,1.3,647,-6.0,0.0,,0.0,Wonter,No Holiday,Yes,3656850,601
5614,9/5/2018,6,9.2,64,1.0,2000,2.7,0.02,0.0,0.0,Spring,No Holiday,Yes,3258899,560
5615,4/11/2018,3,7.6,66,,1432,1.6,0.0,0.0,0.0,Autmn,No Holiday,Yes,2093377,304
5616,10/8/2018,4,26.3,85,0.4,1216,23.5,,,0.0,Sumer,No Holiday,Yes,1404123,253
5617,19/07/2018,6,23.3,83,0.2,875,20.2,0.02,0.0,0.0,Summr,No Holiday,Yes,4204185,677
5618,9/5/2018,4,10.0,64,1.5,2000,3.4,0.0,0.0,0.0,Spriing,No Holiday,Yes,1150933,116
5619,29/07/2018,23,29.9,45,1.4,2000,16.6,0.0,0.0,0.0,Summr,No Holiday,Yes,5972957,1075
5620,17/06/2018,15,,51,2.6,598,16.2,2.4,0.0,0.0,Summmer,No Holiday,Yes,9609443,1890
5621,14/07/2018,8,26.1,74,0.7,1254,21.0,0.87,0.0,0.0,Sumer,No Holiday,Yes,4143085,785
5622,28/04/2018,21,13.9,37,1.1,1751,-0.5,0.0,0.0,0.0,Sprng,No Holiday,Yes,7601945,1395
5623,13/07/2018,-4,12.5,58,1.7,1420,3.7,0.57,0.2,0.1,Summer,No Holiday,Yes,2975087,515
5624,27/05/2018,16,24.0,36,1.6,1811,7.9,1.34,0.0,0.0,Sprng,No Holiday,Yes,11560650,2188
5625,1/9/2018,6,20.9,87,0.7,1198,18.6,0.0,,0.0,Autum,No Holiday,Yes,2699678,344
5626,30/10/2018,6,0.8,69,1.4,2000,-4.2,0.0,0.0,0.0,Autumn,No Holiday,Yes,2463068,410
5627,30/03/2018,21,13.7,73,1.8,658,8.9,0.0,0.0,0.0,Spriing,No Holiday,Yes,5661302,961
5628,21/06/2018,9,22.7,59,2.0,940,14.2,1.77,0.0,0.0,Sumer,No Holiday,Yes,7431356,1303
5629,28/12/2017,11,-2.1,34,1.0,1868,-15.8,0.65,0.0,0.0,Winteer,No Holiday,Yes,2139351,298
5630,8/3/2018,3,3.8,90,0.8,448,2.3,,2.0,0.0,Sproing,No Holiday,Yes,721506,8
5631,23/02/2018,-6,12.7,58,1.8,1453,3.6,0.51,0.2,0.1,Spring,Holiday,Yes,1106177,134
5632,31/12/2017,12,1.4,47,4.5,1388,-8.7,1.1,0.0,1.0,Winteer,Holiday,Yes,1964728,195
5633,8/10/2018,9,12.2,51,0.7,1918,2.3,1.02,0.0,0.0,Autumn,No Holiday,Yes,6410033,1207
5634,5/10/2018,19,16.6,96,2.4,1072,15.9,0.0,,0.0,Autmn,No Holiday,Yes,1025088,55
5635,15/12/2017,23,-1.3,60,2.5,792,-8.0,0.0,0.0,0.0,Wonter,No Holiday,Yes,2040311,255
5636,6/10/2018,15,21.0,67,4.1,2000,14.6,2.05,0.0,0.0,Autum,No Holiday,Yes,6815437,1253
5637,12/10/2018,21,11.0,60,1.1,1995,3.5,0.0,0.0,0.0,Autmn,No Holiday,Yes,7271456,1267
5638,27/08/2018,12,22.6,90,1.4,1963,20.8,1.02,,0.0,Summr,No Holiday,Yes,830506,140
5639,13/05/2018,19,17.6,73,2.0,886,12.6,0.34,0.0,0.0,Sproing,No Holiday,Yes,11055649,2057
5640,26/03/2018,8,6.4,90,1.4,117,4.8,0.13,0.0,0.0,Spring,No Holiday,Yes,5885242,1002
5641,10/7/2018,5,20.6,97,0.6,2000,20.1,0.0,0.0,0.0,Summmer,No Holiday,Yes,982817,164
5642,17/07/2018,14,31.8,49,3.5,1429,19.7,2.93,0.0,0.0,Summer,No Holiday,Yes,4364794,746
5643,26/03/2018,20,12.9,42,2.8,1047,0.2,0.0,0.0,0.0,Spring,No Holiday,Yes,4514211,805
5644,21/03/2018,19,2.0,81,0.7,2000,-0.9,0.0,0.0,0.0,Sproing,No Holiday,Yes,2215589,390
5645,6/5/2018,20,17.6,77,1.2,2000,13.5,0.01,0.0,0.0,Spring,No Holiday,Yes,8398968,1525
5646,13/08/2018,22,29.9,60,1.3,2000,21.2,0.0,0.0,0.0,Sumer,No Holiday,Yes,9162776,1658
5647,8/7/2018,14,27.1,41,1.4,1941,12.7,3.24,0.0,0.0,Summmer,No Holiday,Yes,8340568,1578
5648,17/12/2017,22,-6.6,50,0.6,1990,-15.3,0.0,0.0,0.0,Wintr,No Holiday,Yes,1456614,152
5649,4/3/2018,11,,88,0.7,453,8.1,0.34,0.0,0.0,Spriing,No Holiday,Yes,1835937,304
5650,5/5/2018,2,12.1,53,1.1,1948,2.7,0.0,0.0,0.0,Sprng,No Holiday,Yes,3077798,501
5651,27/11/2018,8,4.2,78,1.2,362,0.6,0.02,0.0,0.0,Autum,No Holiday,Yes,8629220,1609
5652,6/7/2018,21,23.1,54,2.1,2000,13.2,0.0,0.0,0.0,Sumer,No Holiday,Yes,11914112,2193
5653,19/02/2018,17,5.7,36,3.0,1073,-8.2,0.57,0.0,0.0,Winter,No Holiday,Yes,3228782,524
5654,14/12/2017,5,-10.8,48,0.8,1648,-19.6,0.0,0.0,0.0,Winter,No Holiday,Yes,434829,58
5655,9/6/2018,18,27.3,42,1.2,2000,13.2,0.19,0.0,0.0,Summer,No Holiday,Yes,10154548,1988
5656,26/01/2018,3,-15.9,34,2.9,2000,-28.2,0.0,0.0,0.5,Winter,No Holiday,Yes,613239,40
5657,11/7/2018,15,29.4,68,2.3,1525,22.8,1.29,0.0,0.0,Sumer,No Holiday,Yes,5605414,1100
5658,20/07/2018,14,33.4,52,2.7,685,22.1,2.67,0.0,0.0,Summr,No Holiday,Yes,4383205,781
5659,27/09/2018,14,24.6,34,1.5,2000,7.6,2.74,0.0,0.0,Autum,No Holiday,Yes,7330003,1286
5660,28/02/2018,11,7.1,50,2.2,534,-2.6,0.33,0.0,0.0,Wonter,No Holiday,Yes,2731528,348
5661,17/05/2018,22,20.2,98,,468,19.8,0.0,6.0,0.0,Sproing,No Holiday,Yes,739097,30
5662,13/06/2018,3,18.5,73,1.0,1951,13.5,0.0,0.0,0.0,Summer,No Holiday,Yes,3061646,580
5663,18/12/2017,5,-5.3,81,0.9,923,-8.0,0.0,0.0,0.8,Winter,No Holiday,Yes,719699,28
5664,4/12/2017,4,2.8,89,1.5,130,1.1,0.0,0.0,0.0,Wintr,No Holiday,Yes,825411,49
5665,23/07/2018,-9,,57,1.7,1431,4.0,0.54,0.1,0.1,Sumer,No Holiday,No,1596669,150
5666,17/10/2018,5,9.2,77,0.0,1278,5.3,0.0,0.0,0.0,Autmn,No Holiday,Yes,1372659,223
5667,9/3/2018,18,7.0,55,2.0,705,-1.4,0.35,0.0,0.0,Sproing,No Holiday,Yes,6576445,1227
5668,2/8/2018,23,32.4,64,1.7,1153,24.7,0.0,0.0,0.0,Summmer,No Holiday,Yes,5444062,1028
5669,24/12/2017,10,4.8,96,0.6,87,4.2,0.04,0.0,0.0,Winter,Holiday,Yes,329079,6
5670,12/1/2018,20,-7.9,31,1.4,2000,-22.1,0.0,0.0,0.0,Wonter,No Holiday,Yes,1859729,212
5671,18/10/2018,15,19.0,38,1.9,2000,4.3,1.72,0.0,0.0,Autmn,No Holiday,Yes,6436878,1240
5672,1/12/2017,12,1.7,23,1.4,2000,-17.2,1.11,0.0,0.0,Wonter,No Holiday,Yes,2778949,426
5673,22/06/2018,14,31.6,25,2.3,1780,9.1,3.21,0.0,0.0,Summmer,No Holiday,Yes,6052149,1071
5674,4/8/2018,18,33.2,52,3.7,1986,22.0,1.14,0.0,0.0,Sumer,No Holiday,Yes,6171047,1085
5675,12/12/2017,1,-11.2,51,1.1,2000,-19.3,,0.0,0.0,Winteer,No Holiday,Yes,1267567,126
5676,17/06/2018,-8,13.3,57,1.8,1434,3.7,0.51,0.1,0.1,Spriing,No Holiday,Yes,661513,0
5677,2/7/2018,8,20.8,96,0.4,1627,20.1,0.11,1.5,0.0,Sumer,No Holiday,Yes,693586,111
5678,1/3/2018,19,-1.7,45,3.3,1375,-12.1,0.01,0.0,0.0,Spring,Holiday,Yes,1473190,253
5679,22/07/2018,6,25.3,73,0.6,1979,20.1,0.02,0.0,0.0,Summmer,No Holiday,Yes,2333257,295
5680,11/4/2018,3,11.6,81,3.1,687,8.4,0.0,0.0,0.0,Sproing,No Holiday,No,341266,0
5681,16/02/2018,22,-0.6,70,3.4,1204,-5.4,0.0,0.0,0.0,Wintr,Holiday,Yes,954302,120
5682,1/10/2018,0,14.1,55,2.6,2000,5.1,0.0,0.0,0.0,Autmn,No Holiday,Yes,3429670,641
5683,9/7/2018,5,21.1,64,1.5,2000,14.0,0.0,0.0,0.0,Summr,No Holiday,Yes,2175897,308
5684,7/1/2018,9,-3.8,49,1.6,1371,-12.9,0.18,0.0,0.0,Wintr,No Holiday,Yes,1262519,174
5685,23/09/2018,23,17.7,45,,2000,5.6,0.0,0.0,0.0,Autmn,Holiday,Yes,5070860,848
5686,4/7/2018,3,24.9,83,0.2,1857,21.8,0.0,0.0,0.0,Sumer,No Holiday,Yes,1992542,346
5687,28/01/2018,22,-7.9,40,,1997,-19.1,0.0,0.0,0.0,Winter,No Holiday,Yes,947399,99
5688,8/3/2018,9,3.4,90,1.5,386,1.9,0.21,0.5,0.0,Spriing,No Holiday,Yes,786532,101
5689,7/5/2018,12,22.9,35,0.8,1948,6.6,3.05,0.0,0.0,Sprng,No Holiday,Yes,7747551,1376
5690,31/01/2018,17,-0.9,34,2.8,2000,-14.8,0.28,0.0,1.8,Winter,No Holiday,Yes,1834985,277
5691,12/8/2018,16,34.1,47,2.5,2000,21.1,0.61,0.0,0.0,Summer,No Holiday,Yes,4736005,918
5692,11/6/2018,8,20.7,55,1.5,2000,11.3,1.23,0.0,0.0,Summmer,No Holiday,Yes,12707224,2423
5693,12/9/2018,14,26.9,45,1.6,2000,13.9,,0.0,0.0,Autmn,No Holiday,Yes,6423433,1136
5694,25/02/2018,-6,12.6,59,1.8,1431,3.8,0.55,0.2,0.1,Summmer,No Holiday,No,1561489,144
5695,10/5/2018,13,20.7,46,2.9,1078,8.6,3.26,0.0,0.0,Sprng,No Holiday,No,303796,0
5696,15/11/2018,23,8.1,57,0.7,752,0.0,0.0,0.0,0.0,Autmn,No Holiday,Yes,4104205,773
5697,1/6/2018,15,29.9,36,3.3,1866,13.2,2.94,0.0,0.0,Summr,No Holiday,Yes,6284091,1213
5698,23/06/2018,20,24.6,65,2.1,1018,17.5,0.1,0.0,0.0,Summer,No Holiday,Yes,11923788,2224
5699,28/07/2018,8,29.6,75,0.4,749,24.6,0.66,0.0,0.0,Summmer,No Holiday,Yes,4101692,634
5700,25/06/2018,21,27.9,55,0.5,1083,18.0,0.0,0.0,0.0,Summr,No Holiday,Yes,12043114,2328
5701,5/9/2018,20,24.5,64,2.0,2000,17.2,,0.0,0.0,Auttumn,No Holiday,Yes,11401512,2243
5702,25/07/2018,16,34.1,52,2.5,1304,22.8,2.23,0.0,0.0,Summer,No Holiday,Yes,5985401,1018
5703,27/01/2018,19,-7.1,33,2.0,1887,-20.6,0.0,0.0,0.0,Wintr,No Holiday,Yes,938583,124
5704,2/3/2018,22,0.5,38,0.9,1907,-12.2,0.0,0.0,0.0,Sprng,No Holiday,Yes,2941439,412
5705,11/1/2018,3,-11.2,59,2.9,1872,-17.6,0.0,0.0,0.0,Winteer,No Holiday,Yes,1045141,48
5706,25/01/2018,6,-16.1,33,3.0,2000,-28.7,0.0,0.0,0.7,Winter,No Holiday,Yes,1129687,77
5707,20/02/2018,21,1.1,21,1.6,2000,-18.8,0.0,0.0,0.0,Wintr,No Holiday,Yes,2811676,400
5708,30/10/2018,-4,12.2,58,1.8,1376,3.9,0.58,0.1,0.0,Summmer,No Holiday,Yes,9658929,1760
5709,30/03/2018,10,16.0,29,1.4,1708,-2.0,,0.0,0.0,Spring,No Holiday,Yes,3473599,571
5710,12/3/2018,15,15.3,32,2.9,458,-1.3,2.02,0.0,0.0,Spriing,No Holiday,Yes,4087973,714
5711,3/10/2018,17,23.3,36,1.7,1960,7.3,0.95,0.0,0.0,Autmn,Holiday,Yes,12202286,2378
5712,3/9/2018,17,22.7,96,4.9,452,22.0,0.07,13.0,0.0,Autumn,No Holiday,Yes,468465,34
5713,29/04/2018,6,9.5,65,1.0,1325,3.2,0.01,0.0,0.0,Spriing,No Holiday,Yes,1461519,169
5714,26/04/2018,23,12.1,58,1.9,1719,4.0,0.0,,0.0,Spring,No Holiday,Yes,4314441,807
5715,24/08/2018,7,24.2,88,2.3,2000,22.0,0.05,0.0,0.0,Summr,No Holiday,Yes,2828642,427
5716,13/11/2018,10,9.0,51,0.9,706,-0.6,1.16,0.0,0.0,Autum,No Holiday,Yes,3909178,712
5717,2/8/2018,3,31.1,70,0.4,1449,24.9,0.0,0.0,0.0,Summr,No Holiday,Yes,2222551,300
5718,22/10/2018,12,18.2,34,1.0,758,2.0,2.03,0.0,0.0,Autmn,No Holiday,Yes,5834310,1071
5719,15/12/2017,19,0.6,41,1.2,1550,-11.1,0.0,0.0,0.0,Wintr,No Holiday,Yes,2518789,471
5720,4/9/2018,21,22.9,55,3.0,2000,13.3,0.0,,0.0,Auttumn,No Holiday,Yes,11969929,2270
5721,30/01/2018,2,-10.6,40,1.0,2000,-21.6,0.0,0.0,0.0,Winteer,No Holiday,Yes,1296237,106
5722,16/07/2018,5,24.3,85,1.0,1496,21.6,0.0,0.0,0.0,Summer,No Holiday,Yes,2144049,333
5723,22/02/2018,13,4.5,51,3.8,1108,-4.7,,0.0,0.0,Wonter,No Holiday,Yes,1803829,316
5724,27/02/2018,22,5.4,49,1.1,687,-4.4,0.0,0.0,0.0,Wonter,No Holiday,Yes,2554548,444
5725,17/09/2018,21,21.3,66,2.3,1989,14.6,0.0,0.0,0.0,Auttumn,No Holiday,Yes,10769331,2086
5726,18/05/2018,12,16.6,96,0.8,430,15.9,0.34,0.0,0.0,Spriing,No Holiday,Yes,1174270,211
5727,27/03/2018,-8,13.0,58,1.9,1431,3.3,0.53,0.2,0.1,Spriing,No Holiday,No,14912402,2829
5728,8/4/2018,5,1.3,51,1.6,2000,-7.7,0.0,0.0,0.0,Spriing,No Holiday,Yes,1033106,64
5729,30/09/2018,10,20.7,62,1.3,1679,13.1,,0.0,0.0,Autumn,No Holiday,No,960569,0
5730,13/04/2018,0,11.4,22,1.5,2000,-9.6,0.0,0.0,0.0,Spring,No Holiday,Yes,2859441,518
5731,4/5/2018,2,9.6,65,1.5,1654,3.3,0.0,0.0,0.0,Sprng,No Holiday,Yes,2173371,360
5732,23/12/2017,-2,13.8,58,1.8,1443,4.0,0.63,0.1,0.1,Summer,Holiday,No,1935285,267
5733,19/02/2018,23,0.5,73,1.5,465,-3.7,0.0,0.0,0.0,Wintr,No Holiday,Yes,1835916,233
5734,15/10/2018,22,14.8,83,1.5,227,11.9,0.0,0.0,0.0,Auttumn,No Holiday,Yes,8165619,1468
5735,5/9/2018,3,20.2,77,0.4,2000,16.0,0.0,0.0,0.0,Auttumn,No Holiday,Yes,2589452,413
5736,14/01/2018,17,4.5,51,1.1,1244,-4.7,0.17,0.0,0.0,Winter,No Holiday,Yes,2151387,296
5737,9/12/2017,3,-4.3,47,0.6,1992,-13.9,0.0,0.0,0.0,Winter,No Holiday,Yes,925571,158
5738,29/07/2018,18,35.8,35,1.3,2000,17.9,1.21,0.0,0.0,Summr,No Holiday,Yes,6070482,1164
5739,10/2/2018,-7,12.7,59,1.8,1433,4.0,0.53,0.1,0.0,Sproing,Holiday,Yes,1307011,216
5740,9/10/2018,9,12.8,57,1.2,1838,4.4,0.55,0.0,0.0,Autumn,Holiday,No,951721,0
5741,6/9/2018,16,26.9,55,3.9,1909,17.0,,0.0,0.0,Autum,No Holiday,Yes,7219649,1337
5742,1/10/2018,11,17.0,45,4.5,1966,4.9,2.04,0.0,0.0,Auttumn,No Holiday,Yes,5751515,976
5743,10/3/2018,17,7.7,46,2.8,1635,-3.2,1.05,0.0,0.0,Spring,No Holiday,Yes,4950300,875
5744,7/8/2018,8,28.5,64,2.0,2000,21.0,0.89,0.0,0.0,Summer,No Holiday,Yes,8964760,1640
5745,4/3/2018,8,-9.7,0,-0.8,309,-22.8,1.07,0.0,0.0,Wonter,No Holiday,No,905594,0
5746,24/08/2018,18,23.8,95,2.7,1938,22.9,,1.5,0.0,Summmer,No Holiday,Yes,4603367,893
5747,26/11/2018,22,6.2,70,0.4,474,1.1,,0.0,0.0,Autumn,No Holiday,Yes,4563668,849
5748,3/7/2018,12,30.1,64,1.2,2000,22.5,2.54,0.0,0.0,Summr,No Holiday,Yes,5433514,927
5749,7/7/2018,15,28.7,42,1.3,2000,14.5,2.98,0.0,0.0,Sumer,No Holiday,Yes,7960188,1562
5750,1/1/2018,18,0.8,34,1.9,1887,-13.3,0.01,0.0,0.0,Winter,Holiday,Yes,1275976,195
5751,10/8/2018,14,35.1,44,1.6,2000,21.0,2.25,0.0,0.0,Summr,No Holiday,Yes,3795200,645
5752,12/6/2018,18,24.9,53,3.6,2000,14.6,1.28,0.0,0.0,Sumer,No Holiday,Yes,17519008,3412
5753,30/07/2018,13,34.7,43,1.3,2000,20.2,2.05,0.0,0.0,Summer,No Holiday,Yes,4093458,714
5754,19/05/2018,21,19.5,34,1.3,2000,3.2,0.0,0.0,0.0,Sprng,No Holiday,Yes,9619018,1824
5755,22/07/2018,8,27.9,60,0.6,1835,19.4,1.06,0.0,0.0,Sumer,No Holiday,Yes,2993491,539
5756,24/09/2018,18,20.3,35,2.4,2000,4.3,0.46,0.0,0.0,Autum,Holiday,Yes,7353874,1311
5757,25/09/2018,-3,12.2,58,1.8,1435,3.8,0.58,0.2,0.1,Spring,Holiday,No,7013444,1243
5758,14/04/2018,11,8.1,94,1.2,802,7.1,0.39,0.5,0.0,Sprng,No Holiday,Yes,1237722,51
5759,11/8/2018,5,26.9,69,0.7,2000,20.7,0.0,0.0,0.0,Sumer,No Holiday,Yes,1819599,272
5760,9/6/2018,14,30.1,35,1.4,1583,12.9,2.53,0.0,0.0,Summer,No Holiday,Yes,9423613,1774
5761,15/10/2018,23,14.1,74,1.5,486,9.5,,0.0,0.0,Autum,No Holiday,Yes,5369225,913
5762,18/02/2018,23,-0.7,37,0.9,1814,-13.6,0.0,0.0,0.0,Wintr,No Holiday,Yes,1188591,150
5763,22/03/2018,21,4.5,62,2.0,826,-2.1,0.0,0.0,0.0,Spriing,No Holiday,Yes,4682059,744
5764,11/8/2018,13,34.1,45,1.5,1993,20.4,2.57,0.0,0.0,Summmer,No Holiday,Yes,5149642,880
5765,1/9/2018,-7,13.1,59,1.7,1455,4.2,0.56,0.1,0.1,Autumn,No Holiday,No,7767424,1370
5766,3/10/2018,-5,13.3,57,1.7,1444,3.7,0.55,0.1,0.1,Summmer,Holiday,Yes,8775217,1719
5767,20/12/2017,11,-4.2,51,1.1,1772,-12.8,0.4,0.0,1.9,Winteer,No Holiday,Yes,1766730,217
5768,24/03/2018,18,9.0,76,3.0,288,4.9,0.45,0.0,0.0,Sproing,No Holiday,Yes,4273571,729
5769,30/12/2017,18,3.0,84,1.7,137,0.5,,0.3,0.0,Wintr,No Holiday,Yes,897371,47
5770,19/02/2018,4,-1.9,44,0.7,1907,-12.5,0.0,0.0,0.0,Winteer,No Holiday,Yes,627806,41
5771,10/5/2018,22,12.3,85,2.3,452,9.8,0.0,0.0,0.0,Sprng,No Holiday,No,678327,0
5772,29/01/2018,4,-9.9,45,2.5,1967,-19.6,0.0,0.0,0.0,Winteer,No Holiday,Yes,410302,22
5773,23/05/2018,5,14.6,87,2.2,2000,12.4,0.0,0.0,0.0,Spriing,No Holiday,Yes,1421499,166
5774,29/03/2018,4,12.8,81,0.2,418,9.6,0.0,0.0,0.0,Spriing,No Holiday,Yes,1570097,123
5775,20/11/2018,8,0.3,53,0.9,1971,-8.1,0.05,0.0,0.0,Autumn,No Holiday,Yes,9748286,1766
5776,1/11/2018,2,4.4,64,1.4,2000,-1.8,0.0,0.0,0.0,Autmn,No Holiday,Yes,2137800,398
5777,22/02/2018,19,3.5,60,2.7,936,-3.5,0.0,0.0,0.0,Wintr,No Holiday,Yes,2746358,500
5778,3/4/2018,18,18.9,68,3.3,1326,12.8,0.12,0.0,0.0,Sproing,No Holiday,Yes,11377421,2101
5779,29/05/2018,-8,12.3,57,1.7,1418,3.7,0.57,0.2,0.1,Winter,Holiday,Yes,6184455,1092
5780,15/12/2017,6,-7.4,64,0.7,906,-13.0,0.0,0.0,0.0,Winter,No Holiday,Yes,677993,107
5781,11/8/2018,7,26.7,67,0.8,2000,20.0,0.13,0.0,0.0,Summr,No Holiday,Yes,2699362,438
5782,18/09/2018,10,22.7,54,,1619,12.9,1.74,0.0,0.0,Autmn,No Holiday,No,166897,0
5783,28/07/2018,21,29.1,78,,1362,24.8,0.0,0.0,0.0,Summmer,No Holiday,Yes,6552390,1207
5784,18/04/2018,-8,12.2,58,1.8,1436,2.8,0.6,,0.1,Spring,Holiday,Yes,3579916,596
5785,25/08/2018,-1,12.8,59,,1460,3.8,0.52,0.1,0.1,Winter,Holiday,No,837062,78
5786,7/5/2018,6,14.0,87,0.8,1334,11.8,0.01,0.0,0.0,Spring,No Holiday,Yes,2057613,247
5787,22/08/2018,3,,80,0.8,1920,20.4,0.0,0.0,0.0,Summmer,No Holiday,Yes,2665148,360
5788,30/08/2018,6,24.2,96,1.6,1206,23.5,0.0,0.0,0.0,Summer,No Holiday,Yes,2012543,302
5789,27/11/2018,2,3.9,85,0.8,299,1.6,0.0,0.0,0.0,Auttumn,No Holiday,Yes,2082351,282
5790,1/12/2017,2,-6.0,39,1.0,2000,-17.7,,0.0,0.0,Winteer,No Holiday,Yes,1742627,182
5791,16/10/2018,3,11.5,61,1.4,1399,4.2,0.0,0.0,0.0,Autum,No Holiday,Yes,1718140,306
5792,9/12/2017,-4,12.1,57,1.8,1389,3.8,0.54,0.2,0.1,Autmn,Holiday,No,3774992,600
5793,11/6/2018,21,19.0,82,1.0,2000,15.8,0.0,0.0,0.0,Summer,No Holiday,Yes,8918113,1701
5794,26/03/2018,2,5.4,95,1.5,89,4.6,0.0,0.0,0.0,Sprng,No Holiday,Yes,1343423,93
5795,8/7/2018,21,25.3,55,1.4,2000,15.6,0.0,0.0,0.0,Summr,No Holiday,Yes,11355109,2168
5796,4/5/2018,7,9.5,55,2.1,1912,0.8,0.32,0.0,0.0,Spriing,No Holiday,Yes,6996918,1263
5797,5/5/2018,17,23.6,29,3.9,1948,4.5,1.68,0.0,0.0,Sproing,No Holiday,Yes,10704471,2002
5798,25/03/2018,4,5.3,82,1.0,200,2.4,0.0,0.0,0.0,Spring,No Holiday,Yes,563145,77
5799,5/2/2018,22,-10.3,43,3.7,1876,-20.5,0.0,,0.0,Wintr,No Holiday,Yes,984854,176
5800,12/12/2017,20,-8.4,42,1.0,2000,-19.0,0.0,0.0,0.0,Wintr,No Holiday,Yes,1871969,232
5801,16/06/2018,13,26.2,37,1.2,1936,10.3,3.36,0.0,0.0,Summmer,No Holiday,Yes,10054388,1832
5802,29/09/2018,22,19.3,55,0.5,2000,10.0,0.0,0.0,0.0,Auttumn,No Holiday,Yes,8778399,1575
5803,12/7/2018,18,27.5,77,2.1,1897,23.0,0.46,0.0,0.0,Summr,No Holiday,Yes,15523486,3060
5804,25/03/2018,-2,12.2,58,1.8,1467,3.4,0.59,0.2,0.1,Sumer,Holiday,No,863063,67
5805,5/12/2017,16,-0.5,30,0.0,2000,-16.0,0.0,0.0,0.0,Wonter,No Holiday,Yes,2973679,432
5806,30/12/2017,16,,63,0.7,263,-2.3,0.13,0.0,0.0,Winter,No Holiday,Yes,2008173,325
5807,26/05/2018,15,29.4,30,2.0,882,10.0,2.82,0.0,0.0,Spriing,No Holiday,Yes,8762452,1638
5808,14/12/2017,16,-2.4,28,0.9,1878,-18.4,0.35,0.0,0.0,Wonter,No Holiday,Yes,2089957,315
5809,24/07/2018,21,30.2,65,2.3,1642,22.8,0.0,0.0,0.0,Summmer,No Holiday,Yes,9966512,1963
5810,9/12/2017,11,0.0,45,1.1,1500,-10.5,0.89,0.0,0.0,Wonter,No Holiday,Yes,2602648,359
5811,1/1/2018,23,-1.6,51,0.7,1882,-10.4,0.0,0.0,0.0,Winter,Holiday,Yes,1238641,159
5812,21/09/2018,6,17.6,95,1.7,974,16.7,0.0,1.5,0.0,Autmn,No Holiday,Yes,1027015,22
5813,18/07/2018,7,24.2,74,0.7,656,19.2,0.35,0.0,0.0,Sumer,No Holiday,Yes,7743731,1353
5814,2/7/2018,-6,,57,1.8,1432,4.7,0.66,0.2,0.0,Wintr,Holiday,No,2880952,442
5815,25/11/2018,20,5.5,77,0.7,490,1.7,0.0,0.0,0.4,Autum,No Holiday,Yes,3746812,574
5816,23/02/2018,8,-0.2,97,0.4,197,-0.6,0.05,0.0,3.7,Wintr,No Holiday,Yes,2369138,406
5817,15/05/2018,6,15.4,84,,235,12.7,0.03,0.0,0.0,Sprng,No Holiday,Yes,3444705,565
5818,1/12/2017,10,-3.5,24,1.2,1996,-21.2,0.65,0.0,0.0,Winteer,No Holiday,Yes,2550582,357
5819,27/07/2018,7,27.6,80,1.0,783,23.8,0.27,0.0,0.0,Summr,No Holiday,Yes,6741490,1190
5820,23/11/2018,13,6.5,18,2.2,1984,-16.1,1.94,0.0,0.0,Autum,No Holiday,Yes,4373110,748
5821,12/6/2018,3,17.5,87,0.5,1995,15.3,0.0,0.0,0.0,Summr,No Holiday,Yes,2023505,229
5822,2/3/2018,18,3.5,22,0.9,1961,-16.2,,0.0,0.0,Sprng,No Holiday,Yes,4722079,869
5823,1/6/2018,23,21.8,49,1.6,1965,10.6,0.0,0.0,0.0,Summer,No Holiday,Yes,7134824,1388
5824,26/01/2018,1,-15.3,34,1.7,2000,-27.6,0.0,0.0,0.5,Winteer,No Holiday,Yes,1238073,96
5825,1/7/2018,-6,13.1,61,1.7,1407,4.1,0.6,0.1,0.1,Autumn,No Holiday,No,878633,0
5826,30/10/2018,13,9.8,33,1.8,1937,-5.7,2.3,0.0,0.0,Autumn,No Holiday,Yes,4613284,889
5827,4/7/2018,1,25.4,79,1.0,2000,21.4,0.0,0.0,0.0,Summer,No Holiday,Yes,4832661,861
5828,18/09/2018,6,17.7,77,0.2,1757,13.6,0.0,0.0,0.0,Autumn,No Holiday,No,661707,0
5829,11/9/2018,6,17.0,55,1.2,2000,7.8,0.0,0.0,0.0,Auttumn,No Holiday,Yes,4208307,684
5830,1/6/2018,11,26.8,38,2.6,1879,11.2,2.99,0.0,0.0,Sumer,No Holiday,Yes,5445392,1050
5831,7/7/2018,5,19.8,63,1.4,2000,12.5,0.0,0.0,0.0,Summmer,No Holiday,Yes,1590004,275
5832,13/01/2018,12,-3.7,66,1.1,1140,-9.1,0.45,0.2,0.4,Winteer,No Holiday,Yes,1632207,186
5833,10/3/2018,10,3.5,65,,539,-2.4,0.87,0.0,0.0,Spriing,No Holiday,Yes,2367393,426
5834,13/03/2018,-1,13.7,59,1.7,1394,4.5,0.62,0.3,0.1,Autmn,Holiday,Yes,2560112,364
5835,25/03/2018,-10,12.1,58,1.8,1427,4.9,0.58,0.1,0.1,Summr,No Holiday,Yes,3981041,701
5836,19/05/2018,16,24.5,34,1.5,2000,7.5,2.54,0.0,0.0,Sproing,No Holiday,Yes,13098198,2488
5837,21/02/2018,19,-0.1,39,2.8,2000,-12.4,0.0,0.0,0.0,Wintr,No Holiday,Yes,3072597,526
5838,29/06/2018,22,24.2,80,1.3,500,20.5,0.0,0.0,0.0,Summmer,No Holiday,Yes,11060432,2075
5839,25/06/2018,2,22.3,80,0.8,709,18.6,0.0,0.0,0.0,Summr,No Holiday,Yes,2931739,409
5840,8/1/2018,23,-0.6,62,4.2,936,-6.9,,,1.0,Winteer,No Holiday,Yes,1147245,118
5841,1/5/2018,10,22.2,61,1.2,531,14.3,1.72,0.0,0.0,Spring,Holiday,Yes,5333459,1042
5842,23/05/2018,10,17.9,56,3.3,1919,8.9,2.63,0.0,0.0,Sproing,No Holiday,Yes,5209112,884
5843,28/01/2018,16,-2.1,27,4.0,2000,-18.6,0.52,0.0,0.0,Wintr,No Holiday,Yes,1736279,188
5844,27/12/2017,5,-9.4,36,1.9,2000,-21.7,0.0,0.0,0.0,Wintr,No Holiday,Yes,1152707,63
5845,29/07/2018,3,27.4,73,0.6,1893,22.1,0.0,0.0,0.0,Sumer,No Holiday,Yes,2815595,399
5846,13/11/2018,17,12.7,40,1.9,1967,-0.5,0.33,0.0,0.0,Autum,No Holiday,Yes,7889714,1528
5847,15/04/2018,23,,69,2.2,1730,3.2,0.0,0.0,0.0,Sprng,No Holiday,Yes,2915423,506
5848,18/01/2018,12,2.5,72,2.4,256,-2.0,0.0,0.0,0.0,Wintr,No Holiday,Yes,1667115,272
5849,13/04/2018,-2,12.9,59,,1422,4.0,0.56,0.2,0.1,Auttumn,Holiday,Yes,1741054,149
5850,30/08/2018,11,26.2,82,2.6,834,22.8,0.59,0.0,0.0,Summr,No Holiday,Yes,3386821,650
5851,20/04/2018,3,11.3,61,0.3,934,4.0,0.0,0.0,0.0,Sprng,No Holiday,Yes,1712578,195
5852,13/03/2018,6,7.0,58,0.7,537,-0.7,0.0,0.0,0.0,Sproing,No Holiday,Yes,2019730,255
5853,7/8/2018,23,29.5,78,1.4,1469,25.2,0.0,0.0,0.0,Summr,No Holiday,Yes,6913469,1193
5854,11/2/2018,9,-8.6,28,1.5,1786,-23.8,0.49,0.0,0.0,Wintr,No Holiday,Yes,805306,127
5855,13/01/2018,11,-4.8,70,1.0,1244,-9.4,0.21,0.0,0.6,Wonter,No Holiday,Yes,969333,142
5856,6/2/2018,6,-12.5,40,3.4,1991,-23.3,0.0,,0.0,Wintr,No Holiday,Yes,1101118,98
5857,25/08/2018,2,22.9,82,2.1,1829,19.6,0.0,0.0,0.0,Summmer,No Holiday,Yes,4317724,742
5858,1/10/2018,20,15.4,63,2.1,2000,8.3,0.0,0.0,0.0,Autum,No Holiday,Yes,9586218,1853
5859,24/02/2018,5,1.8,84,2.7,214,-0.6,0.0,0.0,0.0,Wonter,No Holiday,Yes,1164167,44
5860,20/11/2018,18,9.1,31,2.0,1932,-7.1,0.0,0.0,0.0,Autmn,No Holiday,Yes,9435076,1788
5861,28/03/2018,21,14.2,70,0.8,723,8.7,0.0,0.0,0.0,Sprng,No Holiday,Yes,5646214,1041
5862,18/12/2017,17,0.4,84,0.8,317,-1.9,0.15,0.0,2.7,Wintr,No Holiday,Yes,917073,149
5863,24/02/2018,22,0.1,32,0.9,1937,-14.6,0.0,0.0,0.0,Winteer,No Holiday,Yes,1855449,214
5864,26/03/2018,23,9.8,62,0.6,535,2.8,0.0,0.0,0.0,Spring,No Holiday,Yes,3069296,452
5865,19/01/2018,22,0.0,56,0.8,1544,-7.7,0.0,0.0,0.0,Wonter,No Holiday,Yes,1841396,296
5866,18/09/2018,0,19.5,73,,1916,14.5,0.0,0.0,0.0,Auttumn,No Holiday,No,400683,13
5867,8/11/2018,4,10.8,87,1.7,956,8.7,0.0,0.0,0.0,Autum,No Holiday,Yes,655535,53
5868,4/9/2018,2,20.9,96,0.4,970,20.2,0.0,0.0,0.0,Autum,No Holiday,Yes,2563232,352
5869,19/03/2018,11,10.2,65,3.3,2000,3.9,,0.0,0.0,Spriing,No Holiday,Yes,2540077,363
5870,24/09/2018,-4,13.8,56,1.7,1401,4.4,0.59,0.1,0.1,Autumn,No Holiday,No,8863270,1611
5871,8/2/2018,10,-6.3,46,1.3,1346,-16.0,1.01,0.0,0.0,Wintr,No Holiday,Yes,1476741,166
5872,6/1/2018,8,-6.5,62,1.1,1503,-12.5,0.0,,0.0,Wintr,No Holiday,Yes,1446140,199
5873,24/01/2018,7,-15.9,30,3.0,2000,-29.5,0.0,0.0,0.9,Wonter,No Holiday,Yes,853437,147
5874,15/05/2018,21,25.6,56,0.7,884,16.1,,0.0,0.0,Spring,No Holiday,Yes,10567933,1956
5875,16/11/2018,-7,13.3,57,1.8,1432,4.2,0.53,0.2,0.1,Winteer,Holiday,No,6035442,1059
5876,16/01/2018,15,6.3,40,0.3,498,-6.3,0.19,0.0,0.0,Wintr,No Holiday,Yes,2353001,285
5877,14/10/2018,3,8.4,73,0.4,820,3.8,0.0,0.0,0.0,Autmn,No Holiday,Yes,2472993,324
5878,3/12/2017,7,3.1,91,1.2,129,1.7,0.0,,0.0,Wintr,No Holiday,Yes,550959,14
5879,10/2/2018,15,,20,4.1,1942,-18.6,1.49,0.0,0.0,Wintr,No Holiday,Yes,2389833,284
5880,19/07/2018,21,28.8,69,2.4,1619,22.5,,0.0,0.0,Summmer,No Holiday,Yes,11617649,2152
5881,10/9/2018,10,24.0,47,1.6,1996,11.9,2.08,,0.0,Autum,No Holiday,Yes,5153104,917
5882,4/8/2018,3,29.7,57,1.5,1964,20.2,0.0,0.0,0.0,Sumer,No Holiday,Yes,2916807,458
5883,25/12/2017,12,-1.6,33,2.5,1874,-15.8,1.18,,0.0,Winteer,Holiday,Yes,2050379,221
5884,10/8/2018,6,25.7,83,0.6,1483,22.5,0.0,0.0,0.0,Summr,No Holiday,Yes,4115190,688
5885,15/03/2018,16,10.7,98,1.2,196,10.3,0.14,0.0,0.0,Sprng,No Holiday,Yes,1527564,275
5886,1/12/2017,22,-0.9,83,1.5,1380,-3.4,0.0,0.0,0.0,Wintr,No Holiday,Yes,2028118,382
5887,26/06/2018,14,21.0,97,0.7,381,20.4,,2.5,0.0,Summer,No Holiday,Yes,463963,21
5888,6/11/2018,10,11.7,62,0.5,521,4.6,0.77,0.0,0.0,Autum,No Holiday,No,825171,0
5889,1/10/2018,-4,12.9,58,1.7,1446,3.1,0.57,,0.1,Wonter,Holiday,No,5740143,981
5890,5/10/2018,4,17.7,57,1.3,2000,9.0,0.0,0.0,0.0,Auttumn,No Holiday,Yes,1783433,201
5891,6/7/2018,20,23.8,55,2.3,2000,14.2,0.05,0.0,0.0,Summr,No Holiday,Yes,12363470,2309
5892,5/6/2018,23,21.9,56,,1898,12.7,0.0,0.0,0.0,Summmer,No Holiday,Yes,9168489,1649
5893,12/11/2018,21,,50,0.5,1707,-1.3,0.0,0.0,0.0,Auttumn,No Holiday,Yes,6708387,1211
5894,14/11/2018,10,9.6,53,1.4,1818,0.4,1.16,0.0,0.0,Autumn,No Holiday,Yes,3946302,767
5895,28/11/2018,20,4.8,29,0.6,1756,-11.7,0.0,0.0,0.0,Autmn,No Holiday,Yes,4918761,865
5896,9/11/2018,-8,12.7,58,1.6,1433,4.5,0.57,0.1,0.0,Wonter,No Holiday,Yes,4515000,834
5897,27/10/2018,12,10.4,41,4.9,1966,-2.3,1.33,0.0,0.0,Autmn,No Holiday,Yes,5736357,1098
5898,18/06/2018,14,29.8,36,2.0,1382,13.1,2.63,0.0,0.0,Summmer,No Holiday,Yes,5138328,979
5899,5/2/2018,8,-11.5,40,2.8,2000,-22.4,0.02,0.0,0.0,Winter,No Holiday,Yes,2824425,448
5900,13/12/2017,21,-8.3,39,1.0,2000,-19.8,0.0,0.0,0.0,Winter,No Holiday,Yes,1969295,272
5901,14/11/2018,22,8.8,58,0.5,1358,0.9,0.0,0.0,0.0,Auttumn,No Holiday,Yes,6328382,1079
5902,26/06/2018,13,20.5,97,1.2,338,20.0,0.11,14.5,0.0,Summer,No Holiday,Yes,1060518,20
5903,10/4/2018,17,20.6,39,5.6,2000,6.1,0.74,0.0,0.0,Spring,No Holiday,Yes,6009385,1140
5904,28/02/2018,22,2.3,96,1.9,1207,1.7,0.0,,0.0,Winter,No Holiday,Yes,1015310,10
5905,1/2/2018,22,-3.9,52,1.2,1871,-12.3,0.0,0.0,0.0,Wonter,No Holiday,Yes,1267858,224
5906,5/11/2018,12,16.4,48,2.1,653,5.3,1.68,0.0,0.0,Autmn,No Holiday,Yes,5617921,1040
5907,7/3/2018,7,2.2,65,1.9,2000,-3.7,0.0,0.0,0.0,Spring,No Holiday,Yes,3351887,615
5908,30/10/2018,4,1.6,63,0.3,2000,-4.6,0.0,0.0,0.0,Autmn,No Holiday,Yes,1639924,152
5909,6/6/2018,3,19.6,68,1.7,1260,13.5,0.0,0.0,0.0,Summmer,Holiday,Yes,3615547,561
5910,25/03/2018,12,12.2,58,15.0,1429,4.9,0.58,,0.1,Sumer,No Holiday,Yes,3846970,575
5911,8/12/2017,4,-5.3,53,2.4,1936,-13.4,0.0,0.0,0.0,Wintr,No Holiday,Yes,880440,70
5912,8/6/2018,20,22.6,71,1.8,856,17.0,0.11,0.0,0.0,Summr,No Holiday,Yes,12659512,2507
5913,9/9/2018,18,26.0,35,0.3,2000,9.3,0.2,0.0,0.0,Autum,No Holiday,Yes,13278628,2460
5914,4/10/2018,15,25.3,39,1.6,2000,10.3,1.88,,0.0,Autumn,No Holiday,No,801059,0
5915,25/01/2018,14,-10.4,25,2.3,1981,-26.7,1.21,0.0,0.5,Wonter,No Holiday,Yes,938242,149
5916,4/3/2018,17,11.8,82,1.7,990,8.8,0.4,0.0,0.0,Spriing,No Holiday,Yes,2898679,492
5917,4/5/2018,18,17.1,35,3.4,1961,1.4,1.11,0.0,0.0,Spring,No Holiday,Yes,13815305,2713
5918,17/11/2018,15,8.9,34,2.9,1787,-6.1,0.52,,0.0,Auttumn,No Holiday,Yes,5729052,1042
5919,24/10/2018,23,11.0,74,0.1,1817,6.5,0.0,0.0,0.0,Autum,No Holiday,Yes,4756631,914
5920,16/02/2018,4,-4.5,42,1.4,1944,-15.5,0.0,0.0,0.0,Winteer,Holiday,Yes,318371,28
5921,12/2/2018,3,-8.5,35,2.7,2000,-21.2,,0.0,0.0,Wonter,No Holiday,Yes,783988,19
5922,15/09/2018,9,22.7,72,1.2,2000,17.3,0.59,0.0,0.0,Autumn,No Holiday,Yes,5643734,969
5923,15/10/2018,12,19.0,60,1.8,513,11.0,2.11,0.0,0.0,Auttumn,No Holiday,Yes,5423257,960
5924,21/07/2018,22,,55,1.4,2000,19.4,0.0,0.0,0.0,Summr,No Holiday,Yes,8117238,1581
5925,28/05/2018,19,24.4,44,2.8,1979,11.3,0.45,0.0,0.0,Sprng,No Holiday,Yes,13420222,2650
5926,1/8/2018,2,29.5,69,0.8,2000,23.2,0.0,0.0,0.0,Sumer,No Holiday,Yes,3310064,506
5927,17/07/2018,6,24.0,81,0.9,1271,20.5,0.02,0.0,0.0,Sumer,No Holiday,Yes,4826599,797
5928,17/09/2018,5,19.4,84,1.6,1252,16.6,0.0,0.0,0.0,Auttumn,No Holiday,Yes,1558252,261
5929,8/10/2018,7,9.2,72,1.0,2000,4.4,0.01,0.0,0.0,Autmn,No Holiday,Yes,7523328,1321
5930,29/05/2018,20,20.1,88,2.2,572,18.0,0.0,1.0,0.0,Sprng,No Holiday,Yes,2921709,428
5931,14/02/2018,0,2.0,65,2.2,1885,-3.9,0.0,0.0,0.0,Winter,No Holiday,Yes,1502437,195
5932,12/2/2018,21,-4.3,59,3.0,1239,-11.1,0.0,0.0,0.0,Wonter,No Holiday,Yes,1848269,235
5933,23/09/2018,14,24.2,40,1.2,1953,9.7,2.62,0.0,0.0,Autumn,Holiday,Yes,6766580,1209
5934,10/10/2018,17,13.1,45,3.1,2000,1.4,0.62,0.0,0.0,Auttumn,No Holiday,Yes,9372640,1781
5935,17/02/2018,23,,31,,2000,-17.7,0.0,0.0,0.0,Wonter,Holiday,Yes,1235573,113
5936,25/03/2018,16,16.5,39,3.1,366,2.4,1.91,0.0,0.0,Spriing,No Holiday,Yes,5746431,1024
5937,21/12/2017,1,-1.8,90,1.6,263,-3.2,0.0,0.0,2.2,Winteer,No Holiday,Yes,1814918,171
5938,18/04/2018,10,13.7,26,2.3,1476,-5.4,2.25,0.0,0.0,Spring,No Holiday,Yes,4434179,723
5939,29/04/2018,4,10.3,63,0.7,1277,3.5,0.0,0.0,0.0,Sprng,No Holiday,Yes,1643929,192
5940,25/02/2018,14,7.0,23,2.4,1645,-12.7,2.52,0.0,0.0,Winteer,No Holiday,Yes,3120849,538
5941,3/1/2018,7,,48,2.4,1974,-16.0,0.0,0.0,0.0,Winteer,No Holiday,Yes,2428380,338
5942,2/6/2018,15,,24,2.9,1939,7.0,3.0,0.0,0.0,Summr,No Holiday,Yes,8669909,1554
5943,30/01/2018,17,-2.4,85,0.3,174,-4.5,0.06,0.0,0.6,Wonter,No Holiday,Yes,443630,48
5944,19/06/2018,13,26.6,46,2.9,1482,14.0,2.31,0.0,0.0,Sumer,No Holiday,Yes,6099850,1196
5945,21/04/2018,13,24.6,10,2.7,2000,-9.0,3.31,0.0,0.0,Spring,No Holiday,Yes,7092572,1363
5946,17/03/2018,0,3.7,48,1.6,2000,-6.3,0.0,0.0,0.0,Sproing,No Holiday,Yes,2579958,415
5947,11/8/2018,1,29.0,67,1.1,2000,22.2,0.0,0.0,0.0,Summr,No Holiday,Yes,4870978,927
5948,22/07/2018,-8,12.7,59,1.6,1405,4.3,0.51,,0.1,Summr,No Holiday,No,2367759,382
5949,17/10/2018,7,8.6,77,0.7,965,4.7,0.0,,0.0,Autum,No Holiday,Yes,7040098,1227
5950,6/7/2018,15,26.9,51,2.0,2000,15.9,1.95,0.0,0.0,Summr,No Holiday,Yes,7610895,1375
5951,8/6/2018,11,21.9,64,2.4,1359,14.7,1.03,0.0,0.0,Summer,No Holiday,Yes,5972496,1064
5952,12/5/2018,9,11.8,95,1.0,168,11.0,0.14,3.0,0.0,Sproing,No Holiday,Yes,629517,11
5953,19/06/2018,-3,12.2,58,1.9,1435,4.5,0.6,0.2,0.1,Winter,Holiday,No,6731083,1244
5954,3/9/2018,7,23.9,71,0.4,2000,18.3,0.02,0.0,0.0,Autum,No Holiday,Yes,7489868,1341
5955,24/02/2018,1,4.0,83,1.7,235,1.3,0.0,0.0,0.0,Wintr,No Holiday,Yes,2259069,278
5956,22/01/2018,15,3.6,69,,655,-1.5,0.17,0.0,0.0,Wintr,No Holiday,Yes,546709,85
5957,28/05/2018,21,21.8,50,2.1,1950,10.9,0.0,0.0,0.0,Spriing,No Holiday,Yes,11639155,2154
5958,1/3/2018,14,1.2,36,6.0,1430,-12.2,,0.0,0.0,Sproing,Holiday,Yes,2846818,406
5959,25/09/2018,-8,12.5,61,1.7,1421,3.7,,0.1,0.1,Sumer,No Holiday,No,3916349,614
5960,3/2/2018,20,-8.5,31,4.1,2000,-22.6,0.0,0.0,0.0,Wintr,No Holiday,Yes,1117684,107
5961,19/02/2018,5,-1.8,44,0.5,1862,-12.4,0.0,0.0,0.0,Winteer,No Holiday,Yes,990146,55
5962,17/01/2018,15,8.5,49,1.3,400,-1.6,0.73,0.0,0.0,Winter,No Holiday,Yes,1784982,285
5963,31/01/2018,15,-0.5,30,2.3,1997,-15.9,0.45,0.0,2.2,Winteer,No Holiday,Yes,1343748,207
5964,23/07/2018,12,34.1,47,2.3,1862,21.1,,0.0,0.0,Summr,No Holiday,Yes,3999744,657
5965,28/06/2018,14,27.1,72,3.0,1126,21.6,0.91,0.0,0.0,Summer,No Holiday,Yes,5774820,1040
5966,21/11/2018,19,5.1,50,0.7,2000,-4.4,0.0,0.0,0.0,Auttumn,No Holiday,Yes,6210266,1092
5967,13/09/2018,23,22.4,73,0.3,1980,17.3,0.0,0.0,0.0,Autmn,No Holiday,Yes,7510130,1312
5968,17/10/2018,1,11.5,74,1.2,1305,7.0,0.0,0.0,0.0,Autumn,No Holiday,Yes,3215086,621
5969,27/08/2018,5,20.5,97,0.4,384,20.0,0.0,3.0,0.0,Sumer,No Holiday,Yes,972289,36
5970,21/06/2018,21,23.8,63,1.5,1455,16.3,0.0,0.0,0.0,Summr,No Holiday,Yes,12813911,2478
5971,13/02/2018,19,2.4,57,3.2,1995,-5.2,0.0,,0.0,Wonter,No Holiday,Yes,2574495,371
5972,21/06/2018,20,25.1,55,2.3,1779,15.4,0.08,0.0,0.0,Summer,No Holiday,Yes,13171353,2569
5973,14/12/2017,8,-10.4,54,1.1,1432,-17.9,0.01,0.0,0.0,Wintr,No Holiday,Yes,4010486,615
5974,13/05/2018,-6,12.7,58,1.7,1455,4.8,0.6,,0.1,Spriing,Holiday,No,10112947,1926
5975,27/04/2018,18,20.3,47,2.5,705,8.6,0.77,0.0,0.0,Sproing,No Holiday,Yes,13495438,2637
5976,20/07/2018,-2,,59,1.7,1394,4.4,,0.2,0.1,Autmn,No Holiday,No,1436381,182
5977,8/8/2018,0,29.1,77,2.1,1465,24.6,0.0,0.0,0.0,Summmer,No Holiday,Yes,5015168,909
5978,24/10/2018,18,15.1,53,1.7,2000,5.5,0.06,0.0,0.0,Autmn,No Holiday,Yes,14133183,2701
5979,11/2/2018,16,,36,4.4,2000,-16.5,0.67,0.0,0.0,Wonter,No Holiday,Yes,1666795,190
5980,13/10/2018,11,15.2,44,1.2,1301,3.0,2.16,0.0,0.0,Autumn,No Holiday,Yes,6224869,1186
5981,8/5/2018,23,12.2,57,1.9,2000,3.9,0.0,0.0,0.0,Spring,No Holiday,Yes,4356344,785
5982,16/02/2018,10,-1.3,32,1.5,1933,-15.9,1.24,0.0,0.0,Winteer,Holiday,Yes,746049,78
5983,16/04/2018,10,12.4,34,1.2,1943,-3.0,2.24,0.0,0.0,Sproing,No Holiday,Yes,4648789,740
5984,16/06/2018,11,23.4,46,1.6,1954,11.1,,0.0,0.0,Summer,No Holiday,Yes,7704651,1350
5985,7/5/2018,1,15.1,84,0.3,1858,12.4,0.0,0.0,0.0,Sproing,No Holiday,Yes,3457131,578
5986,31/05/2018,17,27.2,42,2.9,1828,13.1,1.79,0.0,0.0,Spring,No Holiday,Yes,11040374,2078
5987,12/11/2018,15,13.8,34,2.4,1438,-1.8,1.45,0.0,0.0,Autumn,No Holiday,Yes,6814521,1179
5988,10/1/2018,4,-6.6,72,2.2,2000,-10.8,0.0,0.0,0.8,Winter,No Holiday,Yes,403129,31
5989,20/02/2018,13,4.2,22,3.9,1812,-15.6,2.21,0.0,0.0,Winteer,No Holiday,Yes,2099187,363
5990,13/12/2017,-9,13.3,58,1.7,1439,4.2,,0.2,0.1,Autmn,Holiday,Yes,12456888,2424
5991,28/12/2017,5,-5.7,28,1.2,2000,-21.3,0.0,0.0,0.0,Wonter,No Holiday,Yes,818420,61
5992,14/06/2018,-6,13.5,58,1.8,1430,3.8,0.55,0.2,0.1,Winteer,No Holiday,Yes,3706297,584
5993,25/01/2018,3,-16.0,40,1.9,2000,-26.5,0.0,0.0,0.7,Wintr,No Holiday,Yes,740450,50
5994,22/02/2018,6,-3.0,62,0.8,1996,-9.2,0.0,0.0,0.0,Winter,No Holiday,Yes,1049709,161
5995,31/05/2018,9,18.8,59,1.6,1233,10.6,1.9,0.0,0.0,Spriing,No Holiday,Yes,6650056,1264
5996,3/9/2018,6,23.8,71,1.2,2000,18.2,0.0,0.0,0.0,Autumn,No Holiday,Yes,3643041,643
5997,2/2/2018,21,-2.0,61,1.7,1655,-8.5,,0.0,0.0,Winter,No Holiday,Yes,1620806,229
5998,28/03/2018,3,10.9,79,0.8,383,7.3,0.0,0.0,0.0,Sprng,No Holiday,Yes,1485660,133
5999,2/4/2018,23,16.8,70,0.9,1426,11.2,0.0,,0.0,Sprng,No Holiday,Yes,4887444,847
6000,31/12/2017,16,2.7,26,2.7,2000,-14.9,0.59,0.0,0.0,Winteer,Holiday,Yes,2212555,273
6001,12/5/2018,-1,12.6,56,,1436,4.1,0.6,0.1,0.1,Autmn,Holiday,Yes,3837393,583
6002,2/3/2018,23,0.3,38,,1895,-12.3,,0.0,0.0,Sprng,No Holiday,Yes,1370619,247
6003,24/09/2018,2,16.1,57,,2000,7.5,0.0,0.0,0.0,Auttumn,Holiday,Yes,2473865,302
6004,23/09/2018,15,25.0,28,2.2,2000,5.2,2.39,0.0,0.0,Autmn,Holiday,Yes,7313525,1406
6005,5/5/2018,0,12.2,59,1.2,1718,4.4,0.0,0.0,0.0,Sproing,No Holiday,Yes,4513591,781
6006,15/02/2018,5,-2.4,33,3.1,2000,-16.5,0.0,0.0,0.0,Winter,Holiday,Yes,450832,35
6007,15/08/2018,15,37.4,38,1.4,2000,20.6,1.72,0.0,0.0,Summer,Holiday,Yes,4105443,755
6008,30/07/2018,17,35.4,44,0.8,2000,21.2,1.1,0.0,0.0,Summmer,No Holiday,Yes,6922619,1220
6009,15/11/2018,8,5.3,75,1.0,808,1.2,0.1,0.0,0.0,Autum,No Holiday,Yes,9219551,1779
6010,8/6/2018,13,24.2,58,1.9,1015,15.4,1.87,0.0,0.0,Summmer,No Holiday,Yes,7155280,1330
6011,10/10/2018,14,14.0,43,2.8,2000,1.5,1.13,,0.0,Autmn,No Holiday,Yes,5391441,1057
6012,26/07/2018,1,27.6,79,1.0,1261,23.6,0.0,0.0,0.0,Sumer,No Holiday,Yes,4373375,741
6013,19/12/2017,14,-2.2,23,3.7,1971,-20.5,1.09,0.0,2.2,Wonter,No Holiday,Yes,1468539,181
6014,18/10/2018,5,7.8,81,1.1,2000,4.7,0.0,,0.0,Autum,No Holiday,Yes,1414955,178
6015,13/07/2018,15,30.2,62,2.4,1806,22.1,1.91,0.0,0.0,Summr,No Holiday,Yes,6123318,1080
6016,10/8/2018,10,30.5,58,0.6,1875,21.2,1.84,0.0,0.0,Summr,No Holiday,Yes,4086502,717
6017,25/06/2018,20,28.8,54,1.1,964,18.5,0.09,0.0,0.0,Sumer,No Holiday,Yes,12921285,2418
6018,17/08/2018,23,25.2,47,1.2,2000,13.0,0.0,0.0,0.0,Summer,No Holiday,Yes,7863500,1433
6019,3/11/2018,2,7.6,68,1.2,1170,2.0,0.0,,0.0,Autumn,No Holiday,No,969384,0
6020,28/04/2018,11,19.0,30,3.0,1719,1.0,2.84,0.0,0.0,Spring,No Holiday,Yes,5676384,1019
6021,27/08/2018,20,24.4,85,0.7,2000,21.7,0.01,0.0,0.0,Summer,No Holiday,Yes,8898905,1595
6022,25/07/2018,-4,12.8,59,1.6,1429,5.0,0.5,0.1,0.1,Spriing,Holiday,No,2614649,325
6023,6/4/2018,23,3.8,75,4.1,604,-0.2,0.0,0.0,0.0,Spring,No Holiday,Yes,2535173,309
6024,9/3/2018,20,4.3,67,1.1,1125,-1.2,0.0,,0.0,Spriing,No Holiday,Yes,3612976,573
6025,6/2/2018,10,-11.3,35,4.2,1848,-23.7,1.15,0.0,0.0,Wintr,No Holiday,Yes,697737,118
6026,1/8/2018,23,32.3,67,1.0,1592,25.3,0.0,0.0,0.0,Summmer,No Holiday,Yes,5653119,1032
6027,1/2/2018,19,-1.8,32,1.5,2000,-16.3,0.0,0.0,0.0,Wintr,No Holiday,Yes,2309229,359
6028,26/01/2018,23,-14.4,38,2.7,1738,-25.6,,0.0,0.3,Winter,No Holiday,Yes,791109,92
6029,19/10/2018,4,8.1,76,0.3,2000,4.1,0.0,0.0,0.0,Autumn,No Holiday,Yes,1457128,174
6030,31/08/2018,23,23.8,81,,1893,20.3,0.0,0.0,0.0,Summer,No Holiday,Yes,7438992,1391
6031,13/07/2018,21,27.2,80,,1870,23.4,,0.0,0.0,Summr,No Holiday,Yes,9985407,1935
6032,11/12/2017,5,-5.6,38,3.2,1974,-17.6,0.0,0.0,0.0,Wonter,No Holiday,Yes,548487,83
6033,11/11/2018,16,9.9,59,1.3,578,2.2,0.1,0.0,0.0,Auttumn,No Holiday,Yes,4156826,635
6034,9/11/2018,23,10.9,76,1.2,456,6.8,0.0,0.0,0.0,Autum,No Holiday,No,317603,0
6035,24/10/2018,7,7.8,90,0.6,763,6.2,0.0,0.0,0.0,Autumn,No Holiday,Yes,6828892,1170
6036,4/5/2018,20,14.1,46,3.4,1940,2.6,,0.0,0.0,Sprng,No Holiday,Yes,8093128,1466
6037,29/01/2018,5,-10.4,47,1.0,1921,-19.5,0.0,0.0,0.0,Wintr,No Holiday,Yes,733507,42
6038,2/7/2018,19,24.1,93,2.1,1118,22.8,0.23,1.5,0.0,Summr,No Holiday,Yes,627212,62
6039,19/09/2018,13,26.5,39,1.7,1560,11.4,2.15,0.0,0.0,Autum,No Holiday,No,477732,0
6040,26/01/2018,22,-14.6,40,1.8,1746,-25.2,0.0,0.0,0.3,Winteer,No Holiday,Yes,1487706,128
6041,23/01/2018,8,-13.0,41,4.0,2000,-23.5,0.0,,1.0,Winteer,No Holiday,Yes,3197497,442
6042,1/11/2018,5,3.3,72,0.0,1946,-1.2,0.0,0.0,0.0,Autumn,No Holiday,Yes,1301488,174
6043,6/10/2018,10,17.0,97,1.5,676,16.5,0.15,6.0,0.0,Autum,No Holiday,Yes,366984,2
6044,17/03/2018,3,1.8,59,0.7,2000,-5.3,0.0,0.0,0.0,Sprng,No Holiday,Yes,1309276,133
6045,15/03/2018,18,,98,2.5,116,10.0,0.03,0.0,0.0,Sproing,No Holiday,Yes,3481910,655
6046,20/07/2018,17,34.3,44,2.1,1704,20.2,1.87,0.0,0.0,Sumer,No Holiday,Yes,7747628,1459
6047,24/05/2018,9,17.6,30,1.1,1531,0.0,1.79,0.0,0.0,Sproing,No Holiday,Yes,7011534,1239
6048,7/5/2018,13,23.7,44,1.7,1897,10.7,2.35,0.0,0.0,Sprng,No Holiday,Yes,8918451,1685
6049,18/03/2018,6,5.7,54,1.7,1208,-2.9,,0.0,0.0,Spring,No Holiday,Yes,755405,86
6050,19/01/2018,0,0.3,45,1.8,1154,-10.2,0.0,0.0,0.0,Winter,No Holiday,Yes,1275593,227
6051,4/6/2018,15,25.5,43,,1996,11.9,1.71,0.0,0.0,Summmer,No Holiday,Yes,7344088,1308
6052,25/10/2018,22,13.6,56,1.0,1611,4.9,0.0,0.0,0.0,Autmn,No Holiday,Yes,7808772,1388
6053,8/1/2018,2,0.8,42,0.5,1275,-10.6,0.0,0.0,0.0,Wonter,No Holiday,Yes,698729,62
6054,20/12/2017,14,-0.5,44,1.0,1793,-11.2,0.71,,1.7,Wintr,No Holiday,Yes,2058994,234
6055,3/1/2018,2,-5.5,43,2.0,2000,-16.1,0.0,0.0,0.0,Winteer,No Holiday,Yes,836275,113
6056,15/01/2018,3,4.4,70,1.7,928,-0.6,0.0,0.0,0.0,Wintr,No Holiday,Yes,560893,55
6057,27/05/2018,1,19.8,61,1.4,943,12.0,0.0,0.0,0.0,Sproing,No Holiday,Yes,4703869,791
6058,3/7/2018,15,32.0,54,,1962,21.5,2.99,0.0,0.0,Summmer,No Holiday,Yes,6153782,1127
6059,15/01/2018,23,2.4,63,0.6,443,-3.9,0.0,0.0,0.0,Wonter,No Holiday,Yes,1787259,214
6060,31/12/2017,10,-0.5,73,1.7,609,-4.7,0.53,0.0,1.1,Winter,Holiday,Yes,1162292,116
6061,19/09/2018,17,25.0,44,1.3,1883,11.8,0.36,,0.0,Autmn,No Holiday,No,174113,0
6062,22/01/2018,20,-0.8,85,2.9,836,-3.0,0.0,0.0,1.0,Wintr,No Holiday,Yes,1204926,164
6063,4/10/2018,11,21.3,41,1.9,1963,7.5,2.36,0.0,0.0,Autum,No Holiday,No,958374,0
6064,7/3/2018,-3,12.5,58,1.7,1442,4.4,0.48,0.1,0.1,Autmn,No Holiday,No,592890,89
6065,9/12/2017,5,-4.7,49,0.8,1999,-13.8,0.0,0.0,0.0,Winter,No Holiday,Yes,540393,63
6066,27/03/2018,6,8.1,66,0.6,415,2.1,0.0,0.0,0.0,Spring,No Holiday,Yes,1439311,230
6067,17/05/2018,15,22.8,95,1.6,294,21.9,0.11,0.5,0.0,Spring,No Holiday,Yes,1228421,181
6068,4/12/2017,10,-1.1,40,4.5,2000,-13.0,0.64,0.0,0.0,Winter,No Holiday,Yes,2254429,345
6069,9/6/2018,21,22.4,72,1.5,1816,17.0,0.0,0.1,0.0,Summmer,No Holiday,Yes,2119484,228
6070,31/07/2018,21,32.7,51,2.8,2000,21.2,0.0,0.0,0.0,Summmer,No Holiday,Yes,9273720,1743
6071,7/1/2018,15,2.7,31,0.9,1603,-12.7,0.43,0.0,0.0,Winteer,No Holiday,Yes,2329896,320
6072,3/12/2017,-9,13.2,58,1.8,1391,4.4,0.58,0.1,0.1,Winter,No Holiday,Yes,2353001,285
6073,30/10/2018,20,7.6,59,1.1,2000,0.0,0.0,0.0,0.0,Autumn,No Holiday,Yes,5939904,1161
6074,18/05/2018,21,15.3,73,2.3,2000,10.4,0.0,0.0,0.0,Spriing,No Holiday,Yes,7436683,1318
6075,17/11/2018,22,4.4,43,1.1,2000,-7.1,0.0,0.0,0.0,Autumn,No Holiday,Yes,3644315,672
6076,28/04/2018,1,12.7,74,1.8,392,8.1,0.0,0.0,0.0,Sprng,No Holiday,Yes,4061138,659
6077,29/08/2018,22,24.3,97,,1028,23.7,,4.5,0.0,Sumer,No Holiday,Yes,804903,81
6078,29/12/2017,17,4.5,59,1.6,384,-2.8,0.14,0.0,0.0,Winter,No Holiday,Yes,3034639,543
6079,17/01/2018,-3,12.4,56,1.8,1439,5.1,0.59,0.2,0.1,Sumer,No Holiday,No,4382518,685
6080,19/12/2017,15,,26,3.0,2000,-18.3,0.91,,2.1,Winter,No Holiday,Yes,1386932,182
6081,29/09/2018,21,20.1,54,1.2,2000,10.4,,0.0,0.0,Autumn,No Holiday,Yes,9641268,1745
6082,18/11/2018,23,7.0,55,0.2,1501,-1.4,0.0,0.0,0.0,Autum,No Holiday,Yes,3247613,544
6083,26/02/2018,3,-1.9,67,,1575,-7.2,,0.0,0.0,Wintr,No Holiday,Yes,540107,43
6084,2/6/2018,18,27.4,29,3.6,2000,7.7,,,0.0,Summer,No Holiday,Yes,11982890,2301
6085,7/10/2018,0,16.3,86,0.3,2000,13.9,0.0,0.0,0.0,Autumn,No Holiday,Yes,5877141,1075
6086,1/7/2018,17,22.4,96,0.4,1661,21.7,0.21,1.5,0.0,Summer,No Holiday,Yes,1027735,30
6087,12/8/2018,-2,12.6,60,1.8,1384,3.9,0.6,0.1,0.1,Sprng,No Holiday,No,7234566,1304
6088,25/12/2017,10,-3.7,35,3.7,1937,-16.9,0.57,0.0,0.0,Winter,Holiday,Yes,941060,116
6089,18/05/2018,9,16.6,98,0.6,301,16.2,0.18,0.5,0.0,Spriing,No Holiday,Yes,2233392,412
6090,26/03/2018,13,16.0,47,2.5,459,4.6,2.8,0.0,0.0,Spriing,No Holiday,Yes,3258539,529
6091,15/11/2018,11,11.1,47,1.2,1047,0.1,1.48,0.0,0.0,Autumn,No Holiday,Yes,4374402,828
6092,9/6/2018,9,24.0,55,1.8,1411,14.3,1.81,0.0,0.0,Summmer,No Holiday,Yes,5962105,1121
6093,29/09/2018,23,18.6,59,0.7,2000,10.4,0.0,0.0,0.0,Autum,No Holiday,Yes,7294150,1310
6094,8/11/2018,0,12.9,70,1.8,2000,7.5,0.0,0.0,0.0,Autmn,No Holiday,Yes,2750812,404
6095,26/05/2018,2,15.8,66,,1204,9.4,0.0,0.0,0.0,Sprng,No Holiday,Yes,3542193,574
6096,21/05/2018,12,21.8,31,2.1,2000,3.9,3.39,0.0,0.0,Spriing,No Holiday,Yes,7550295,1401
6097,17/10/2018,4,9.7,76,0.0,1308,5.6,0.0,0.0,0.0,Autumn,No Holiday,Yes,1229906,160
6098,24/10/2018,15,18.0,40,3.0,1808,4.1,1.71,0.0,0.0,Autumn,No Holiday,Yes,6092676,1189
6099,19/11/2018,6,3.8,71,0.7,1071,-0.9,0.0,0.0,0.0,Autum,No Holiday,Yes,3140458,433
6100,10/9/2018,18,25.9,42,1.1,2000,11.9,0.48,0.0,0.0,Auttumn,No Holiday,Yes,17633050,3345
6101,14/08/2018,17,34.7,51,3.0,2000,23.0,,0.0,0.0,Summer,No Holiday,Yes,7097387,1245
6102,2/11/2018,13,16.5,37,1.2,1400,1.7,2.12,0.0,0.0,Autumn,No Holiday,Yes,5708303,1101
6103,13/07/2018,19,29.8,68,2.6,1749,23.2,0.81,0.0,0.0,Summr,No Holiday,Yes,11738524,2298
6104,5/12/2017,11,-3.9,25,0.0,1959,-21.0,0.0,0.0,0.0,Winteer,No Holiday,Yes,1919120,322
6105,30/06/2018,11,26.4,71,1.0,430,20.7,1.36,0.0,0.0,Sumer,No Holiday,Yes,5072227,892
6106,14/09/2018,7,20.5,76,1.3,2000,16.1,0.06,0.0,0.0,Autum,No Holiday,Yes,7853955,1432
6107,5/6/2018,18,27.1,40,2.8,1811,12.3,1.0,0.0,0.0,Summr,No Holiday,Yes,17693351,3370
6108,11/5/2018,-4,11.6,60,1.8,1421,3.1,0.49,0.2,0.1,Sproing,No Holiday,No,3017852,445
6109,1/11/2018,6,2.9,75,0.2,1761,-1.1,0.0,0.0,0.0,Autmn,No Holiday,Yes,2506595,402
6110,21/10/2018,16,20.2,24,2.5,1881,-1.0,1.31,0.0,0.0,Autum,No Holiday,Yes,10659744,2032
6111,22/11/2018,2,1.3,44,1.9,2000,-9.6,0.0,0.0,0.0,Autum,No Holiday,Yes,1576470,291
6112,16/08/2018,5,28.0,66,0.5,2000,21.0,0.0,0.0,0.0,Summmer,No Holiday,Yes,2022412,284
6113,11/2/2018,1,,38,2.6,2000,-18.9,,0.0,0.0,Winteer,No Holiday,Yes,869228,122
6114,14/11/2018,6,5.1,76,1.1,1195,1.2,0.0,0.0,0.0,Auttumn,No Holiday,Yes,2365692,368
6115,25/12/2017,21,-1.7,51,1.7,2000,-10.5,0.0,0.0,0.0,Wintr,Holiday,Yes,1633496,195
6116,4/1/2018,14,-0.8,32,1.4,1846,-15.4,0.78,0.0,0.0,Winter,No Holiday,Yes,1867967,276
6117,28/07/2018,-5,13.3,59,1.7,1422,4.5,0.5,0.2,0.1,Summmer,No Holiday,No,6889044,1334
6118,1/2/2018,17,0.3,26,2.4,1977,-17.0,0.45,0.0,0.0,Wonter,No Holiday,Yes,1881177,322
6119,9/3/2018,1,2.8,73,2.6,413,-1.5,0.0,0.0,0.0,Sproing,No Holiday,Yes,2005819,234
6120,25/05/2018,10,21.4,30,2.5,1730,3.0,2.53,0.0,0.0,Sproing,No Holiday,Yes,4457059,836
6121,23/10/2018,-3,12.8,57,1.7,1435,3.9,0.59,0.2,0.1,Sprng,Holiday,No,1947076,343
6122,19/09/2018,20,22.6,67,0.3,1737,16.1,0.0,0.0,0.0,Autum,No Holiday,No,621092,0
6123,16/07/2018,10,29.8,54,1.8,1737,19.4,,0.0,0.0,Summmer,No Holiday,Yes,3777865,694
6124,9/9/2018,20,22.9,58,2.6,2000,14.1,0.0,0.0,0.0,Autmn,No Holiday,Yes,10172703,1950
6125,29/09/2018,18,24.8,41,0.5,2000,10.6,0.33,0.0,0.0,Auttumn,No Holiday,Yes,13024467,2426
6126,10/11/2018,6,9.5,85,0.6,304,7.0,0.0,,0.0,Autum,No Holiday,Yes,1789960,178
6127,21/03/2018,22,1.2,87,0.9,1802,-0.7,0.0,0.0,0.0,Sprng,No Holiday,Yes,2348468,293
6128,12/12/2017,7,-12.1,50,2.3,1929,-20.4,0.0,0.0,0.0,Winteer,No Holiday,Yes,1947522,258
6129,27/09/2018,19,20.6,44,0.7,2000,7.9,0.01,0.0,0.0,Autmn,No Holiday,Yes,12621129,2419
6130,6/11/2018,12,14.5,57,,373,6.0,1.08,0.0,0.0,Auttumn,No Holiday,No,388675,0
6131,20/07/2018,23,28.2,70,1.3,1811,22.2,0.0,0.0,0.0,Summr,No Holiday,Yes,7725941,1381
6132,17/07/2018,11,30.4,53,1.8,1359,19.7,,0.0,0.0,Sumer,No Holiday,Yes,4398112,780
6133,9/1/2018,0,-1.2,67,4.6,983,-6.5,0.0,0.0,1.0,Winter,No Holiday,Yes,896773,110
6134,12/8/2018,-10,12.4,57,1.7,1466,5.1,0.54,0.2,0.1,Sumer,Holiday,Yes,3619850,571
6135,22/07/2018,7,25.8,67,0.9,1773,19.1,0.34,0.0,0.0,Summer,No Holiday,Yes,2725166,347
6136,17/07/2018,17,31.8,52,2.4,1438,20.7,1.93,0.0,0.0,Summer,No Holiday,Yes,8211487,1560
6137,27/05/2018,21,19.5,46,1.8,1734,7.5,0.0,0.0,0.0,Spring,No Holiday,Yes,9946427,1859
6138,11/5/2018,23,16.2,50,1.6,1327,5.7,0.0,0.0,0.0,Sprng,No Holiday,Yes,6814120,1173
6139,10/11/2018,12,15.1,54,2.2,495,5.8,1.91,0.0,0.0,Auttumn,No Holiday,Yes,5488722,1016
6140,6/5/2018,22,16.4,80,1.2,2000,12.9,0.0,0.0,0.0,Sproing,No Holiday,Yes,7513333,1308
6141,16/06/2018,21,23.7,64,1.7,1707,16.4,,0.0,0.0,Summer,No Holiday,Yes,12253031,2413
6142,25/08/2018,6,23.5,79,2.0,1439,19.6,0.0,0.0,0.0,Summmer,No Holiday,Yes,1834654,320
6143,17/04/2018,20,12.5,31,3.8,1746,-4.2,0.0,0.0,0.0,Sprng,No Holiday,Yes,7091827,1313
6144,14/04/2018,10,7.7,94,1.0,685,6.7,0.28,1.5,0.0,Sproing,No Holiday,Yes,1150487,39
6145,4/5/2018,-4,12.3,58,1.8,1428,3.5,0.62,,0.1,Autmn,Holiday,Yes,7164895,1309
6146,11/9/2018,14,25.8,37,1.5,1995,9.9,2.22,0.0,0.0,Autmn,No Holiday,Yes,6113118,1131
6147,24/02/2018,8,0.0,77,2.8,289,-3.5,0.06,0.0,0.0,Winteer,No Holiday,Yes,1153761,191
6148,25/11/2018,1,2.7,86,1.0,460,0.5,0.0,0.0,2.9,Autum,No Holiday,Yes,2535784,392
6149,23/09/2018,9,18.4,59,,1951,10.2,0.86,0.0,0.0,Autmn,Holiday,Yes,3078260,521
6150,6/5/2018,2,17.3,82,2.1,768,14.1,0.0,0.5,0.0,Sproing,No Holiday,Yes,1164187,86
6151,6/4/2018,18,5.9,43,5.3,859,-5.7,0.62,0.0,0.0,Spring,No Holiday,Yes,6082392,1095
6152,17/08/2018,1,23.4,47,2.1,2000,11.4,0.0,0.0,0.0,Sumer,No Holiday,Yes,4827135,801
6153,30/10/2018,21,7.6,55,2.0,2000,-0.8,,0.0,0.0,Autumn,No Holiday,Yes,6457634,1148
6154,23/01/2018,11,-11.7,27,4.0,1935,-26.9,0.94,0.0,1.0,Winteer,No Holiday,Yes,1700388,180
6155,28/05/2018,11,25.1,45,0.9,1982,12.3,2.9,0.0,0.0,Sproing,No Holiday,Yes,6030666,1010
6156,5/9/2018,8,21.2,69,,2000,15.2,0.74,0.0,0.0,Autmn,No Holiday,Yes,12346930,2319
6157,5/3/2018,19,5.8,53,1.7,2000,-3.0,0.02,,0.0,Spriing,No Holiday,Yes,4970392,809
6158,3/3/2018,10,5.1,27,,1563,-12.4,1.54,0.0,0.0,Sprng,No Holiday,Yes,2358214,364
6159,22/12/2017,6,-0.1,71,0.8,895,-4.7,0.0,0.0,0.7,Winter,Holiday,Yes,877785,127
6160,28/01/2018,4,-7.6,37,1.6,1966,-19.8,0.0,,0.0,Wintr,No Holiday,Yes,1174737,40
6161,5/10/2018,2,18.2,64,2.0,2000,11.2,0.0,0.0,0.0,Autumn,No Holiday,Yes,3585387,552
6162,2/11/2018,2,6.1,68,0.5,1519,0.6,0.0,0.0,0.0,Autum,No Holiday,Yes,2121591,390
6163,29/11/2018,13,,26,2.1,1604,-12.7,0.21,0.0,0.0,Autum,No Holiday,Yes,3883279,657
6164,29/08/2018,12,27.4,72,4.2,1989,21.8,0.54,,0.0,Sumer,No Holiday,Yes,3531946,679
6165,10/10/2018,3,14.3,95,1.0,967,13.5,0.0,2.5,0.0,Autumn,No Holiday,Yes,1045383,63
6166,29/10/2018,12,10.8,49,2.7,2000,0.4,1.45,0.0,0.0,Autum,No Holiday,Yes,4641869,786
6167,31/10/2018,-8,13.3,57,1.7,1482,4.4,0.6,0.2,0.1,Winteer,Holiday,No,9484170,1803
6168,22/05/2018,23,16.3,96,1.1,198,15.6,0.0,2.5,0.0,Spring,Holiday,Yes,636325,20
6169,8/8/2018,22,29.5,73,0.9,1936,24.1,0.0,0.0,0.0,Summr,No Holiday,Yes,8953519,1679
6170,17/01/2018,6,2.7,71,1.1,270,-2.0,0.0,0.0,0.0,Wonter,No Holiday,Yes,1167227,115
6171,8/1/2018,6,0.8,45,0.7,1268,-9.8,0.0,0.0,0.0,Wintr,No Holiday,Yes,752792,128
6172,4/12/2017,19,-2.9,32,3.2,2000,-17.3,0.0,0.0,0.0,Winteer,No Holiday,Yes,2927221,536
6173,9/4/2018,12,10.4,44,1.7,1235,-1.3,2.93,0.0,0.0,Sprng,No Holiday,Yes,4368734,818
6174,8/9/2018,22,21.5,51,2.0,2000,10.9,0.0,0.0,0.0,Autmn,No Holiday,Yes,9264361,1705
6175,23/01/2018,13,-11.0,27,4.0,1959,-26.3,1.26,0.0,1.0,Winteer,No Holiday,Yes,1551186,192
6176,19/07/2018,10,29.4,56,2.2,1153,19.7,2.38,0.0,0.0,Summmer,No Holiday,Yes,3916987,705
6177,12/2/2018,12,-4.6,32,4.2,1874,-18.8,1.43,0.0,0.0,Winteer,No Holiday,Yes,1520020,219
6178,19/06/2018,-3,13.6,57,1.7,1449,4.9,0.53,0.1,0.1,Autmn,No Holiday,Yes,164409,0
6179,9/12/2017,14,4.7,32,2.2,1948,-10.6,1.06,0.0,0.0,Winter,No Holiday,Yes,2583857,464
6180,6/12/2017,7,-4.2,77,0.0,1741,-7.6,0.0,0.0,0.3,Winter,No Holiday,Yes,2444527,364
6181,1/4/2018,1,11.7,74,0.5,979,7.2,0.0,0.0,0.0,Spring,No Holiday,Yes,2830611,477
6182,2/4/2018,21,17.9,64,2.1,1652,10.9,0.0,0.0,0.0,Spriing,No Holiday,Yes,7853885,1518
6183,5/7/2018,19,26.7,69,1.4,2000,20.5,0.36,0.0,0.0,Summmer,No Holiday,Yes,12224243,2274
6184,30/11/2018,-2,12.4,58,1.8,1495,5.8,0.58,0.1,0.1,Wintr,Holiday,Yes,1576470,291
6185,18/02/2018,13,3.7,17,1.4,2000,-19.1,1.98,0.0,0.0,Winteer,No Holiday,Yes,2227976,325
6186,25/06/2018,17,31.5,42,2.3,990,17.0,1.36,0.0,0.0,Sumer,No Holiday,Yes,10743343,1962
6187,29/01/2018,6,-10.9,43,1.0,1967,-21.0,0.0,0.0,0.0,Winter,No Holiday,Yes,998112,109
6188,28/07/2018,19,29.3,78,0.0,988,25.0,,0.0,0.0,Summr,No Holiday,Yes,5730744,998
6189,4/10/2018,18,23.1,48,1.3,2000,11.4,0.2,0.0,0.0,Autum,No Holiday,No,540308,0
6190,24/11/2018,15,3.7,78,2.0,1314,0.2,0.81,0.0,4.1,Autmn,No Holiday,Yes,2664163,350
6191,28/04/2018,7,10.8,78,0.5,335,7.1,0.26,0.0,0.0,Spring,No Holiday,Yes,2822927,374
6192,9/3/2018,4,2.5,76,1.0,403,-1.3,0.0,0.0,0.0,Spring,No Holiday,Yes,556956,59
6193,16/04/2018,18,17.0,28,3.1,2000,-1.6,0.88,0.0,0.0,Sprng,No Holiday,Yes,13576290,2693
6194,14/06/2018,3,20.8,73,0.7,756,15.7,0.0,0.0,0.0,Summmer,No Holiday,Yes,1932945,285
6195,3/4/2018,0,47.3,0,-0.3,2,10.5,,0.0,0.3,Winteer,No Holiday,No,4082723,774
6196,16/10/2018,7,10.2,68,0.4,1493,4.5,,0.0,0.0,Autum,No Holiday,Yes,6587779,1178
6197,31/08/2018,-8,13.0,59,1.8,1383,5.5,0.48,0.2,0.0,Sproing,No Holiday,No,1343423,93
6198,12/7/2018,7,25.9,87,,834,23.5,,0.0,0.0,Summmer,No Holiday,Yes,7143350,1363
6199,24/07/2018,5,27.5,70,0.1,1976,21.5,0.0,0.0,0.0,Summmer,No Holiday,Yes,2417869,336
6200,7/2/2018,19,-5.2,33,2.6,2000,-19.0,0.0,0.0,0.0,Wintr,No Holiday,Yes,2186662,287
6201,31/05/2018,1,15.5,82,1.5,513,12.4,0.0,,0.0,Sproing,No Holiday,Yes,3257433,602
6202,4/7/2018,4,24.7,82,0.3,2000,21.4,0.0,0.0,0.0,Summer,No Holiday,Yes,1733638,228
6203,24/08/2018,-3,13.2,60,,1420,4.1,0.56,0.3,0.0,Autumn,No Holiday,No,1394544,200
6204,23/10/2018,8,11.0,78,0.8,412,7.3,0.03,0.0,0.0,Autmn,No Holiday,Yes,8338739,1485
6205,7/10/2018,12,19.8,46,2.5,1837,7.8,2.3,0.0,0.0,Auttumn,No Holiday,Yes,8262141,1544
6206,14/07/2018,3,25.2,83,1.1,1835,22.0,0.0,0.0,0.0,Summer,No Holiday,Yes,3122633,574
6207,20/11/2018,0,3.8,42,1.7,1458,-7.9,0.0,0.0,0.0,Auttumn,No Holiday,Yes,2626449,482
6208,26/03/2018,5,5.4,97,1.5,38,4.9,0.0,,0.0,Sprng,No Holiday,Yes,1017247,103
6209,26/10/2018,17,14.3,77,2.9,1966,10.3,0.5,0.0,0.0,Autumn,No Holiday,Yes,8062057,1416
6210,13/04/2018,7,8.8,33,1.2,2000,-6.6,0.11,0.0,0.0,Sprng,No Holiday,Yes,5341794,984
6211,19/06/2018,14,27.2,44,2.9,1377,13.8,2.59,0.0,0.0,Summmer,No Holiday,Yes,6846542,1284
6212,28/10/2018,4,6.8,65,1.1,2000,0.6,0.0,0.0,0.0,Autum,No Holiday,Yes,1260038,152
6213,6/6/2018,19,24.9,56,3.1,1469,15.5,0.51,0.0,0.0,Summr,Holiday,Yes,11745656,2157
6214,13/10/2018,1,8.5,70,0.2,1856,3.3,0.0,,0.0,Auttumn,No Holiday,Yes,3635744,696
6215,29/01/2018,9,-10.8,34,2.9,1975,-23.6,0.17,0.0,0.0,Wintr,No Holiday,Yes,1533923,203
6216,1/9/2018,7,21.1,81,1.0,1738,17.7,0.14,0.0,0.0,Auttumn,No Holiday,Yes,3162248,485
6217,7/6/2018,1,19.1,86,1.8,522,16.6,0.0,0.0,0.0,Summr,No Holiday,Yes,3445693,582
6218,19/09/2018,22,20.9,71,1.6,1057,15.4,0.0,0.1,0.0,Auttumn,No Holiday,No,490053,0
6219,20/04/2018,9,15.8,42,0.9,683,2.8,1.37,0.0,0.0,Sprng,No Holiday,Yes,5383951,949
6220,19/09/2018,6,19.0,76,0.3,1488,14.6,0.0,0.0,0.0,Autmn,No Holiday,No,452090,0
6221,7/2/2018,21,-6.3,48,2.2,1965,-15.5,0.0,0.0,0.0,Winter,No Holiday,Yes,1681255,221
6222,19/05/2018,2,11.1,74,1.9,2000,6.6,0.0,0.0,0.0,Spriing,No Holiday,Yes,3433699,547
6223,22/09/2018,8,18.2,86,0.0,858,15.8,0.48,0.0,0.0,Autmn,No Holiday,Yes,4153726,693
6224,24/03/2018,13,12.4,50,2.5,379,2.2,2.48,0.0,0.0,Sprng,No Holiday,Yes,5275440,910
6225,1/8/2018,22,32.6,64,2.4,1703,24.8,0.0,0.0,0.0,Summr,No Holiday,Yes,6979059,1351
6226,19/06/2018,7,19.9,72,0.6,840,14.6,0.32,0.0,0.0,Summmer,No Holiday,Yes,8668593,1544
6227,8/7/2018,16,27.9,39,1.2,2000,12.6,2.16,0.0,0.0,Summr,No Holiday,Yes,11365513,2080
6228,27/01/2018,22,-7.8,43,2.3,1804,-18.2,0.0,0.0,0.0,Wintr,No Holiday,Yes,1571390,122
6229,27/04/2018,22,14.7,63,1.4,554,7.7,0.0,0.0,0.0,Sprng,No Holiday,Yes,6568890,1260
6230,13/04/2018,16,18.3,16,1.0,2000,-7.9,0.7,0.0,0.0,Sprng,No Holiday,Yes,6654055,1294
6231,23/08/2018,15,32.0,53,2.1,1992,21.2,1.57,,0.0,Summmer,No Holiday,Yes,4616739,851
6232,27/12/2017,6,-9.8,37,1.7,2000,-21.7,0.0,0.0,0.0,Winter,No Holiday,Yes,885066,109
6233,4/2/2018,19,-7.7,31,3.3,2000,-21.9,,0.0,0.0,Winteer,No Holiday,Yes,1323081,129
6234,11/9/2018,19,23.7,49,1.8,2000,12.3,0.03,0.0,0.0,Autum,No Holiday,Yes,13020281,2501
6235,21/01/2018,18,2.5,24,2.0,2000,-16.0,0.02,0.0,0.0,Wintr,No Holiday,Yes,1900610,332
6236,17/02/2018,18,-0.3,17,1.9,2000,-22.4,0.2,0.0,0.0,Wintr,Holiday,Yes,1421939,225
6237,4/10/2018,20,21.3,53,1.8,2000,11.3,0.0,0.0,0.0,Autumn,No Holiday,No,458141,0
6238,24/11/2018,8,0.4,96,3.1,33,-0.1,0.0,0.0,4.0,Autmn,No Holiday,Yes,1120634,29
6239,11/1/2018,9,-12.0,53,2.6,1781,-19.6,0.16,0.0,0.0,Winter,No Holiday,Yes,1284596,225
6240,30/01/2018,13,-1.3,35,2.0,1893,-14.8,1.18,0.0,0.0,Wonter,No Holiday,Yes,1982828,219
6241,7/11/2018,6,11.0,91,1.0,124,9.5,0.0,1.0,0.0,Autumn,No Holiday,Yes,1619494,210
6242,24/05/2018,3,12.1,64,0.8,1538,5.4,0.0,0.0,0.0,Sproing,No Holiday,Yes,1958043,264
6243,7/3/2018,3,2.7,55,1.5,1989,-5.4,0.0,0.0,0.0,Spriing,No Holiday,Yes,592890,89
6244,5/9/2018,21,23.9,75,2.3,1975,19.1,0.0,0.0,0.0,Auttumn,No Holiday,Yes,10368729,2026
6245,17/09/2018,13,25.6,50,,1876,14.3,,0.0,0.0,Autmn,No Holiday,Yes,5994787,1107
6246,6/12/2017,-2,12.6,58,1.8,1417,3.8,0.59,0.1,0.1,Sproing,No Holiday,No,2131081,339
6247,9/11/2018,3,10.8,82,2.8,1712,7.8,0.0,0.5,0.0,Autum,No Holiday,No,775323,0
6248,6/1/2018,17,1.1,31,1.7,1989,-14.1,0.26,0.0,0.0,Winteer,No Holiday,Yes,2570059,393
6249,12/1/2018,19,-8.2,32,1.1,2000,-22.0,0.0,0.0,0.0,Wonter,No Holiday,Yes,2098678,247
6250,20/03/2018,1,5.5,42,3.1,2000,-6.4,0.0,0.0,0.0,Spriing,No Holiday,Yes,2318664,271
6251,25/03/2018,20,10.7,70,2.8,236,5.4,0.0,0.0,0.0,Spring,No Holiday,Yes,2740330,525
6252,18/05/2018,15,16.7,85,1.2,2000,14.1,0.49,0.0,0.0,Spriing,No Holiday,Yes,4938842,907
6253,7/5/2018,12,22.9,35,0.8,1948,6.6,3.05,0.0,0.0,Sprng,No Holiday,Yes,7747551,1376
6254,8/10/2018,-6,12.7,56,1.7,1396,4.3,0.57,0.2,0.1,Autmn,No Holiday,Yes,2215589,390
6255,7/12/2017,19,-0.4,47,2.5,1269,-10.3,0.0,0.0,0.0,Wintr,No Holiday,Yes,3008338,488
6256,5/7/2018,16,28.2,71,1.7,2000,22.4,0.96,0.0,0.0,Sumer,No Holiday,Yes,6508785,1201
6257,26/10/2018,-3,11.7,59,1.8,1436,3.9,0.65,,0.1,Summmer,No Holiday,No,5985401,1018
6258,12/9/2018,11,24.8,44,2.1,1955,11.7,2.55,,0.0,Autum,No Holiday,Yes,6044822,1029
6259,13/02/2018,18,3.1,50,3.7,2000,-6.3,0.07,0.0,0.0,Winteer,No Holiday,Yes,3433078,633
6260,29/11/2018,8,0.8,44,1.7,1439,-10.0,0.02,,0.0,Autumn,No Holiday,Yes,8200421,1597
6261,20/04/2018,20,21.1,43,1.8,788,8.0,0.0,0.0,0.0,Spring,No Holiday,Yes,7138491,1357
6262,19/04/2018,0,9.8,44,1.4,1268,-1.8,0.0,0.0,0.0,Spriing,No Holiday,Yes,3363128,527
6263,9/3/2018,22,2.9,69,1.2,1179,-2.2,0.0,0.0,0.0,Spring,No Holiday,Yes,3436784,516
6264,9/10/2018,6,10.8,69,0.8,2000,5.3,,0.0,0.0,Autum,Holiday,No,265151,0
6265,19/01/2018,7,-2.0,49,1.9,1281,-11.3,0.0,0.0,0.0,Wonter,No Holiday,Yes,1929389,344
6266,20/04/2018,22,18.2,52,1.3,818,8.1,0.0,0.0,0.0,Spriing,No Holiday,Yes,6425460,1101
6267,9/5/2018,21,16.4,56,0.8,2000,7.5,0.0,0.0,0.0,Spriing,No Holiday,Yes,9895616,1922
6268,16/12/2017,22,-7.6,41,1.6,2000,-18.6,0.0,0.0,0.0,Winter,No Holiday,Yes,961455,157
6269,23/04/2018,4,9.5,95,2.4,410,8.7,0.0,3.5,0.0,Sproing,No Holiday,Yes,554471,5
6270,10/12/2017,2,0.2,52,0.7,1726,-8.5,0.0,0.0,0.0,Winter,No Holiday,Yes,2130569,237
6271,8/6/2018,-6,13.1,58,1.7,1418,4.3,0.49,,0.1,Winteer,Holiday,No,6146738,1164
6272,15/07/2018,22,27.5,77,0.9,1778,23.0,0.0,0.0,0.0,Summmer,No Holiday,Yes,9363724,1677
6273,2/12/2017,7,-4.4,81,2.5,1276,-7.1,0.0,0.0,0.0,Wonter,No Holiday,Yes,1453860,136
6274,22/08/2018,12,33.9,45,1.4,1923,20.2,2.95,0.0,0.0,Summr,No Holiday,Yes,4526029,799
6275,18/10/2018,21,12.6,60,0.5,2000,5.0,,0.0,0.0,Auttumn,No Holiday,Yes,8356643,1507
6276,15/11/2018,11,11.1,47,1.2,1047,0.1,1.48,0.0,0.0,Autumn,No Holiday,Yes,4374402,828
6277,22/10/2018,21,13.4,56,0.7,758,4.7,0.0,0.0,0.0,Autumn,No Holiday,Yes,8278159,1574
6278,3/2/2018,-4,13.7,57,1.8,1498,3.3,0.55,0.2,0.1,Spring,No Holiday,Yes,140415,8
6279,8/7/2018,19,26.3,51,1.7,2000,15.3,0.18,0.0,0.0,Summer,No Holiday,Yes,11976666,2363
6280,27/05/2018,5,17.6,0,0.8,1304,9.7,0.0,0.0,0.0,Spring,No Holiday,Yes,1325155,167
6281,12/12/2017,-3,12.3,56,1.8,1441,3.7,0.58,0.1,0.1,Spring,No Holiday,No,8211487,1560
6282,30/06/2018,0,23.0,84,1.9,375,20.1,0.0,0.0,0.0,Summr,No Holiday,Yes,7355473,1306
6283,8/8/2018,10,31.6,58,2.3,1528,22.3,2.02,0.0,0.0,Sumer,No Holiday,Yes,3942977,695
6284,30/11/2018,0,1.8,62,1.6,1411,-4.7,0.0,0.0,0.0,Autmn,No Holiday,Yes,2654057,496
6285,29/09/2018,17,26.3,31,1.0,2000,7.8,1.03,0.0,0.0,Autumn,No Holiday,Yes,13059038,2461
6286,10/2/2018,13,2.8,31,4.0,967,-12.6,1.42,0.0,0.0,Wintr,No Holiday,Yes,1917029,295
6287,4/9/2018,13,,58,2.8,2000,17.5,2.87,0.0,0.0,Auttumn,No Holiday,Yes,5714292,1018
6288,7/9/2018,21,20.6,48,2.1,2000,9.1,0.0,0.0,0.0,Auttumn,No Holiday,Yes,10433511,1893
6289,12/10/2018,16,16.9,34,1.2,1942,0.9,1.47,0.0,0.0,Autumn,No Holiday,Yes,8146755,1456
6290,5/12/2017,5,,33,2.6,2000,-20.9,0.0,0.0,0.0,Wonter,No Holiday,Yes,846660,74
6291,17/07/2018,1,25.8,78,0.4,2000,21.6,0.0,0.0,0.0,Summer,No Holiday,Yes,4266227,696
6292,19/08/2018,6,23.1,64,,2000,15.9,0.0,0.0,0.0,Summer,No Holiday,Yes,1915398,284
6293,13/05/2018,8,14.1,98,1.3,834,13.7,0.26,0.0,0.0,Spring,No Holiday,Yes,2639763,366
6294,7/5/2018,16,,38,2.2,1903,9.2,1.1,0.0,0.0,Sprng,No Holiday,Yes,12009985,2211
6295,2/6/2018,3,18.9,63,1.5,1007,11.6,0.0,0.0,0.0,Summr,No Holiday,Yes,3394263,505
6296,23/02/2018,10,2.2,83,0.8,221,-0.3,0.92,,3.7,Winter,No Holiday,Yes,1424394,187
6297,17/05/2018,2,21.8,97,1.3,175,21.2,0.0,1.0,0.0,Sproing,No Holiday,Yes,633286,84
6298,29/08/2018,1,22.8,97,0.5,2000,22.2,0.0,0.5,0.0,Summer,No Holiday,Yes,1902790,328
6299,7/6/2018,11,23.4,62,1.8,603,15.6,2.87,,0.0,Summmer,No Holiday,Yes,5873957,1055
6300,12/10/2018,23,9.8,66,0.5,1979,3.7,0.0,,0.0,Autum,No Holiday,Yes,5061117,948
6301,30/06/2018,19,24.3,95,0.5,958,23.4,0.11,4.0,0.0,Summer,No Holiday,Yes,2437892,459
6302,16/05/2018,0,24.4,63,0.8,745,16.8,0.0,0.0,0.0,Spring,No Holiday,Yes,4161952,658
6303,6/6/2018,21,22.1,72,2.5,923,16.8,0.0,,0.0,Summer,Holiday,Yes,10532330,1997
6304,16/07/2018,16,33.3,46,3.1,1914,20.1,2.51,0.0,0.0,Summmer,No Holiday,Yes,5191951,839
6305,13/12/2017,14,-4.7,27,2.9,1883,-20.8,1.12,0.0,0.0,Wonter,No Holiday,Yes,1483695,252
6306,4/2/2018,13,-8.3,34,4.0,1561,-21.4,2.22,0.0,0.0,Winteer,No Holiday,Yes,1702640,158
6307,5/2/2018,20,,35,3.8,2000,-21.7,0.0,0.0,0.0,Winter,No Holiday,Yes,1504346,204
6308,5/7/2018,1,,79,1.7,1121,20.0,0.0,,0.0,Sumer,No Holiday,Yes,4868413,864
6309,18/03/2018,-9,12.0,59,1.8,1409,4.1,0.65,0.1,0.1,Sumer,Holiday,No,8976453,1706
6310,14/02/2018,20,2.8,29,2.8,1473,-13.5,0.0,0.0,0.0,Wintr,No Holiday,Yes,1957916,264
6311,27/07/2018,18,33.7,62,3.2,1082,25.3,0.87,,0.0,Summr,No Holiday,Yes,11619545,2234
6312,21/12/2017,3,-2.9,89,1.3,288,-4.4,0.0,0.0,2.2,Winter,No Holiday,Yes,1150705,84
6313,2/7/2018,-10,12.3,58,1.8,1449,4.0,0.57,0.2,0.0,Winter,No Holiday,Yes,3167217,484
6314,6/2/2018,12,-8.2,31,2.7,1858,-22.3,,0.0,0.0,Wonter,No Holiday,Yes,1155235,179
6315,17/06/2018,-9,12.0,58,1.7,1403,3.9,0.64,0.1,0.1,Summer,No Holiday,No,618834,42
6316,18/07/2018,20,28.8,66,1.9,1209,21.8,0.09,0.0,0.0,Sumer,No Holiday,Yes,11725671,2193
6317,13/06/2018,10,23.0,57,2.2,1145,14.0,1.1,0.0,0.0,Summr,No Holiday,Yes,7273604,1303
6318,26/11/2018,17,11.4,48,0.4,706,0.7,0.24,0.0,0.0,Autum,No Holiday,Yes,6707130,1223
6319,28/01/2018,7,-8.0,39,1.9,2000,-19.5,0.0,0.0,0.0,Winteer,No Holiday,Yes,471088,44
6320,5/8/2018,1,27.7,83,2.7,1128,24.5,0.0,0.0,0.0,Summer,No Holiday,Yes,4678733,754
6321,27/11/2018,-7,12.5,57,1.8,1377,5.2,0.58,0.1,0.1,Autum,Holiday,Yes,4249520,651
6322,25/08/2018,7,23.7,76,1.9,1281,19.2,0.08,0.0,0.0,Sumer,No Holiday,Yes,2981542,513
6323,17/06/2018,7,19.6,75,0.9,884,15.0,0.42,0.0,0.0,Summr,No Holiday,Yes,2485473,446
6324,14/06/2018,3,20.8,73,0.7,756,15.7,0.0,0.0,0.0,Summmer,No Holiday,Yes,1932945,285
6325,11/7/2018,0,24.6,96,0.7,308,23.9,0.0,0.5,0.0,Sumer,No Holiday,Yes,1417096,254
6326,25/09/2018,21,18.5,48,1.0,2000,7.2,0.0,0.0,0.0,Autum,Holiday,Yes,7848886,1536
6327,23/03/2018,15,12.1,30,3.0,1120,-4.9,2.41,0.0,0.0,Spriing,No Holiday,Yes,4611243,878
6328,4/9/2018,14,27.4,52,3.8,1998,16.6,2.67,0.0,0.0,Auttumn,No Holiday,Yes,5357995,1019
6329,20/12/2017,-5,13.4,57,1.8,1428,4.9,0.47,0.0,0.1,Sprng,Holiday,Yes,3892323,590
6330,9/5/2018,5,9.5,65,0.9,2000,3.2,0.0,0.0,0.0,Spriing,No Holiday,Yes,1233731,205
6331,1/5/2018,12,13.2,59,,1399,3.3,,,0.1,Spriing,Holiday,Yes,1138949,65
6332,28/12/2017,3,-6.0,32,2.5,2000,-20.0,,0.0,0.0,Wintr,No Holiday,Yes,657901,77
6333,1/4/2018,15,,63,2.2,687,11.0,0.72,,0.0,Spring,No Holiday,Yes,7419656,1365
6334,24/08/2018,8,24.4,86,1.7,2000,21.8,0.13,0.0,0.0,Sumer,No Holiday,Yes,3187276,587
6335,10/7/2018,21,25.1,86,0.3,870,22.5,0.0,0.0,0.0,Sumer,No Holiday,Yes,7286399,1326
6336,19/01/2018,6,-1.8,49,1.4,1359,-11.1,0.0,0.0,0.0,Winter,No Holiday,Yes,1329095,149
6337,6/7/2018,22,22.5,54,2.1,2000,12.7,0.0,0.0,0.0,Summer,No Holiday,Yes,9752690,1884
6338,17/06/2018,9,22.5,66,1.2,605,15.8,0.97,0.0,0.0,Summr,No Holiday,Yes,5334222,961
6339,10/9/2018,16,27.5,39,1.5,2000,12.3,,0.0,0.0,Autmn,No Holiday,Yes,8094458,1534
6340,1/11/2018,18,11.8,43,1.3,1995,-0.3,,0.0,0.0,Autum,No Holiday,Yes,11574981,2278
6341,12/8/2018,22,28.8,79,0.2,1604,24.7,0.0,0.0,0.0,Sumer,No Holiday,Yes,6413662,1200
6342,4/7/2018,19,28.2,64,2.8,1978,20.7,0.5,0.0,0.0,Sumer,No Holiday,Yes,14533436,2778
6343,22/07/2018,17,37.6,33,2.1,1837,18.5,1.82,0.0,0.0,Sumer,No Holiday,Yes,5565774,981
6344,28/10/2018,13,12.1,75,1.2,1775,7.7,0.99,0.0,0.0,Autum,No Holiday,Yes,4926271,873
6345,26/07/2018,18,33.2,59,,1069,24.0,0.99,0.0,0.0,Summr,No Holiday,Yes,12788146,2380
6346,5/3/2018,21,,59,1.5,2000,-4.1,,0.0,0.0,Spriing,No Holiday,Yes,3197839,585
6347,3/10/2018,1,13.8,75,0.5,2000,9.4,0.0,0.0,0.0,Auttumn,Holiday,Yes,5466714,964
6348,1/3/2018,15,1.6,35,4.5,1567,-12.2,2.54,0.0,0.0,Spring,Holiday,Yes,2868523,445
6349,6/11/2018,16,16.6,55,1.3,334,7.5,,0.0,0.0,Autmn,No Holiday,No,590512,0
6350,25/01/2018,-9,11.9,58,1.8,1423,4.7,,0.1,0.1,Winteer,Holiday,No,448515,48
6351,25/11/2018,7,1.3,96,0.9,198,0.7,0.0,0.0,2.5,Autum,No Holiday,Yes,948079,148
6352,14/11/2018,12,14.2,45,0.9,1531,2.4,1.86,,0.0,Autumn,No Holiday,Yes,5405484,998
6353,4/10/2018,16,25.1,41,1.0,2000,10.9,1.22,0.0,0.0,Autum,No Holiday,No,163698,0
6354,17/12/2017,8,-10.7,43,0.9,2000,-20.8,0.0,0.0,0.0,Winter,No Holiday,Yes,1459832,94
6355,27/09/2018,0,16.7,50,1.7,2000,6.2,0.0,0.0,0.0,Auttumn,No Holiday,Yes,4036365,778
6356,12/10/2018,18,14.3,46,1.3,2000,2.8,0.16,0.0,0.0,Autmn,No Holiday,Yes,13513506,2604
6357,24/10/2018,1,10.2,84,1.2,1036,7.6,0.0,0.0,0.0,Auttumn,No Holiday,Yes,3616284,582
6358,30/04/2018,-8,12.7,57,1.8,1406,5.6,0.51,,0.1,Spring,Holiday,No,7602996,1341
6359,28/06/2018,15,26.4,76,,1370,21.8,1.01,0.0,0.0,Summer,No Holiday,Yes,6788475,1259
6360,12/10/2018,7,5.3,73,0.7,2000,0.8,0.01,0.0,0.0,Auttumn,No Holiday,Yes,6527965,1164
6361,5/7/2018,2,23.6,80,,879,19.9,0.0,0.0,0.0,Summmer,No Holiday,Yes,3883184,616
6362,22/02/2018,-1,12.8,59,1.7,1386,3.2,0.58,0.3,0.1,Wonter,No Holiday,Yes,3003919,454
6363,6/9/2018,0,22.5,83,0.5,1593,19.4,0.0,0.0,0.0,Autmn,No Holiday,Yes,5740143,981
6364,17/05/2018,11,20.4,98,0.9,300,20.0,0.25,2.5,0.0,Spring,No Holiday,Yes,1654475,180
6365,13/01/2018,1,-6.5,45,0.5,1964,-16.4,0.0,0.0,0.0,Wintr,No Holiday,Yes,1609484,179
6366,17/03/2018,1,3.0,52,0.7,2000,-5.9,0.0,,0.0,Spring,No Holiday,Yes,2591689,391
6367,7/6/2018,0,19.6,82,1.7,628,16.4,0.0,0.0,0.0,Summer,No Holiday,Yes,5302991,1026
6368,15/07/2018,-3,13.1,59,1.8,1426,4.4,0.61,0.2,0.1,Spring,Holiday,Yes,9885530,1913
6369,6/2/2018,14,-7.0,26,4.4,1986,-23.3,2.24,0.0,0.0,Wintr,No Holiday,Yes,1056492,138
6370,19/09/2018,19,23.5,58,0.4,1836,14.7,0.0,0.0,0.0,Autum,No Holiday,No,760536,0
6371,4/12/2017,22,-5.3,45,2.5,2000,-15.3,,0.0,0.0,Wintr,No Holiday,Yes,2548578,332
6372,20/10/2018,0,11.3,71,1.2,1997,6.2,0.0,,0.0,Autum,No Holiday,Yes,3927439,611
6373,12/12/2017,11,11.7,59,11.0,1482,4.4,0.64,,0.1,Autmn,Holiday,No,4484668,791
6374,21/03/2018,18,2.0,77,1.3,2000,-1.6,0.07,0.0,0.0,Spring,No Holiday,Yes,3911765,602
6375,1/11/2018,-7,13.4,58,1.7,1431,3.6,0.63,,0.1,Winter,No Holiday,No,1425054,98
6376,7/1/2018,0,-3.8,48,0.7,1574,-13.2,0.0,,0.0,Winter,No Holiday,Yes,1338294,178
6377,24/04/2018,23,9.6,44,0.7,2000,-2.0,0.0,0.0,0.0,Sproing,No Holiday,Yes,4515128,758
6378,26/08/2018,7,20.7,85,0.5,1052,18.0,0.11,0.0,0.0,Summmer,No Holiday,Yes,2071910,345
6379,29/03/2018,-9,13.4,59,1.7,1446,4.5,0.52,0.1,0.1,Summer,No Holiday,No,1100540,44
6380,14/10/2018,1,9.5,65,0.9,990,3.2,0.0,0.0,0.0,Auttumn,No Holiday,Yes,3463721,630
6381,23/07/2018,11,32.7,48,2.2,1908,20.2,,0.0,0.0,Summr,No Holiday,Yes,3396861,658
6382,10/4/2018,18,19.7,52,7.2,2000,9.5,0.2,0.0,0.0,Spriing,No Holiday,Yes,9310645,1804
6383,5/5/2018,12,21.9,35,3.4,1586,5.7,2.74,0.0,0.0,Sprng,No Holiday,Yes,6710445,1304
6384,10/9/2018,-5,13.3,59,1.8,1370,5.2,0.64,0.3,0.1,Sumer,No Holiday,Yes,6996918,1263
6385,4/5/2018,11,17.2,35,3.6,1731,1.5,2.93,0.0,0.0,Sprng,No Holiday,Yes,5955779,1021
6386,7/11/2018,8,11.3,89,1.1,279,9.5,0.01,0.0,0.0,Auttumn,No Holiday,Yes,6894464,1182
6387,26/06/2018,-8,13.3,58,1.7,1407,3.4,0.55,0.1,0.1,Summr,No Holiday,Yes,13643055,2622
6388,12/8/2018,6,27.2,66,0.9,2000,20.2,0.0,0.0,0.0,Summmer,No Holiday,Yes,1604725,252
6389,20/06/2018,-6,12.0,58,1.7,1385,4.3,0.57,0.1,0.1,Autumn,No Holiday,Yes,4156826,635
6390,3/5/2018,2,7.3,86,1.7,2000,5.1,0.0,0.0,0.0,Spriing,No Holiday,Yes,1483880,239
6391,13/05/2018,21,14.1,86,0.9,535,11.7,0.0,0.0,0.0,Spring,No Holiday,Yes,8133567,1550
6392,19/03/2018,20,8.3,47,3.1,2000,-2.3,0.0,0.0,0.0,Sproing,No Holiday,Yes,3901524,722
6393,30/12/2017,15,4.3,61,0.7,274,-2.5,0.23,0.0,0.0,Winter,No Holiday,Yes,2096296,356
6394,8/9/2018,23,20.7,52,1.4,2000,10.4,0.0,0.0,0.0,Autum,No Holiday,Yes,6085163,1149
6395,25/10/2018,7,7.3,85,1.4,1039,4.9,0.0,0.0,0.0,Autmn,No Holiday,Yes,6449605,1202
6396,15/10/2018,18,18.0,66,2.3,554,11.5,0.1,0.0,0.0,Autumn,No Holiday,Yes,14041500,2643
6397,21/07/2018,10,31.4,51,1.1,847,20.0,,0.0,0.0,Summr,No Holiday,Yes,4560529,731
6398,20/11/2018,4,1.3,48,0.5,2000,-8.5,0.0,0.0,0.0,Autmn,No Holiday,Yes,1000324,137
6399,16/07/2018,7,24.5,73,0.9,1901,19.3,,0.0,0.0,Summer,No Holiday,Yes,7827445,1385
6400,26/05/2018,10,23.2,41,1.1,1440,9.2,,0.0,0.0,Spring,No Holiday,Yes,5618049,990
6401,15/12/2017,13,-1.6,40,0.3,868,-13.4,0.32,0.0,0.0,Wonter,No Holiday,Yes,1738497,305
6402,24/08/2018,15,24.0,94,3.1,1188,22.9,0.41,0.5,0.0,Summmer,No Holiday,Yes,2258253,398
6403,15/04/2018,12,12.5,53,,1324,3.1,2.52,0.0,0.0,Sprng,No Holiday,Yes,5948926,1099
6404,23/01/2018,0,-5.3,77,3.8,894,-8.7,0.0,0.0,1.0,Wonter,No Holiday,Yes,1265297,109
6405,18/06/2018,22,22.9,56,1.3,1927,13.6,0.0,0.0,0.0,Sumer,No Holiday,Yes,7807113,1438
6406,23/04/2018,14,9.4,96,2.6,304,8.7,0.39,4.0,0.0,Spring,No Holiday,Yes,415159,13
6407,7/4/2018,20,4.2,44,4.1,2000,-6.9,0.0,0.0,0.0,Sprng,No Holiday,Yes,2482541,433
6408,14/05/2018,21,20.5,67,1.4,357,14.1,0.0,0.0,0.0,Spriing,No Holiday,Yes,10001457,1894
6409,9/2/2018,-1,12.6,58,1.7,1415,4.1,0.54,0.3,0.1,Autumn,Holiday,Yes,12302678,2264
6410,2/10/2018,17,21.2,40,,2000,7.0,0.98,0.0,0.0,Auttumn,No Holiday,No,668139,0
6411,19/10/2018,23,11.7,70,1.7,2000,6.4,0.0,0.0,0.0,Autumn,No Holiday,Yes,5706824,1049
6412,14/05/2018,8,13.8,79,0.9,313,10.2,0.44,0.0,0.0,Spriing,No Holiday,Yes,10948304,2064
6413,13/03/2018,-6,13.4,58,1.7,1414,4.0,0.5,0.2,0.1,Sumer,Holiday,No,1864237,184
6414,23/02/2018,23,5.5,80,2.7,258,2.3,0.0,0.0,0.0,Winteer,No Holiday,Yes,2195485,248
6415,14/07/2018,11,29.0,65,2.0,1642,21.7,2.22,0.0,0.0,Summr,No Holiday,Yes,4833626,913
6416,10/10/2018,13,14.3,43,3.6,1995,1.8,1.86,0.0,0.0,Autum,No Holiday,Yes,5191013,1012
6417,28/07/2018,13,34.2,58,1.8,933,24.7,1.33,0.0,0.0,Summer,No Holiday,Yes,3757721,702
6418,14/02/2018,10,5.2,65,3.9,1313,-0.8,0.56,0.0,0.0,Winter,No Holiday,Yes,1954946,232
6419,13/08/2018,3,27.7,88,,833,25.5,0.0,0.0,0.0,Summr,No Holiday,Yes,1025832,184
6420,5/3/2018,10,4.4,80,1.8,2000,1.2,0.56,0.0,0.0,Spriing,No Holiday,Yes,1539989,248
6421,14/07/2018,14,30.7,59,2.9,1612,21.7,2.05,0.0,0.0,Summmer,No Holiday,Yes,5929586,1075
6422,17/07/2018,12,30.8,57,2.3,940,21.2,,0.0,0.0,Summer,No Holiday,Yes,4461266,786
6423,20/08/2018,-1,12.7,59,1.8,1437,4.5,0.66,0.2,0.1,Sprng,No Holiday,Yes,7286399,1326
6424,4/8/2018,21,29.2,73,1.9,1933,23.8,0.0,,0.0,Sumer,No Holiday,Yes,7787623,1374
6425,6/6/2018,6,18.5,73,1.1,1028,13.5,,0.0,0.0,Sumer,Holiday,Yes,2188382,350
6426,14/06/2018,20,22.6,74,1.2,1594,17.7,0.01,0.0,0.0,Summr,No Holiday,Yes,8775217,1719
6427,16/09/2018,6,22.0,90,1.3,471,20.2,0.0,0.0,0.0,Auttumn,No Holiday,Yes,1651972,132
6428,18/11/2018,-9,12.6,59,,1425,3.5,0.63,0.1,0.1,Sproing,Holiday,No,6998739,1267
6429,22/04/2018,14,20.7,32,1.5,1996,3.3,0.69,0.0,0.0,Spriing,No Holiday,Yes,3055802,443
6430,1/10/2018,23,13.4,69,3.7,2000,7.8,0.0,0.0,0.0,Autumn,No Holiday,Yes,5285828,1036
6431,19/10/2018,7,7.3,72,0.4,2000,2.5,0.0,0.0,0.0,Autum,No Holiday,Yes,7068299,1312
6432,22/06/2018,4,19.1,86,1.4,322,16.6,,0.0,0.0,Summer,No Holiday,Yes,1525478,274
6433,24/11/2018,16,3.5,82,1.6,1092,0.7,0.51,0.0,3.6,Autmn,No Holiday,Yes,2372348,405
6434,18/09/2018,12,24.7,43,1.8,1809,11.2,1.75,0.0,0.0,Autumn,No Holiday,No,734026,0
6435,1/8/2018,17,39.0,41,2.6,1881,23.3,,0.0,0.0,Sumer,No Holiday,Yes,5643161,1024
6436,10/7/2018,19,25.7,83,,1011,22.5,0.08,0.5,0.0,Sumer,No Holiday,Yes,4986455,815
6437,8/8/2018,14,33.6,50,3.5,1993,21.7,1.15,0.0,0.0,Summer,No Holiday,Yes,3855499,646
6438,15/01/2018,2,3.6,65,0.9,959,-2.3,0.0,0.0,0.0,Winter,No Holiday,Yes,1122729,77
6439,12/7/2018,23,25.5,84,,1906,22.5,0.0,0.0,0.0,Summer,No Holiday,Yes,7771316,1433
6440,25/09/2018,-7,13.6,57,1.9,1407,4.4,0.53,0.1,0.1,Sproing,No Holiday,No,651536,32
6441,28/06/2018,10,25.3,70,0.6,1386,19.4,,0.0,0.0,Summer,No Holiday,Yes,4428784,842
6442,19/12/2017,13,-2.2,25,3.2,1970,-19.6,1.17,0.0,2.2,Wonter,No Holiday,Yes,1293899,199
6443,30/07/2018,20,33.9,46,1.4,2000,20.6,0.03,0.0,0.0,Sumer,No Holiday,Yes,10475807,1908
6444,9/6/2018,13,28.8,42,2.0,1438,14.6,2.38,0.0,0.0,Sumer,No Holiday,Yes,8753901,1585
6445,24/08/2018,3,24.8,87,2.2,1286,22.4,0.0,1.0,0.0,Summr,No Holiday,Yes,1142142,78
6446,7/8/2018,10,30.1,65,,2000,22.7,1.11,0.0,0.0,Summer,No Holiday,Yes,3846970,575
6447,11/1/2018,17,-9.3,43,2.8,1900,-19.6,,0.0,0.0,Wonter,No Holiday,Yes,1402436,241
6448,3/10/2018,2,13.2,77,1.2,1972,9.2,0.0,0.0,0.0,Autumn,Holiday,Yes,3847925,686
6449,31/08/2018,0,23.9,75,1.7,1192,19.1,0.0,0.0,0.0,Summer,No Holiday,Yes,5059686,903
6450,14/03/2018,5,14.1,69,1.3,1923,8.4,0.0,0.0,0.0,Sprng,No Holiday,Yes,1212587,110
6451,25/03/2018,18,14.4,44,2.7,596,2.2,0.6,0.0,0.0,Sprng,No Holiday,Yes,4353134,797
6452,27/02/2018,-5,12.8,57,1.9,1496,3.1,0.57,0.1,0.1,Summer,No Holiday,No,1882267,295
6453,10/8/2018,2,26.9,84,,1007,23.9,0.0,0.0,0.0,Summmer,No Holiday,Yes,2457496,450
6454,11/11/2018,15,10.2,58,2.0,573,2.2,0.29,0.0,0.0,Auttumn,No Holiday,Yes,5128364,836
6455,13/09/2018,-7,12.7,59,1.7,1360,4.0,0.58,0.2,0.1,Spriing,No Holiday,Yes,2747497,391
6456,15/04/2018,13,13.5,46,3.4,1325,2.0,2.71,0.0,0.0,Spring,No Holiday,Yes,6764297,1307
6457,27/03/2018,18,16.8,60,3.1,580,8.9,0.46,0.0,0.0,Spring,No Holiday,Yes,8623730,1557
6458,20/09/2018,-3,13.3,58,1.8,1400,4.7,0.6,0.1,0.1,Summr,Holiday,No,4986455,815
6459,5/4/2018,-7,12.9,58,1.8,1378,4.2,0.55,0.2,0.1,Auttumn,Holiday,No,6939999,1249
6460,18/12/2017,11,-2.9,85,1.2,243,-5.0,0.06,0.0,4.8,Winteer,No Holiday,Yes,1066164,54
6461,27/07/2018,6,27.2,85,0.1,702,24.4,0.02,0.0,0.0,Sumer,No Holiday,Yes,3506051,642
6462,15/04/2018,-2,13.5,56,1.8,1475,4.3,0.5,0.2,0.1,Autumn,Holiday,No,1310771,206
6463,22/10/2018,20,14.5,51,1.4,751,4.4,0.0,0.0,0.0,Autmn,No Holiday,Yes,8916287,1692
6464,26/02/2018,2,-1.7,66,0.8,1631,-7.2,0.0,0.0,0.0,Wonter,No Holiday,Yes,988414,74
6465,3/1/2018,22,-5.2,53,1.3,1969,-13.3,0.0,0.0,0.0,Winteer,No Holiday,Yes,1842278,292
6466,3/12/2017,2,3.3,79,1.4,830,0.0,0.0,0.0,0.0,Winteer,No Holiday,Yes,1596587,220
6467,8/4/2018,5,1.3,51,1.6,2000,-7.7,0.0,0.0,0.0,Spriing,No Holiday,Yes,1033106,64
6468,1/7/2018,18,22.2,96,1.2,673,21.5,0.09,3.5,0.0,Summr,No Holiday,Yes,1054012,18
6469,15/06/2018,10,22.0,56,1.5,1989,12.8,1.91,0.0,0.0,Summer,No Holiday,Yes,5565491,1006
6470,10/11/2018,13,15.9,48,,538,4.8,1.87,0.0,0.0,Autum,No Holiday,Yes,6303259,1113
6471,12/10/2018,9,8.6,50,0.8,1785,-1.2,1.13,0.0,0.0,Autumn,No Holiday,Yes,5838604,1138
6472,2/12/2017,4,-3.8,79,2.0,1167,-6.9,0.0,0.0,0.0,Winteer,No Holiday,Yes,1139582,93
6473,19/06/2018,20,22.4,62,2.2,1041,14.7,0.05,0.0,0.0,Summr,No Holiday,Yes,13441583,2540
6474,1/3/2018,10,0.1,53,5.3,1022,-8.3,1.12,,0.0,Spriing,Holiday,Yes,1864237,184
6475,10/10/2018,22,9.2,55,0.9,2000,0.6,0.0,0.0,0.0,Auttumn,No Holiday,Yes,7186857,1312
6476,11/7/2018,0,24.6,96,0.7,308,23.9,0.0,0.5,0.0,Sumer,No Holiday,Yes,1417096,254
6477,12/6/2018,14,25.6,45,2.2,1961,12.7,1.39,,0.0,Summmer,No Holiday,Yes,7305336,1300
6478,14/02/2018,5,1.0,68,0.6,1519,-4.2,0.0,0.0,0.0,Wonter,No Holiday,Yes,748703,51
6479,27/01/2018,14,-4.1,25,2.0,1730,-21.2,1.2,0.0,0.2,Winter,No Holiday,Yes,1566499,186
6480,30/09/2018,14,21.1,32,4.4,1999,3.7,2.48,0.0,0.0,Autumn,No Holiday,No,913149,0
6481,15/01/2018,19,4.4,53,1.2,538,-4.3,0.0,0.0,0.0,Winter,No Holiday,Yes,3234026,474
6482,25/08/2018,19,25.8,62,3.3,2000,17.9,,0.0,0.0,Summmer,No Holiday,Yes,10328001,2028
6483,27/07/2018,17,34.7,59,2.7,1095,25.5,1.49,0.0,0.0,Summer,No Holiday,Yes,7066128,1326
6484,7/5/2018,1,15.1,84,0.3,1858,12.4,0.0,0.0,0.0,Sproing,No Holiday,Yes,3457131,578
6485,10/1/2018,0,,82,0.8,152,-7.7,0.0,0.5,0.5,Wonter,No Holiday,Yes,867293,68
6486,28/04/2018,8,12.7,67,0.6,378,6.7,0.86,0.0,0.0,Spriing,No Holiday,Yes,4193301,643
6487,15/08/2018,0,30.0,67,0.8,1986,23.1,0.0,0.0,0.0,Summr,Holiday,Yes,5717099,1026
6488,25/07/2018,9,29.4,66,2.5,1308,22.3,0.91,0.0,0.0,Summmer,No Holiday,Yes,5190831,1007
6489,11/7/2018,3,24.5,97,0.8,263,23.9,0.0,0.5,0.0,Summmer,No Holiday,Yes,1102805,170
6490,31/10/2018,8,3.7,67,1.8,1987,-1.8,0.15,0.0,0.0,Auttumn,No Holiday,Yes,10447281,1994
6491,8/11/2018,5,10.8,89,1.6,957,9.0,0.0,0.0,0.0,Autumn,No Holiday,Yes,1156020,45
6492,13/08/2018,-1,14.3,59,1.8,1376,4.7,0.54,0.1,0.1,Winter,No Holiday,Yes,2448104,347
6493,9/9/2018,1,18.8,54,0.1,2000,9.2,0.0,0.0,0.0,Autum,No Holiday,Yes,5096106,874
6494,17/09/2018,18,25.3,56,2.8,1992,15.8,0.54,0.0,0.0,Auttumn,No Holiday,Yes,17641409,3381
6495,2/1/2018,15,1.5,22,,1998,-17.9,0.76,0.0,0.0,Wonter,No Holiday,Yes,2182448,347
6496,11/8/2018,22,31.3,53,2.3,2000,20.5,,0.0,0.0,Summmer,No Holiday,Yes,7578476,1317
6497,14/11/2018,4,5.6,70,0.6,1311,0.5,0.0,0.0,0.0,Autum,No Holiday,Yes,1507460,176
6498,11/4/2018,19,13.2,28,2.9,2000,-4.9,0.22,0.0,0.0,Sproing,No Holiday,No,863320,0
6499,16/05/2018,18,21.9,97,2.1,191,21.3,0.08,0.0,0.0,Sproing,No Holiday,Yes,2992663,528
6500,21/10/2018,17,18.8,24,2.1,2000,-2.2,0.63,0.0,0.0,Auttumn,No Holiday,Yes,10781613,1996
6501,28/03/2018,0,12.0,76,0.8,346,7.8,0.0,0.0,0.0,Spriing,No Holiday,Yes,2562192,406
6502,8/2/2018,22,-3.9,41,0.4,1462,-15.2,0.0,,0.0,Wintr,No Holiday,Yes,2046720,214
6503,14/07/2018,21,,64,2.8,2000,20.7,0.0,0.0,0.0,Sumer,No Holiday,Yes,10986497,2092
6504,11/9/2018,6,17.0,55,1.2,2000,7.8,0.0,0.0,0.0,Auttumn,No Holiday,Yes,4208307,684
6505,8/10/2018,4,10.4,61,0.6,2000,3.1,0.0,0.0,0.0,Autum,No Holiday,Yes,1583703,119
6506,13/12/2017,-1,12.7,56,1.7,1510,3.6,,0.2,0.1,Wintr,Holiday,Yes,1726906,272
6507,20/09/2018,17,19.3,76,2.1,2000,14.9,0.21,0.0,0.0,Autum,No Holiday,Yes,7212805,1278
6508,9/11/2018,12,13.9,50,4.1,1964,3.6,2.14,0.0,0.0,Auttumn,No Holiday,No,742403,0
6509,21/07/2018,1,27.0,74,,1833,21.9,0.0,0.0,0.0,Summer,No Holiday,Yes,5333661,880
6510,30/11/2018,17,6.0,29,2.1,1877,-10.7,,0.0,0.0,Autumn,No Holiday,Yes,6151824,1067
6511,12/4/2018,20,14.2,15,2.6,2000,-12.1,0.0,0.0,0.0,Sproing,No Holiday,Yes,7381308,1357
6512,15/06/2018,18,25.9,44,1.5,2000,12.7,1.36,0.0,0.0,Summer,No Holiday,Yes,15499390,2963
6513,13/08/2018,15,34.0,51,1.8,1508,22.4,0.98,0.0,0.0,Summmer,No Holiday,Yes,4799070,769
6514,11/6/2018,20,19.1,84,1.7,2000,16.3,0.04,0.0,0.0,Summer,No Holiday,Yes,6939999,1249
6515,2/6/2018,17,28.9,22,,1965,5.0,1.93,0.0,0.0,Summr,No Holiday,Yes,11102139,2082
6516,4/1/2018,-9,12.6,56,1.7,1439,3.3,0.61,0.2,0.1,Autmn,Holiday,Yes,834613,115
6517,2/12/2017,6,-4.3,82,2.1,1178,-6.9,0.0,0.0,0.0,Wonter,No Holiday,Yes,845422,73
6518,27/05/2018,16,24.0,36,1.6,1811,7.9,1.34,0.0,0.0,Sprng,No Holiday,Yes,11560650,2188
6519,19/10/2018,5,7.7,73,0.0,2000,3.1,,0.0,0.0,Auttumn,No Holiday,Yes,1784214,179
6520,19/01/2018,4,,45,1.4,1241,-11.1,0.0,0.0,0.0,Winteer,No Holiday,Yes,432520,46
6521,22/04/2018,16,19.1,52,0.9,1583,9.0,0.37,0.0,0.0,Spriing,No Holiday,Yes,846390,117
6522,11/7/2018,17,28.7,71,2.9,1666,22.9,,0.0,0.0,Summr,No Holiday,Yes,9632840,1871
6523,21/11/2018,-9,13.2,60,1.7,1447,4.5,0.62,0.2,0.1,Auttumn,No Holiday,Yes,4555981,726
6524,4/2/2018,21,-8.9,35,3.2,2000,-21.6,0.0,0.0,0.0,Winter,No Holiday,Yes,674184,114
6525,12/3/2018,8,3.8,47,0.8,1229,-6.5,0.06,0.0,0.0,Sprng,No Holiday,Yes,6257960,1103
6526,5/6/2018,8,21.5,58,,1021,12.8,1.21,0.0,0.0,Summer,No Holiday,Yes,12222619,2338
6527,5/11/2018,0,10.1,75,0.0,922,5.8,0.0,0.0,0.0,Auttumn,No Holiday,Yes,3451934,514
6528,30/08/2018,3,24.1,97,2.5,1989,23.5,,1.5,0.0,Summer,No Holiday,Yes,932700,67
6529,27/08/2018,9,21.5,97,0.9,1543,20.9,0.19,0.5,0.0,Summr,No Holiday,Yes,1072766,64
6530,23/11/2018,14,6.3,16,2.9,2000,-17.7,1.67,0.0,0.0,Auttumn,No Holiday,Yes,4368646,720
6531,26/05/2018,13,27.8,31,2.0,1326,9.1,3.29,0.0,0.0,Sproing,No Holiday,Yes,7826646,1474
6532,6/9/2018,3,21.5,85,0.1,1282,18.8,,0.0,0.0,Autmn,No Holiday,Yes,2753850,356
6533,8/9/2018,12,25.2,36,2.4,1995,9.0,2.93,0.0,0.0,Autmn,No Holiday,Yes,7006821,1354
6534,6/12/2017,21,1.1,92,0.5,235,0.0,0.0,0.7,1.0,Winteer,No Holiday,Yes,1815832,164
6535,26/01/2018,12,-14.4,30,2.7,1906,-28.2,1.17,0.0,0.5,Wintr,No Holiday,Yes,1414785,114
6536,30/07/2018,15,35.5,43,1.3,2000,20.9,,0.0,0.0,Summr,No Holiday,Yes,3479186,675
6537,23/02/2018,12,5.3,70,0.9,226,0.2,1.73,0.0,1.7,Wonter,No Holiday,Yes,2189581,287
6538,29/01/2018,18,-6.6,34,,2000,-19.8,0.06,0.0,0.0,Wintr,No Holiday,Yes,2390016,427
6539,11/12/2017,11,-4.7,36,3.8,2000,-17.5,1.0,0.0,0.0,Winteer,No Holiday,Yes,1610011,238
6540,22/10/2018,12,18.2,34,1.0,758,2.0,2.03,0.0,0.0,Autmn,No Holiday,Yes,5834310,1071
6541,29/06/2018,11,24.8,74,1.8,644,19.8,,0.0,0.0,Summer,No Holiday,Yes,4885667,901
6542,20/05/2018,22,16.8,29,1.2,2000,-1.3,0.0,0.0,0.0,Sproing,No Holiday,Yes,7444178,1384
6543,16/08/2018,18,32.4,40,2.1,2000,17.0,1.04,0.0,0.0,Summer,No Holiday,Yes,12867828,2551
6544,17/03/2018,2,2.3,56,0.6,2000,-5.5,0.0,0.0,0.0,Sprng,No Holiday,Yes,2313044,278
6545,10/8/2018,21,31.3,55,0.9,2000,21.1,0.0,0.0,0.0,Summmer,No Holiday,Yes,8463753,1646
6546,31/10/2018,12,10.0,39,2.0,2000,-3.3,2.2,0.0,0.0,Autmn,No Holiday,Yes,4711991,917
6547,12/9/2018,8,18.2,56,1.5,1994,9.2,,0.0,0.0,Autumn,No Holiday,Yes,12913476,2458
6548,30/05/2018,20,19.1,64,2.6,1530,12.1,0.06,0.0,0.0,Spring,No Holiday,Yes,11510631,2247
6549,27/11/2018,3,3.5,86,1.4,281,1.3,0.0,0.0,0.0,Autmn,No Holiday,Yes,1866854,178
6550,19/10/2018,21,13.3,56,1.1,2000,4.6,0.0,,0.0,Auttumn,No Holiday,Yes,7828894,1512
6551,13/01/2018,9,-6.3,76,0.6,330,-9.8,0.05,0.2,0.4,Winter,No Holiday,Yes,875499,98
6552,7/4/2018,0,3.0,67,3.3,945,-2.5,0.0,0.0,0.0,Sproing,No Holiday,Yes,2139398,295
6553,2/4/2018,23,16.8,70,0.9,1426,11.2,0.0,,0.0,Sprng,No Holiday,Yes,4887444,847
6554,14/03/2018,13,20.9,44,4.7,1795,8.1,2.66,0.0,0.0,Sprng,No Holiday,Yes,4436099,787
6555,9/5/2018,10,16.1,43,1.4,1985,3.5,2.41,0.0,0.0,Sproing,No Holiday,Yes,5207286,932
6556,11/11/2018,7,6.4,84,1.3,369,3.8,0.0,0.0,0.0,Autmn,No Holiday,Yes,1652390,212
6557,24/12/2017,18,1.9,82,4.3,699,-0.8,0.01,0.5,0.0,Wonter,Holiday,Yes,1203964,142
6558,3/9/2018,22,21.7,97,0.4,440,21.1,0.0,0.5,0.0,Autumn,No Holiday,Yes,2554507,323
6559,1/11/2018,3,4.2,65,0.7,1962,-1.8,0.0,0.0,0.0,Autmn,No Holiday,Yes,2215446,255
6560,16/12/2017,5,-5.6,72,2.0,662,-9.8,0.0,0.0,0.0,Wintr,No Holiday,Yes,723877,52
6561,2/8/2018,6,30.4,54,1.3,2000,20.0,,0.0,0.0,Summr,No Holiday,Yes,3837393,583
6562,23/12/2017,14,8.6,63,1.6,263,1.9,0.72,0.0,0.0,Winter,No Holiday,Yes,3002312,426
6563,25/07/2018,5,28.3,74,2.4,1378,23.2,0.0,0.0,0.0,Summer,No Holiday,Yes,1776212,294
6564,5/6/2018,9,23.5,51,1.4,1169,12.7,1.82,0.0,0.0,Summer,No Holiday,Yes,7438195,1317
6565,23/11/2018,9,-1.5,33,0.9,1962,-15.7,0.57,0.0,0.0,Autum,No Holiday,Yes,4900244,806
6566,11/1/2018,4,-11.5,57,2.3,1899,-18.3,0.0,0.0,0.0,Winteer,No Holiday,Yes,333140,43
6567,27/10/2018,8,7.7,62,2.4,1985,0.8,0.23,0.0,0.0,Autmn,No Holiday,Yes,4139803,739
6568,12/3/2018,14,14.9,34,2.8,403,-0.8,2.22,0.0,0.0,Spring,No Holiday,Yes,3185716,612
6569,14/06/2018,11,20.5,79,1.7,770,16.7,1.25,0.0,0.0,Summr,No Holiday,Yes,4315605,780
6570,19/12/2017,8,-5.2,58,,1594,-12.1,0.0,0.0,2.5,Winter,No Holiday,Yes,2355270,387
6571,28/09/2018,23,16.6,69,1.0,2000,10.8,0.0,0.0,0.0,Autum,No Holiday,No,473813,0
6572,10/3/2018,3,1.3,80,0.6,705,-1.7,0.0,0.0,0.0,Sprng,No Holiday,Yes,1248236,153
6573,26/01/2018,14,-12.1,27,2.5,1879,-27.3,1.25,0.0,0.4,Wintr,No Holiday,Yes,1134158,109
6574,28/10/2018,17,9.4,85,1.2,2000,6.9,,1.5,0.0,Autumn,No Holiday,Yes,2596208,499
6575,2/4/2018,22,17.4,66,2.3,1565,10.9,0.0,0.0,0.0,Sprng,No Holiday,Yes,7187113,1262
6576,4/1/2018,3,,54,1.7,1968,-15.1,0.0,0.0,0.0,Wintr,No Holiday,Yes,1181680,53
6577,19/02/2018,6,-1.4,46,0.3,1651,-11.5,0.0,,0.0,Wonter,No Holiday,Yes,1177817,132
6578,24/06/2018,18,29.8,35,3.3,1805,12.6,1.15,0.0,0.0,Summer,No Holiday,Yes,11447975,2106
6579,4/1/2018,20,-2.8,39,1.7,1702,-14.8,0.0,0.0,0.0,Winteer,No Holiday,Yes,1933494,282
6580,24/07/2018,22,29.8,66,3.2,1511,22.7,0.0,0.0,0.0,Summr,No Holiday,Yes,9247951,1704
6581,25/06/2018,0,22.9,79,0.6,715,19.0,0.0,0.0,0.0,Sumer,No Holiday,Yes,5559469,919
6582,29/06/2018,-5,12.8,56,1.7,1440,4.6,0.53,0.1,0.1,Sproing,No Holiday,Yes,507043,34
6583,1/1/2018,11,0.1,27,2.2,1874,-16.7,0.84,0.0,0.0,Wintr,Holiday,Yes,1867960,174
6584,26/02/2018,0,-0.9,60,0.7,1844,-7.7,,0.0,0.0,Wintr,No Holiday,Yes,1410425,157
6585,1/2/2018,9,-7.9,50,0.6,1805,-16.5,0.23,0.0,1.6,Wonter,No Holiday,Yes,1858106,263
6586,17/09/2018,15,27.4,33,2.7,1955,9.6,2.5,0.0,0.0,Auttumn,No Holiday,Yes,6804170,1183
6587,12/10/2018,6,5.8,67,1.1,2000,0.1,0.0,0.0,0.0,Autmn,No Holiday,Yes,2821346,448
6588,9/1/2018,14,-1.8,45,3.7,1922,-12.1,,0.0,0.2,Wonter,No Holiday,Yes,1839450,273
6589,29/09/2018,1,16.2,71,0.9,2000,10.9,0.0,0.0,0.0,Autmn,No Holiday,Yes,5871076,979
6590,9/10/2018,9,12.8,57,1.2,1838,4.4,0.55,0.0,0.0,Autumn,Holiday,No,951721,0
6591,29/09/2018,4,15.4,74,0.9,2000,10.7,0.0,0.0,0.0,Autmn,No Holiday,Yes,2592586,320
6592,27/06/2018,12,24.1,73,,992,18.9,2.15,0.0,0.0,Summr,No Holiday,Yes,6825430,1198
6593,19/05/2018,7,11.4,0,1.4,2000,4.5,0.46,0.0,0.0,Sproing,No Holiday,Yes,2640012,422
6594,3/7/2018,-2,12.3,59,1.8,1457,4.3,0.53,0.1,0.1,Auttumn,Holiday,No,1203223,113
6595,8/11/2018,11,10.9,95,2.4,519,10.1,0.12,0.0,0.0,Autumn,No Holiday,Yes,396970,24
6596,15/09/2018,22,23.1,79,0.6,1891,19.2,0.0,,0.0,Autmn,No Holiday,Yes,8324096,1570
6597,4/3/2018,21,,89,2.1,606,8.8,0.0,2.0,0.0,Spring,No Holiday,Yes,324357,10
6598,6/7/2018,3,22.6,66,1.5,2000,15.9,0.0,,0.0,Summer,No Holiday,Yes,3124039,433
6599,5/3/2018,22,2.3,63,1.0,2000,-4.0,0.0,0.0,0.0,Spriing,No Holiday,Yes,3209542,462
6600,20/08/2018,6,25.3,67,,1450,18.7,0.0,0.0,0.0,Sumer,No Holiday,Yes,4277664,703
6601,27/08/2018,17,24.9,82,0.9,2000,21.6,0.67,,0.0,Summr,No Holiday,Yes,7385448,1407
6602,17/05/2018,21,20.5,97,1.1,726,20.0,,4.0,0.0,Sproing,No Holiday,Yes,850331,20
6603,11/1/2018,11,,41,3.5,1629,-20.9,0.84,0.0,0.0,Wonter,No Holiday,Yes,1557267,162
6604,24/01/2018,11,-13.1,25,3.8,1964,-29.0,0.96,0.0,0.9,Wonter,No Holiday,Yes,972186,118
6605,25/09/2018,5,11.5,70,0.5,2000,6.2,0.0,0.0,0.0,Autum,Holiday,Yes,884672,126
6606,26/09/2018,-10,12.5,59,1.7,1459,4.6,0.58,0.1,0.1,Auttumn,Holiday,No,6777935,1208
6607,23/07/2018,19,32.6,58,3.2,1962,23.2,0.45,0.0,0.0,Sumer,No Holiday,Yes,11484099,2196
6608,27/04/2018,13,21.0,36,1.0,1164,5.3,2.99,,0.0,Spriing,No Holiday,Yes,6354931,1114
6609,11/10/2018,20,10.2,46,0.2,2000,-0.9,0.0,0.0,0.0,Auttumn,No Holiday,Yes,7636320,1466
6610,22/10/2018,6,9.2,65,,1689,2.9,0.0,0.0,0.0,Auttumn,No Holiday,Yes,3229113,498
6611,18/09/2018,16,26.4,34,2.5,1953,9.2,1.6,0.0,0.0,Autumn,No Holiday,No,303406,0
6612,18/11/2018,-2,12.5,58,1.7,1418,3.6,0.54,0.3,0.1,Summr,No Holiday,No,3687610,695
6613,12/11/2018,16,12.9,38,2.6,1476,-1.1,0.94,0.0,0.0,Autumn,No Holiday,Yes,6308680,1222
6614,14/09/2018,19,25.3,60,1.2,2000,16.9,,0.0,0.0,Autum,No Holiday,Yes,11313594,2074
6615,22/09/2018,22,18.6,62,0.6,2000,11.1,0.0,0.0,0.0,Autum,No Holiday,Yes,7695420,1373
6616,3/12/2017,21,4.7,87,1.2,247,2.7,0.0,0.0,0.0,Winteer,No Holiday,Yes,2368652,364
6617,11/12/2017,17,-7.1,44,4.2,2000,-17.3,0.18,0.0,0.0,Winter,No Holiday,Yes,2181363,362
6618,28/09/2018,18,20.4,56,1.7,2000,11.3,0.2,0.0,0.0,Autumn,No Holiday,No,575518,0
6619,2/12/2017,19,5.0,52,2.3,1666,-4.0,,0.0,0.0,Wonter,No Holiday,Yes,2521962,383
6620,31/07/2018,23,31.0,65,0.5,2000,23.6,0.0,0.0,0.0,Summmer,No Holiday,Yes,5749819,1099
6621,10/7/2018,6,20.7,97,0.9,2000,20.2,0.02,0.0,0.0,Summr,No Holiday,Yes,3422474,574
6622,21/01/2018,13,4.9,22,2.0,1446,-15.0,1.0,0.0,0.0,Winter,No Holiday,Yes,2179096,329
6623,19/06/2018,11,24.6,53,1.4,1472,14.3,,0.0,0.0,Summer,No Holiday,Yes,5785878,1045
6624,31/10/2018,11,8.7,41,2.6,1907,-3.8,1.96,0.0,0.0,Autmn,No Holiday,Yes,3949302,743
6625,19/11/2018,1,5.9,60,,1332,-1.2,0.0,0.0,0.0,Autmn,No Holiday,Yes,1584338,289
6626,12/12/2017,5,-11.6,45,2.8,1951,-21.1,0.0,0.0,0.0,Wintr,No Holiday,Yes,1081071,74
6627,25/04/2018,16,23.1,19,3.1,1871,-1.8,2.26,0.0,0.0,Spring,No Holiday,Yes,7929596,1458
6628,15/07/2018,4,24.6,86,0.1,1358,22.0,0.0,,0.0,Summer,No Holiday,Yes,1824998,288
6629,7/6/2018,6,18.1,88,1.1,272,16.0,0.03,0.0,0.0,Summr,No Holiday,Yes,4128811,742
6630,7/8/2018,17,35.6,44,2.4,1860,21.4,1.69,0.0,0.0,Summr,No Holiday,Yes,7141020,1234
6631,21/11/2018,13,8.0,35,,1895,-6.5,0.5,0.0,0.0,Auttumn,No Holiday,Yes,3913993,662
6632,24/03/2018,20,7.1,83,3.3,203,4.4,0.0,0.0,0.0,Spriing,No Holiday,Yes,3524052,535
6633,15/07/2018,15,32.9,49,2.6,1631,20.7,2.81,0.0,0.0,Summer,No Holiday,Yes,5619870,927
6634,26/12/2017,21,-6.6,39,3.2,2000,-18.2,0.0,0.0,0.0,Wonter,No Holiday,Yes,1785303,237
6635,5/8/2018,7,27.5,86,1.8,485,24.9,0.03,0.4,0.0,Sumer,No Holiday,Yes,1725050,215
6636,26/01/2018,2,-15.6,33,2.2,2000,-28.2,0.0,0.0,0.5,Winter,No Holiday,Yes,519664,48
6637,14/09/2018,14,26.3,58,1.5,1986,17.3,1.37,,0.0,Autumn,No Holiday,Yes,6484101,1184
6638,23/09/2018,10,19.3,59,0.2,2000,11.0,0.94,0.0,0.0,Auttumn,Holiday,Yes,3416933,626
6639,20/03/2018,23,1.8,37,2.3,2000,-11.3,0.0,0.0,0.0,Spring,No Holiday,Yes,2350060,325
6640,19/01/2018,18,2.9,45,1.6,1629,-7.8,0.04,0.0,0.0,Winteer,No Holiday,Yes,3795949,708
6641,4/1/2018,22,-3.6,46,1.3,1689,-13.5,0.0,0.0,0.0,Wonter,No Holiday,Yes,2223945,299
6642,14/04/2018,21,9.1,76,3.5,1113,5.0,0.0,0.0,0.0,Sproing,No Holiday,Yes,3831672,664
6643,11/10/2018,-8,12.6,57,1.7,1456,4.0,,0.2,0.1,Summmer,Holiday,No,3404644,593
6644,26/08/2018,17,23.5,58,1.2,2000,14.7,0.52,0.0,0.0,Sumer,No Holiday,Yes,7213700,1381
6645,24/02/2018,21,0.7,31,1.3,1923,-14.5,0.0,,0.0,Winteer,No Holiday,Yes,1645946,262
6646,18/09/2018,15,26.1,43,2.8,1785,12.5,1.62,0.0,0.0,Autmn,No Holiday,No,509968,0
6647,10/2/2018,4,1.9,74,1.2,514,-2.2,0.0,0.0,0.0,Wonter,No Holiday,Yes,813387,82
6648,19/08/2018,23,27.5,60,0.3,2000,19.0,0.0,0.0,0.0,Summer,No Holiday,Yes,5459275,1033
6649,17/05/2018,13,23.4,83,1.7,1944,20.3,1.5,0.0,0.0,Spring,No Holiday,Yes,3280210,614
6650,11/2/2018,21,-5.6,69,2.2,1984,-10.3,0.0,0.0,0.0,Winteer,No Holiday,Yes,928908,125
6651,15/07/2018,5,24.5,85,0.7,1345,21.8,0.0,,0.0,Summer,No Holiday,Yes,1418728,254
6652,3/9/2018,9,23.6,86,1.2,336,21.1,0.14,2.0,0.0,Autmn,No Holiday,Yes,4414250,719
6653,9/6/2018,3,19.1,84,0.6,421,16.3,,0.0,0.0,Summer,No Holiday,Yes,3425833,577
6654,15/09/2018,19,23.8,78,2.2,1991,19.7,0.0,0.0,0.0,Autmn,No Holiday,Yes,8397629,1601
6655,27/12/2017,23,-6.3,39,0.9,2000,-18.0,0.0,0.0,0.0,Wintr,No Holiday,Yes,1817576,219
6656,19/11/2018,12,10.3,38,1.2,1130,-3.4,1.08,0.0,0.0,Auttumn,No Holiday,Yes,5011271,814
6657,6/10/2018,22,17.7,78,0.3,2000,13.8,0.0,0.0,0.0,Autum,No Holiday,Yes,8112584,1534
6658,13/11/2018,23,7.6,49,0.6,1971,-2.4,0.0,0.0,0.0,Autumn,No Holiday,Yes,4546391,734
6659,31/03/2018,11,16.7,45,1.9,1054,4.6,2.07,0.0,0.0,Sprng,No Holiday,Yes,4227997,819
6660,19/07/2018,-4,12.6,56,,1422,4.2,0.57,0.2,0.1,Winter,No Holiday,No,5352373,950
6661,25/10/2018,4,8.5,83,1.2,1577,5.7,0.0,0.0,0.0,Autmn,No Holiday,Yes,1838368,185
6662,15/11/2018,13,15.1,37,1.9,990,0.4,1.74,0.0,0.0,Autumn,No Holiday,Yes,4773128,925
6663,11/8/2018,-6,13.4,59,1.7,1484,4.5,0.58,,0.1,Wonter,Holiday,Yes,3711426,544
6664,25/10/2018,1,,78,0.4,1669,6.3,0.0,0.0,0.0,Auttumn,No Holiday,Yes,3547447,574
6665,7/9/2018,20,21.6,43,1.4,2000,8.4,0.0,0.0,0.0,Autumn,No Holiday,Yes,11013214,2025
6666,11/4/2018,7,8.8,85,1.1,438,6.4,0.11,0.0,0.0,Sprng,No Holiday,No,107410,0
6667,26/09/2018,0,17.0,51,1.5,2000,6.7,0.0,0.0,0.0,Autum,No Holiday,Yes,4379803,850
6668,21/11/2018,4,6.7,87,1.2,580,4.6,0.0,0.0,0.0,Autum,No Holiday,Yes,657529,91
6669,11/9/2018,4,17.7,52,,2000,7.7,0.0,0.0,0.0,Autum,No Holiday,Yes,1997707,201
6670,26/08/2018,18,23.4,67,0.6,2000,16.9,0.36,0.0,0.0,Summer,No Holiday,Yes,7822327,1511
6671,30/03/2018,4,9.9,67,1.1,820,4.0,0.0,0.0,0.0,Spriing,No Holiday,Yes,1316953,130
6672,11/10/2018,3,6.7,71,1.0,2000,1.8,0.0,0.0,0.0,Autum,No Holiday,Yes,1802622,237
6673,3/5/2018,10,13.8,47,,1561,2.6,1.64,0.0,0.0,Sprng,No Holiday,Yes,4220064,791
6674,14/10/2018,10,13.3,47,0.5,818,2.2,1.67,0.0,0.0,Autum,No Holiday,Yes,4843973,841
6675,24/04/2018,4,9.5,94,1.2,2000,8.5,0.0,0.5,0.0,Sproing,No Holiday,Yes,1012760,33
6676,13/06/2018,15,25.5,50,2.2,1025,14.3,0.47,0.0,0.0,Summer,No Holiday,Yes,11360064,2193
6677,9/12/2017,17,3.5,37,1.8,1963,-9.8,0.1,0.0,0.0,Wintr,No Holiday,Yes,3176117,501
6678,14/09/2018,13,26.4,57,1.2,2000,17.1,1.8,0.0,0.0,Autum,No Holiday,Yes,6527381,1239
6679,12/5/2018,21,15.8,97,0.6,193,15.3,0.0,,0.0,Spring,No Holiday,Yes,381457,26
6680,11/5/2018,-3,12.6,58,1.8,1416,4.6,0.5,,0.1,Auttumn,No Holiday,Yes,5303066,955
6681,17/11/2018,11,7.8,38,0.8,1369,-5.6,1.65,,0.0,Autumn,No Holiday,Yes,4542216,816
6682,4/8/2018,5,29.2,62,2.1,1835,21.1,0.0,0.0,0.0,Summr,No Holiday,Yes,1309625,217
6683,2/2/2018,10,-4.1,43,1.2,1187,-14.8,,0.0,0.0,Winter,No Holiday,Yes,1680217,186
6684,2/1/2018,16,1.3,23,2.9,2000,-17.6,0.51,0.0,0.0,Wintr,No Holiday,Yes,2190397,305
6685,30/03/2018,17,19.4,45,2.9,778,7.1,,0.0,0.0,Spriing,No Holiday,Yes,8159149,1461
6686,18/02/2018,5,-4.0,28,0.5,2000,-19.8,0.0,0.0,0.0,Wonter,No Holiday,Yes,720859,22
6687,29/03/2018,-8,11.4,59,1.8,1421,4.2,0.6,0.2,0.1,Winteer,No Holiday,No,746049,78
6688,9/12/2017,19,1.5,48,0.4,1878,-8.3,0.0,,0.0,Wintr,No Holiday,Yes,2369241,291
6689,25/09/2018,14,23.7,28,1.4,2000,4.0,2.77,,0.0,Autumn,Holiday,Yes,8241725,1545
6690,28/06/2018,4,22.3,88,0.9,298,20.2,0.0,0.0,0.0,Sumer,No Holiday,Yes,1728775,227
6691,13/12/2017,16,-4.5,26,2.2,2000,-21.1,0.56,0.0,0.0,Winteer,No Holiday,Yes,1920406,287
6692,10/5/2018,-8,12.8,59,1.8,1528,4.3,0.48,0.2,0.1,Autmn,No Holiday,No,1800227,208
6693,16/06/2018,10,21.8,46,0.9,1927,9.6,2.46,0.0,0.0,Summr,No Holiday,Yes,6628364,1231
6694,27/04/2018,5,9.9,69,1.1,808,4.4,0.0,0.0,0.0,Sproing,No Holiday,Yes,1098819,145
6695,28/04/2018,17,20.1,29,3.3,1840,1.4,1.78,0.0,0.0,Spring,No Holiday,Yes,11185900,2083
6696,16/04/2018,1,7.6,62,1.2,1885,0.7,0.0,0.0,0.0,Sprng,No Holiday,Yes,2047149,254
6697,26/06/2018,3,25.4,50,1.1,870,14.2,0.0,0.0,0.0,Sumer,No Holiday,Yes,2501734,345
6698,10/10/2018,-10,12.1,59,1.7,1437,5.1,0.6,0.3,0.1,Sprng,No Holiday,No,12397471,2406
6699,22/08/2018,15,36.8,36,1.0,2000,19.2,2.46,0.0,0.0,Sumer,No Holiday,Yes,5233991,898
6700,2/10/2018,15,21.8,38,2.6,1913,6.8,2.22,0.0,0.0,Autmn,No Holiday,No,253123,0
6701,12/10/2018,15,,33,,1929,0.6,2.04,0.0,0.0,Autumn,No Holiday,Yes,6602582,1262
6702,3/5/2018,3,7.0,86,1.2,2000,4.8,0.0,0.0,0.0,Sprng,No Holiday,Yes,1328459,149
6703,9/6/2018,11,27.2,46,1.7,1301,14.5,2.88,0.0,0.0,Summmer,No Holiday,Yes,6731083,1244
6704,31/01/2018,5,-2.8,83,0.6,946,-5.2,0.0,0.0,3.5,Wintr,No Holiday,Yes,838800,33
6705,22/03/2018,15,10.7,34,4.5,1850,-4.5,2.51,0.0,0.0,Spring,No Holiday,Yes,4345378,777
6706,14/09/2018,9,22.3,69,1.3,2000,16.3,0.61,0.0,0.0,Autmn,No Holiday,Yes,6382924,1193
6707,17/12/2017,20,-6.0,42,0.8,2000,-16.8,0.0,0.0,0.0,Wonter,No Holiday,Yes,1389966,162
6708,27/11/2018,0,0.6,1,2.2,0,48.8,0.83,0.0,1.2,Auttumn,Holiday,Yes,5565491,1006
6709,5/5/2018,8,14.4,51,2.3,1907,4.3,0.92,,0.0,Sproing,No Holiday,Yes,3411541,596
6710,6/11/2018,23,12.2,74,,291,7.6,0.0,0.0,0.0,Autumn,No Holiday,No,345614,0
6711,5/4/2018,19,7.6,96,1.5,1309,6.9,0.0,1.5,0.0,Spring,No Holiday,Yes,1287617,72
6712,19/07/2018,14,33.1,47,2.5,1785,20.2,3.26,0.0,0.0,Summer,No Holiday,Yes,4392283,741
6713,26/04/2018,14,,28,3.1,1414,2.2,2.84,0.0,0.0,Sproing,No Holiday,Yes,6621665,1152
6714,30/07/2018,14,10.0,0,0.7,1132,-8.7,0.0,0.0,0.1,Summr,No Holiday,Yes,846250,122
6715,7/6/2018,9,20.5,73,1.6,364,15.4,1.23,0.0,0.0,Summr,No Holiday,Yes,6865279,1352
6716,7/11/2018,0,11.9,74,1.6,287,7.4,0.0,0.0,0.0,Autumn,No Holiday,Yes,3683306,639
6717,18/09/2018,3,18.7,76,0.5,1916,14.3,0.0,0.0,0.0,Autumn,No Holiday,No,777347,0
6718,19/07/2018,17,34.0,44,2.3,1891,20.0,1.95,,0.0,Sumer,No Holiday,Yes,8576479,1573
6719,5/8/2018,22,29.1,77,3.0,1559,24.6,0.0,0.0,0.0,Summr,No Holiday,Yes,7038608,1356
6720,23/07/2018,14,34.3,45,2.2,1967,20.6,1.64,0.0,0.0,Summr,No Holiday,Yes,3562686,690
6721,3/12/2017,6,3.4,86,2.5,278,1.2,0.0,1.0,0.0,Wonter,No Holiday,Yes,757121,14
6722,5/1/2018,7,-5.3,53,1.1,1300,-13.4,0.0,0.0,0.0,Winter,No Holiday,Yes,2084989,315
6723,30/09/2018,8,16.2,69,1.1,2000,10.4,0.54,0.0,0.0,Autum,No Holiday,No,930547,0
6724,14/05/2018,23,18.8,73,0.8,291,13.8,0.0,0.0,0.0,Spriing,No Holiday,Yes,5453180,1040
6725,15/03/2018,7,14.3,97,0.3,189,13.8,0.0,0.0,0.0,Sproing,No Holiday,Yes,303979,21
6726,6/10/2018,2,16.9,88,2.5,2000,14.8,0.0,1.5,0.0,Autumn,No Holiday,No,270204,0
6727,20/03/2018,8,4.3,43,4.2,2000,-7.2,0.37,0.0,0.0,Sprng,No Holiday,Yes,6503510,1210
6728,6/8/2018,13,34.3,54,2.2,1540,23.6,,0.0,0.0,Summer,No Holiday,Yes,3981542,670
6729,29/08/2018,13,27.1,75,3.7,1972,22.2,0.28,0.0,0.0,Sumer,No Holiday,Yes,3711426,544
6730,8/6/2018,22,20.5,78,0.9,550,16.5,0.0,0.0,0.0,Summr,No Holiday,Yes,10952963,2114
6731,31/01/2018,7,-3.5,83,1.6,953,-5.9,0.0,0.0,3.5,Winteer,No Holiday,Yes,992212,136
6732,2/7/2018,-1,12.1,60,1.8,1411,4.3,,0.2,0.1,Summr,Holiday,Yes,795355,57
6733,26/12/2017,15,-1.9,17,5.0,2000,-23.7,0.93,0.0,0.0,Wonter,No Holiday,Yes,2386031,294
6734,10/9/2018,20,23.4,48,1.8,2000,11.7,0.0,0.0,0.0,Auttumn,No Holiday,Yes,12539395,2373
6735,1/3/2018,13,1.4,37,4.0,1681,-11.7,2.95,,0.0,Spriing,Holiday,Yes,2567140,368
6736,2/9/2018,23,25.1,65,2.2,2000,18.0,0.0,0.0,0.0,Autum,No Holiday,Yes,6198140,1042
6737,14/12/2017,23,-5.6,53,1.2,1290,-13.6,0.0,0.0,0.0,Wintr,No Holiday,Yes,1168221,196
6738,8/10/2018,13,20.2,28,1.3,2000,1.0,2.25,,0.0,Autumn,No Holiday,Yes,7046074,1356
6739,28/05/2018,4,17.2,0,0.4,1619,8.8,0.0,0.0,0.0,Spring,No Holiday,Yes,1206770,149
6740,20/05/2018,16,22.2,23,2.2,2000,0.0,1.66,0.0,0.0,Sproing,No Holiday,Yes,11869962,2189
6741,9/7/2018,4,21.4,63,1.5,2000,14.0,0.0,0.0,0.0,Summr,No Holiday,Yes,1722833,225
6742,7/10/2018,16,20.7,34,2.0,2000,4.2,1.23,0.0,0.0,Auttumn,No Holiday,Yes,11970964,2249
6743,12/4/2018,9,11.5,43,1.7,1818,-0.6,1.43,,0.0,Spriing,No Holiday,Yes,5923423,993
6744,13/07/2018,22,26.7,82,1.3,1725,23.3,0.0,0.0,0.0,Summmer,No Holiday,Yes,10587171,1960
6745,26/09/2018,12,22.5,37,1.8,2000,7.0,2.5,0.0,0.0,Auttumn,No Holiday,Yes,7154000,1369
6746,18/12/2017,4,-5.4,81,0.7,270,-8.1,0.0,0.0,0.7,Winter,No Holiday,Yes,270211,24
6747,3/5/2018,20,12.6,47,3.2,1935,1.5,0.02,,0.0,Spriing,No Holiday,Yes,7915966,1444
6748,19/02/2018,20,2.4,60,1.9,661,-4.5,0.0,0.0,0.0,Wonter,No Holiday,Yes,2757898,426
6749,21/12/2017,2,-2.2,88,1.4,348,-3.9,0.0,0.0,2.2,Wintr,No Holiday,Yes,978653,120
6750,9/9/2018,12,25.9,39,1.2,1950,10.8,2.89,0.0,0.0,Autumn,No Holiday,Yes,6445534,1214
6751,30/05/2018,17,24.1,41,2.2,1980,10.0,,0.0,0.0,Sproing,No Holiday,Yes,10948767,2164
6752,19/06/2018,4,,73,1.6,848,14.7,0.0,0.0,0.0,Summer,No Holiday,Yes,1565047,289
6753,10/6/2018,23,20.9,56,1.5,2000,11.7,0.0,0.0,0.0,Summer,No Holiday,Yes,6191462,1107
6754,22/10/2018,9,11.9,50,1.1,1529,1.7,0.75,0.0,0.0,Auttumn,No Holiday,Yes,6381114,1132
6755,13/07/2018,20,28.2,76,2.2,1888,23.5,0.08,0.0,0.0,Summr,No Holiday,Yes,11376438,2138
6756,24/04/2018,19,13.3,37,1.2,2000,-1.1,0.12,0.0,0.0,Spriing,No Holiday,Yes,8305721,1621
6757,9/5/2018,9,14.4,46,1.2,1899,2.9,1.77,0.0,0.0,Sproing,No Holiday,Yes,6235268,1113
6758,26/11/2018,11,7.2,66,1.5,542,1.2,1.41,0.0,0.0,Autumn,No Holiday,Yes,3928620,662
6759,22/02/2018,-3,11.2,59,1.7,1400,4.1,0.57,0.1,0.1,Summr,Holiday,No,5535153,1065
6760,26/05/2018,19,24.9,46,3.1,1341,12.4,,0.0,0.0,Sproing,No Holiday,Yes,10128300,1986
6761,29/03/2018,5,12.7,83,0.8,392,9.8,,0.0,0.0,Sproing,No Holiday,Yes,787361,117
6762,9/6/2018,5,19.0,85,0.4,467,16.4,0.0,,0.0,Summer,No Holiday,Yes,1853416,257
6763,11/7/2018,12,28.1,73,2.1,1326,22.7,0.87,0.0,0.0,Summmer,No Holiday,Yes,5281117,1027
6764,12/7/2018,17,27.9,75,2.5,1643,23.0,0.75,0.0,0.0,Summmer,No Holiday,Yes,9910477,1885
6765,28/09/2018,9,16.5,50,1.2,2000,6.0,0.66,0.0,0.0,Autum,No Holiday,No,496486,0
6766,16/12/2017,17,-4.6,26,2.6,2000,-21.2,0.17,0.0,0.0,Winter,No Holiday,Yes,2039903,273
6767,13/09/2018,9,21.8,64,1.6,2000,14.6,0.52,,0.0,Autumn,No Holiday,Yes,7443630,1369
6768,9/1/2018,10,-4.8,57,3.0,1559,-12.0,0.47,0.0,0.5,Winteer,No Holiday,Yes,1327652,182
6769,1/1/2018,8,-5.0,55,1.0,2000,-12.6,0.0,0.0,0.0,Winteer,Holiday,Yes,970339,100
6770,20/10/2018,-10,12.2,57,1.9,1475,4.3,0.55,0.1,0.1,Auttumn,No Holiday,No,5653119,1032
6771,7/11/2018,1,11.9,76,1.4,286,7.7,0.0,0.0,0.0,Autumn,No Holiday,Yes,2708762,419
6772,13/05/2018,2,14.5,97,2.9,359,14.0,0.0,0.1,0.0,Sproing,No Holiday,Yes,1436381,182
6773,24/03/2018,15,12.4,58,4.1,404,4.3,2.26,0.0,0.0,Sproing,No Holiday,Yes,5591292,1069
6774,18/02/2018,19,1.5,30,2.6,2000,-14.2,0.0,,0.0,Winteer,No Holiday,Yes,1311397,239
6775,2/9/2018,13,28.5,42,1.7,1990,14.3,2.94,0.0,0.0,Auttumn,No Holiday,Yes,7109032,1299
6776,1/11/2018,7,2.5,75,0.5,1763,-1.4,,0.0,0.0,Auttumn,No Holiday,Yes,5676166,1057
6777,22/07/2018,22,31.7,51,1.4,1742,20.3,0.0,,0.0,Sumer,No Holiday,Yes,7977582,1459
6778,22/03/2018,14,11.4,30,3.1,1672,-5.5,2.82,0.0,0.0,Spring,No Holiday,Yes,3904124,723
6779,6/7/2018,5,22.5,66,1.5,2000,15.8,,0.0,0.0,Sumer,No Holiday,Yes,1947076,343
6780,8/4/2018,19,2.5,94,1.8,349,1.6,0.0,1.0,0.0,Spring,No Holiday,Yes,1159849,41
6781,20/04/2018,6,11.2,63,0.7,821,4.4,0.0,0.0,0.0,Sproing,No Holiday,Yes,2079495,395
6782,13/01/2018,15,-1.5,62,0.9,957,-7.8,,0.0,0.0,Winteer,No Holiday,Yes,2100426,253
6783,10/9/2018,2,20.0,59,1.5,2000,11.7,,0.0,0.0,Autumn,No Holiday,Yes,1949097,321
6784,1/7/2018,1,22.7,87,0.5,1072,20.4,0.0,0.0,0.0,Sumer,No Holiday,Yes,4799976,760
6785,11/7/2018,18,28.4,75,2.4,1564,23.5,0.52,0.0,0.0,Summer,No Holiday,Yes,15865884,3017
6786,26/06/2018,21,23.5,94,4.6,227,22.4,0.0,1.5,0.0,Summr,No Holiday,Yes,1591643,257
6787,24/06/2018,-4,12.7,57,1.8,1412,5.7,0.58,0.2,0.1,Autumn,No Holiday,Yes,10405185,1905
6788,16/10/2018,1,,65,1.1,1099,5.9,0.0,0.0,0.0,Auttumn,No Holiday,Yes,3745199,606
6789,3/7/2018,4,22.7,97,0.2,1808,22.1,0.0,0.0,0.0,Summr,No Holiday,Yes,1018383,153
6790,17/01/2018,-4,11.8,58,,1450,4.6,0.56,,0.0,Winter,Holiday,Yes,586465,91
6791,8/11/2018,3,11.8,86,1.6,1819,9.5,0.0,0.5,0.0,Autmn,No Holiday,Yes,1174941,90
6792,15/02/2018,13,2.2,18,3.4,1942,-19.7,2.3,0.0,0.0,Wonter,Holiday,Yes,2124104,257
6793,27/11/2018,7,3.6,83,0.9,350,0.9,0.0,0.0,0.0,Autumn,No Holiday,Yes,4595894,854
6794,8/5/2018,4,15.4,63,1.6,2000,8.3,0.0,0.0,0.0,Sproing,No Holiday,Yes,1085058,147
6795,20/10/2018,6,7.5,79,0.6,1025,4.0,0.0,0.0,0.0,Autmn,No Holiday,Yes,1204263,204
6796,3/5/2018,19,13.3,49,3.6,1919,2.7,0.45,0.0,0.0,Spriing,No Holiday,Yes,9223966,1697
6797,15/08/2018,-9,13.4,57,1.7,1513,3.9,0.51,,0.1,Summr,Holiday,Yes,4393275,775
6798,28/11/2018,-4,13.7,58,1.8,1405,4.2,0.59,0.1,0.1,Autum,Holiday,Yes,6072333,1028
6799,24/12/2017,5,5.1,82,0.6,185,2.2,,0.0,0.0,Wintr,Holiday,Yes,639608,40
6800,15/03/2018,11,13.9,98,,296,13.5,0.13,0.0,0.0,Sproing,No Holiday,Yes,1172519,63
6801,21/10/2018,0,11.2,62,0.0,1613,4.1,0.0,0.0,0.0,Auttumn,No Holiday,Yes,3981041,701
6802,28/07/2018,20,29.2,82,0.4,1000,25.8,0.01,0.0,0.0,Summr,No Holiday,Yes,5888558,1116
6803,13/12/2017,0,-9.5,48,1.3,1996,-18.4,0.0,0.0,0.0,Winter,No Holiday,Yes,1186364,165
6804,24/11/2018,-6,12.2,58,1.7,1441,4.0,0.56,0.2,0.1,Wintr,No Holiday,No,8329320,1478
6805,27/04/2018,19,18.7,53,2.7,753,8.9,0.24,0.0,0.0,Sproing,No Holiday,Yes,10247530,1857
6806,22/01/2018,19,-0.1,88,,582,-1.8,0.0,0.0,1.0,Wintr,No Holiday,Yes,1497114,158
6807,20/09/2018,7,18.0,95,1.6,375,17.1,0.0,1.5,0.0,Auttumn,No Holiday,Yes,917764,143
6808,24/04/2018,3,9.6,94,1.3,523,8.6,0.0,2.4,0.0,Spring,No Holiday,Yes,1164212,33
6809,22/07/2018,11,33.8,45,1.9,1928,20.2,2.74,0.0,0.0,Summer,No Holiday,Yes,3408556,518
6810,6/5/2018,10,15.4,97,0.6,374,14.9,,1.5,0.0,Spring,No Holiday,Yes,1000123,14
6811,28/11/2018,7,2.5,24,0.2,1306,-16.0,0.0,0.0,0.0,Autum,No Holiday,Yes,4785936,787
6812,22/03/2018,3,1.3,87,1.7,822,-0.6,0.0,0.0,0.0,Sprng,No Holiday,Yes,1201741,118
6813,28/07/2018,15,28.9,86,2.2,1592,26.3,0.26,7.3,0.0,Sumer,No Holiday,Yes,2453346,467
6814,17/05/2018,18,22.6,97,1.1,304,22.0,0.07,1.5,0.0,Spriing,No Holiday,Yes,2496663,435
6815,15/03/2018,1,16.3,68,2.1,1859,10.3,0.0,0.0,0.0,Sproing,No Holiday,Yes,2546542,334
6816,17/06/2018,5,19.0,85,0.8,567,16.4,0.0,0.0,0.0,Sumer,No Holiday,Yes,1550865,259
6817,11/2/2018,12,-3.9,28,2.9,1921,-19.7,2.12,0.0,0.0,Winter,No Holiday,Yes,1250009,176
6818,1/9/2018,13,29.4,48,,1942,17.2,2.88,0.0,0.0,Auttumn,No Holiday,Yes,7341093,1316
6819,23/04/2018,12,9.0,96,1.9,481,8.3,0.43,5.5,0.0,Sproing,No Holiday,Yes,592060,12
6820,13/08/2018,-5,13.9,59,1.9,1387,4.9,0.58,0.2,0.1,Summmer,No Holiday,No,2866880,432
6821,16/10/2018,6,10.1,71,0.2,1474,5.0,0.0,0.0,0.0,Autumn,No Holiday,Yes,3086340,497
6822,8/3/2018,7,3.0,90,0.7,578,1.5,0.0,,0.0,Sproing,No Holiday,Yes,790133,68
6823,21/12/2017,4,-3.6,91,1.2,241,-4.8,0.0,0.0,2.2,Wonter,No Holiday,Yes,866066,59
6824,7/12/2017,1,1.5,92,0.4,227,0.3,0.0,0.0,0.9,Winter,No Holiday,Yes,1310421,238
6825,6/7/2018,17,26.6,52,2.2,2000,15.9,1.02,0.0,0.0,Summr,No Holiday,Yes,11934165,2286
6826,21/09/2018,8,17.8,97,2.0,1284,17.3,0.09,4.0,0.0,Autumn,No Holiday,Yes,1378711,120
6827,24/10/2018,17,17.0,47,2.2,1989,5.5,0.59,0.0,0.0,Autum,No Holiday,Yes,10191084,1981
6828,3/4/2018,21,17.0,83,3.2,744,14.0,0.0,0.0,0.0,Sprng,No Holiday,Yes,6407183,1224
6829,17/07/2018,22,27.2,70,1.9,1110,21.2,0.0,0.0,0.0,Sumer,No Holiday,Yes,10869432,1997
6830,28/03/2018,14,18.6,46,4.4,1664,6.7,,0.0,0.0,Sproing,No Holiday,Yes,4404541,721
6831,13/10/2018,5,6.7,81,1.1,1467,3.6,,0.0,0.0,Autmn,No Holiday,Yes,992620,125
6832,19/04/2018,20,15.5,38,1.7,745,1.2,0.0,0.0,0.0,Sproing,No Holiday,Yes,7018483,1319
6833,22/09/2018,12,24.2,43,2.2,1798,10.8,2.31,0.0,0.0,Autmn,No Holiday,Yes,6726408,1255
6834,26/08/2018,19,22.7,69,1.9,2000,16.7,0.08,0.0,0.0,Summer,No Holiday,Yes,8200787,1568
6835,30/09/2018,5,16.1,78,0.4,2000,12.2,0.0,0.0,0.0,Autmn,No Holiday,No,969303,0
6836,23/04/2018,21,9.4,94,2.1,869,8.4,0.0,1.5,0.0,Sprng,No Holiday,Yes,1088447,79
6837,9/8/2018,8,28.6,75,1.2,1588,23.7,0.56,,0.0,Sumer,No Holiday,Yes,8986497,1770
6838,30/12/2017,1,-0.5,83,0.7,244,-3.0,0.0,0.0,0.0,Wintr,No Holiday,Yes,1540904,256
6839,4/10/2018,22,19.8,60,1.6,2000,11.8,0.0,,0.0,Auttumn,No Holiday,No,914431,0
6840,15/02/2018,7,-3.0,40,0.9,2000,-14.7,0.0,0.0,0.0,Winteer,Holiday,Yes,1042070,60
6841,5/10/2018,21,16.5,96,2.2,963,15.8,0.0,1.5,0.0,Auttumn,No Holiday,Yes,550977,37
6842,10/6/2018,19,23.4,55,1.0,2000,13.8,0.12,0.0,0.0,Summmer,No Holiday,Yes,12329334,2305
6843,15/09/2018,0,21.8,83,1.5,2000,18.7,0.0,0.0,0.0,Autumn,No Holiday,Yes,5303066,955
6844,13/03/2018,23,13.4,81,2.6,958,10.1,0.0,0.0,0.0,Sprng,No Holiday,Yes,3774992,600
6845,31/01/2018,4,-2.4,82,1.5,877,-5.0,0.0,0.0,3.5,Winter,No Holiday,Yes,978514,28
6846,28/06/2018,13,27.2,68,1.8,1575,20.7,,0.0,0.0,Summr,No Holiday,Yes,5738081,1063
6847,23/10/2018,4,10.0,73,,622,5.3,0.0,0.0,0.0,Autumn,No Holiday,Yes,1363475,174
6848,25/03/2018,14,16.1,37,2.4,315,1.3,2.62,0.0,0.0,Sproing,No Holiday,Yes,5222257,918
6849,4/9/2018,15,26.7,51,3.4,2000,15.7,2.09,0.0,0.0,Autmn,No Holiday,Yes,6358032,1150
6850,16/02/2018,22,-0.6,70,3.4,1204,-5.4,0.0,0.0,0.0,Wintr,Holiday,Yes,954302,120
6851,17/01/2018,1,3.3,64,0.4,339,-2.8,0.0,0.0,0.0,Winter,No Holiday,Yes,1543188,173
6852,24/08/2018,21,23.5,79,3.6,2000,19.6,0.0,0.0,0.0,Summer,No Holiday,Yes,6982571,1279
6853,19/04/2018,9,12.4,29,1.5,1380,-5.1,1.49,0.0,0.0,Sprng,No Holiday,Yes,2456063,319
6854,17/05/2018,5,18.8,97,0.9,1927,18.3,0.0,0.0,0.0,Sproing,No Holiday,Yes,1138580,59
6855,7/11/2018,14,15.5,68,1.4,693,9.6,1.15,,0.0,Autmn,No Holiday,Yes,4382735,767
6856,3/12/2017,13,6.8,81,1.9,390,3.7,0.6,0.0,0.0,Wintr,No Holiday,Yes,3166767,538
6857,28/08/2018,16,25.0,97,0.7,1181,24.4,0.17,2.5,0.0,Summr,No Holiday,Yes,868219,76
6858,18/04/2018,16,18.5,22,2.7,1515,-3.6,2.27,0.0,0.0,Sproing,No Holiday,Yes,7089866,1346
6859,15/09/2018,17,24.4,75,0.6,2000,19.6,0.17,0.0,0.0,Autmn,No Holiday,Yes,8323264,1508
6860,21/11/2018,9,6.4,53,0.7,1486,-2.5,0.21,0.0,0.0,Autumn,No Holiday,Yes,4861886,907
6861,2/2/2018,11,-1.4,37,1.0,1317,-14.2,0.91,0.0,0.0,Wonter,No Holiday,Yes,1809330,233
6862,19/12/2017,21,-5.0,57,1.9,2000,-12.2,0.0,0.0,2.0,Wonter,No Holiday,Yes,1717773,207
6863,28/01/2018,1,-7.5,45,2.4,1853,-17.4,0.0,,0.0,Wintr,No Holiday,Yes,807798,110
6864,20/12/2017,12,-3.2,49,1.3,1723,-12.4,0.53,0.0,1.9,Winter,No Holiday,Yes,1211134,216
6865,11/7/2018,23,26.9,79,0.1,1541,22.9,0.0,,0.0,Summmer,No Holiday,Yes,7090205,1326
6866,3/2/2018,7,-8.8,58,4.0,1942,-15.5,0.0,0.0,0.3,Wonter,No Holiday,Yes,903303,67
6867,17/07/2018,2,25.3,78,1.0,2000,21.1,0.0,0.0,0.0,Summr,No Holiday,Yes,3222734,473
6868,26/03/2018,1,6.3,87,1.8,153,4.2,0.0,0.0,0.0,Spring,No Holiday,Yes,1882704,178
6869,14/10/2018,-2,13.5,58,1.8,1442,3.1,0.55,0.3,0.1,Winteer,No Holiday,Yes,2354985,410
6870,27/08/2018,14,23.3,89,1.5,1435,21.3,1.23,0.5,0.0,Summmer,No Holiday,Yes,1473934,225
6871,16/08/2018,1,28.2,70,1.0,2000,22.2,0.0,0.0,0.0,Sumer,No Holiday,Yes,3444875,573
6872,17/01/2018,21,3.1,74,,333,-1.0,0.0,0.0,0.0,Wonter,No Holiday,Yes,2505602,342
6873,22/06/2018,0,20.7,67,1.9,885,14.3,0.0,0.0,0.0,Sumer,No Holiday,Yes,6303390,1163
6874,7/8/2018,4,27.3,68,0.7,2000,20.8,0.0,0.0,0.0,Summer,No Holiday,Yes,1082322,192
6875,5/1/2018,13,0.9,43,2.0,1112,-10.2,0.98,0.0,0.0,Wonter,No Holiday,Yes,1988070,335
6876,18/09/2018,17,25.5,38,2.9,1997,10.1,,0.0,0.0,Autumn,No Holiday,No,874688,0
6877,15/11/2018,9,6.8,64,1.0,949,0.4,0.5,0.0,0.0,Autmn,No Holiday,Yes,6668604,1248
6878,20/09/2018,-7,13.4,58,1.7,1443,4.8,0.5,0.1,0.1,Autumn,Holiday,Yes,986311,72
6879,20/10/2018,2,10.1,78,0.1,1887,6.4,0.0,0.0,0.0,Autumn,No Holiday,Yes,2843080,530
6880,27/09/2018,23,17.7,51,1.4,2000,7.4,0.0,0.0,0.0,Autum,No Holiday,Yes,6306763,1237
6881,30/11/2018,13,7.1,24,2.8,1838,-12.1,1.83,0.0,0.0,Autumn,No Holiday,Yes,4266003,740
6882,29/08/2018,18,23.9,96,0.2,991,23.2,0.0,1.5,0.0,Summr,No Holiday,Yes,1099245,73
6883,13/12/2017,5,-11.5,58,1.1,1923,-18.1,0.0,0.0,0.0,Wonter,No Holiday,Yes,600201,62
6884,17/06/2018,19,24.2,62,1.9,1225,16.4,0.39,0.0,0.0,Summer,No Holiday,Yes,13437470,2577
6885,7/5/2018,17,25.5,31,2.3,1974,7.1,1.5,0.0,0.0,Sprng,No Holiday,Yes,12658522,2357
6886,28/01/2018,23,-8.7,42,2.1,1981,-19.3,0.0,0.0,0.0,Wintr,No Holiday,Yes,1102775,82
6887,10/8/2018,-8,12.1,58,1.7,1416,4.4,0.56,0.2,0.0,Wintr,No Holiday,No,825171,0
6888,23/10/2018,0,11.6,61,0.7,673,4.3,0.0,0.0,0.0,Autmn,No Holiday,Yes,3624919,672
6889,17/01/2018,14,7.7,54,2.6,313,-1.0,0.58,0.0,0.0,Wintr,No Holiday,Yes,1306120,241
6890,19/03/2018,-5,12.9,57,1.7,1449,4.0,0.63,0.2,0.1,Summer,No Holiday,Yes,2665148,360
6891,6/7/2018,23,22.0,55,1.7,2000,12.5,0.0,0.0,0.0,Summr,No Holiday,Yes,8135658,1453
6892,26/06/2018,18,24.1,95,4.4,261,23.2,0.03,1.0,0.0,Summmer,No Holiday,Yes,1633117,158
6893,3/7/2018,11,29.2,66,1.4,1953,22.1,2.72,0.0,0.0,Sumer,No Holiday,Yes,4909610,889
6894,8/11/2018,17,11.9,97,0.7,269,11.4,0.0,0.0,0.0,Autmn,No Holiday,Yes,221785,24
6895,30/10/2018,-10,13.0,57,1.8,1441,4.7,0.6,0.2,0.1,Sprng,No Holiday,No,1360248,164
6896,14/07/2018,1,25.4,85,1.4,1663,22.6,0.0,0.0,0.0,Sumer,No Holiday,Yes,6035442,1059
6897,30/11/2018,18,4.7,34,1.9,1661,-9.8,0.0,0.0,0.0,Autmn,No Holiday,Yes,7665160,1431
6898,29/11/2018,16,5.8,39,2.6,1489,-7.1,0.1,0.0,0.0,Auttumn,No Holiday,Yes,4262118,759
6899,13/10/2018,19,14.8,47,1.3,1111,3.5,0.0,0.0,0.0,Autumn,No Holiday,Yes,7460046,1409
6900,28/02/2018,15,4.8,87,2.9,312,2.8,0.08,4.5,0.0,Winteer,No Holiday,Yes,267300,9
6901,9/1/2018,15,-2.4,51,4.6,1458,-11.1,0.46,0.0,0.0,Wonter,No Holiday,Yes,1882267,295
6902,24/07/2018,18,34.9,53,2.2,1296,23.8,0.86,0.0,0.0,Summer,No Holiday,Yes,12348467,2313
6903,17/10/2018,3,10.2,80,0.3,1191,6.8,0.0,0.0,0.0,Auttumn,No Holiday,Yes,1375586,250
6904,20/06/2018,0,19.7,71,,1330,14.2,0.0,0.0,0.0,Summmer,No Holiday,Yes,6208889,1055
6905,14/04/2018,9,7.5,94,1.5,506,6.5,0.15,1.5,0.0,Sproing,No Holiday,Yes,918535,19
6906,29/09/2018,11,22.3,50,1.3,2000,11.3,2.36,0.0,0.0,Autumn,No Holiday,Yes,6922771,1217
6907,22/03/2018,7,,85,1.5,1321,-1.6,0.01,0.0,0.0,Spriing,No Holiday,Yes,3849905,621
6908,4/4/2018,22,10.9,58,1.5,2000,2.9,0.0,0.0,0.0,Spriing,No Holiday,Yes,6125298,1079
6909,19/10/2018,18,16.6,40,2.4,2000,2.9,,0.0,0.0,Autmn,No Holiday,Yes,13843840,2664
6910,29/11/2018,-9,12.6,59,1.7,1474,4.9,0.54,0.0,0.1,Autmn,No Holiday,Yes,1082322,192
6911,12/2/2018,-3,12.7,59,1.8,1465,4.4,0.55,0.1,0.1,Winteer,No Holiday,Yes,3081667,590
6912,28/07/2018,23,28.6,74,0.7,1807,23.5,,0.0,0.0,Sumer,No Holiday,Yes,6107624,1101
6913,11/3/2018,17,11.1,25,2.0,1765,-8.2,1.19,0.0,0.0,Spriing,No Holiday,Yes,5615260,1001
6914,8/4/2018,1,2.4,46,1.7,2000,-8.0,0.0,0.0,0.0,Sprng,No Holiday,Yes,1908379,218
6915,7/4/2018,1,2.6,67,2.7,1053,-2.9,0.0,0.0,0.0,Spriing,No Holiday,Yes,2139248,241
6916,6/2/2018,0,-10.6,47,3.5,1803,-19.7,0.0,0.0,0.0,Wintr,No Holiday,Yes,887568,151
6917,9/10/2018,22,16.7,55,1.9,2000,7.6,0.0,0.0,0.0,Autmn,Holiday,No,549929,0
6918,29/09/2018,3,15.5,73,1.0,2000,10.6,0.0,0.0,0.0,Auttumn,No Holiday,Yes,2697774,481
6919,12/4/2018,21,13.4,15,2.7,2000,-12.7,0.0,0.0,0.0,Spring,No Holiday,Yes,6650913,1307
6920,8/8/2018,9,30.2,66,,1131,23.1,1.48,,0.0,Summr,No Holiday,Yes,4660577,899
6921,21/01/2018,1,-0.8,58,0.4,400,-8.0,0.0,,0.0,Winteer,No Holiday,Yes,1408818,177
6922,30/11/2018,6,-0.8,68,0.8,1322,-5.9,0.0,0.0,0.0,Autumn,No Holiday,Yes,2469897,297
6923,21/06/2018,14,28.0,39,2.6,1833,12.7,3.14,0.0,0.0,Summr,No Holiday,Yes,6501692,1139
6924,4/7/2018,14,31.3,58,3.0,1479,22.0,2.46,0.0,0.0,Summr,No Holiday,Yes,6008718,1045
6925,4/11/2018,10,11.1,51,0.8,679,1.3,1.38,0.0,0.0,Autum,No Holiday,Yes,4301330,755
6926,14/03/2018,23,16.1,69,1.8,1666,10.4,0.0,0.0,0.0,Spriing,No Holiday,Yes,3684947,598
6927,21/02/2018,23,-2.7,58,1.1,2000,-9.8,0.0,0.0,0.0,Winteer,No Holiday,Yes,1545551,214
6928,31/08/2018,15,30.3,41,2.5,1864,15.5,2.72,0.0,0.0,Summr,No Holiday,Yes,5954835,1161
6929,28/08/2018,15,25.2,96,0.6,1754,24.5,0.51,0.5,0.0,Summer,No Holiday,Yes,1006766,124
6930,21/01/2018,23,-0.4,32,0.6,2000,-15.1,0.0,0.0,0.0,Winter,No Holiday,Yes,1362010,186
6931,28/09/2018,15,20.3,52,1.3,2000,10.1,1.15,,0.0,Autmn,No Holiday,No,711277,0
6932,12/11/2018,11,10.3,40,0.7,1672,-2.7,1.66,0.0,0.0,Autmn,No Holiday,Yes,4443639,772
6933,22/12/2017,2,-1.1,79,0.7,736,-4.2,0.0,0.0,0.8,Winteer,Holiday,Yes,1732808,161
6934,25/02/2018,-5,12.5,59,1.9,1465,5.6,0.66,0.2,0.1,Spriing,No Holiday,No,6410033,1207
6935,8/2/2018,18,-0.5,26,1.7,1999,-17.7,0.15,0.0,0.0,Winteer,No Holiday,Yes,3615400,597
6936,24/01/2018,14,-11.1,26,3.8,1980,-26.8,1.25,,0.8,Winter,No Holiday,Yes,1160958,130
6937,20/02/2018,0,0.0,75,2.3,394,-3.9,0.0,0.0,0.0,Wonter,No Holiday,Yes,1542794,174
6938,19/09/2018,14,26.1,40,1.2,1840,11.4,1.21,0.0,0.0,Autum,No Holiday,No,967430,0
6939,26/12/2017,6,-2.8,73,0.7,1906,-6.9,0.0,0.0,0.0,Wonter,No Holiday,Yes,1106086,125
6940,21/09/2018,17,21.2,77,1.2,2000,16.9,0.31,0.0,0.0,Auttumn,No Holiday,Yes,10611522,1939
6941,28/08/2018,21,22.9,98,2.1,1146,22.5,0.0,29.5,0.0,Summmer,No Holiday,Yes,866104,131
6942,8/12/2017,0,-3.5,49,,1893,-12.6,0.0,0.0,0.0,Winteer,No Holiday,Yes,1708475,231
6943,6/11/2018,14,17.4,50,2.4,336,6.8,1.52,0.0,0.0,Autmn,No Holiday,No,129788,0
6944,13/11/2018,-9,12.9,58,1.7,1430,5.0,0.58,0.2,0.1,Summer,No Holiday,No,1545618,284
6945,4/4/2018,21,11.8,57,1.9,2000,3.5,0.0,0.0,0.0,Sprng,No Holiday,Yes,6558530,1272
6946,17/06/2018,0,21.5,76,1.4,1015,17.0,0.0,0.0,0.0,Summer,No Holiday,Yes,6910745,1332
6947,14/02/2018,9,3.9,64,2.9,1483,-2.3,0.18,0.0,0.0,Wintr,No Holiday,Yes,2157217,342
6948,23/05/2018,23,14.6,54,1.5,1596,5.3,0.0,0.0,0.0,Spriing,No Holiday,Yes,5987902,1069
6949,4/7/2018,23,24.7,74,1.4,1596,19.7,,0.0,0.0,Summr,No Holiday,Yes,8217508,1458
6950,9/8/2018,11,30.8,63,2.4,1919,22.9,0.94,0.0,0.0,Sumer,No Holiday,Yes,4320998,682
6951,18/09/2018,14,26.1,37,2.3,1749,10.2,1.92,0.0,0.0,Auttumn,No Holiday,No,856349,0
6952,30/12/2017,21,1.8,92,,109,0.6,0.0,0.2,0.0,Wonter,No Holiday,Yes,1042047,58
6953,16/07/2018,11,31.5,51,2.1,1498,20.1,2.83,0.0,0.0,Summr,No Holiday,Yes,4169433,720
6954,27/10/2018,11,10.4,42,4.1,1988,-1.9,2.01,0.0,0.0,Auttumn,No Holiday,Yes,5780353,1049
6955,1/3/2018,19,-1.7,45,3.3,1375,-12.1,0.01,0.0,0.0,Spring,Holiday,Yes,1473190,253
6956,23/04/2018,7,9.0,95,2.3,294,8.2,0.0,6.0,0.0,Spring,No Holiday,Yes,645475,11
6957,25/07/2018,-5,12.9,59,1.8,1413,3.2,0.54,0.1,0.1,Spriing,Holiday,No,7995871,1522
6958,14/08/2018,18,33.7,53,2.4,2000,22.7,0.78,0.0,0.0,Summer,No Holiday,Yes,12725727,2383
6959,19/03/2018,10,,77,2.7,1587,5.2,0.27,0.0,0.0,Spring,No Holiday,Yes,1548410,289
6960,9/10/2018,0,12.6,54,0.2,2000,3.5,0.0,0.0,0.0,Autmn,Holiday,No,309627,4
6961,17/11/2018,17,7.7,34,2.6,2000,-7.2,0.13,0.0,0.0,Autum,No Holiday,Yes,5769160,986
6962,7/5/2018,8,14.8,80,0.3,1921,11.3,0.31,0.0,0.0,Sprng,No Holiday,Yes,3798361,601
6963,28/09/2018,-4,12.8,57,1.9,1416,3.8,0.48,0.1,0.1,Summmer,No Holiday,No,7354121,1296
6964,27/09/2018,7,13.2,60,0.5,2000,5.5,0.02,0.0,0.0,Autmn,No Holiday,Yes,7151578,1359
6965,13/02/2018,14,28.2,0,4.1,71,-20.4,0.0,3.9,0.0,Wonter,No Holiday,No,1394544,200
6966,18/03/2018,-5,12.3,57,1.7,1410,5.3,0.52,0.1,0.1,Summmer,No Holiday,No,1982473,293
6967,22/08/2018,17,36.4,39,1.2,2000,20.2,1.15,0.0,0.0,Summr,No Holiday,Yes,8559203,1517
6968,6/2/2018,5,-12.3,37,2.9,2000,-24.0,0.0,0.0,0.0,Winteer,No Holiday,Yes,651536,32
6969,22/10/2018,15,,31,,855,2.5,1.25,0.0,0.0,Autmn,No Holiday,Yes,7270208,1256
6970,23/02/2018,0,1.7,86,2.7,54,-0.3,0.0,0.4,0.4,Wonter,No Holiday,Yes,388666,39
6971,25/06/2018,8,23.8,66,0.9,960,17.0,0.74,0.0,0.0,Summer,No Holiday,Yes,12836813,2453
6972,10/9/2018,15,27.6,38,1.4,2000,11.9,2.09,0.0,0.0,Auttumn,No Holiday,Yes,6402687,1220
6973,13/02/2018,12,1.0,41,3.3,1794,-10.8,2.11,0.0,0.0,Winteer,No Holiday,Yes,2248013,304
6974,9/12/2017,16,4.4,33,1.6,1963,-10.5,0.4,0.0,0.0,Wonter,No Holiday,Yes,2958704,546
6975,11/6/2018,17,20.7,72,3.4,2000,15.4,0.11,,0.0,Sumer,No Holiday,Yes,7576795,1455
6976,22/12/2017,9,0.3,67,0.7,897,-5.1,0.03,0.0,0.6,Wintr,Holiday,Yes,2334722,294
6977,20/03/2018,20,2.7,45,3.3,2000,-8.0,0.0,0.0,0.0,Sproing,No Holiday,Yes,2968102,531
6978,22/05/2018,14,22.8,53,1.4,1630,12.7,0.98,0.0,0.0,Sproing,Holiday,Yes,8062010,1479
6979,18/12/2017,21,2.8,73,2.4,831,-1.5,0.0,0.0,2.6,Winter,No Holiday,Yes,1154512,146
6980,10/8/2018,1,26.9,84,0.2,1061,23.9,0.0,0.0,0.0,Summr,No Holiday,Yes,4013390,731
6981,18/01/2018,3,3.6,74,1.7,273,-0.6,0.0,0.0,0.0,Wintr,No Holiday,Yes,654223,82
6982,29/08/2018,19,23.5,97,0.3,323,22.9,0.0,6.5,0.0,Summr,No Holiday,Yes,505549,33
6983,23/03/2018,-2,12.6,57,1.7,1406,4.2,0.62,0.2,0.1,Autmn,No Holiday,Yes,7344088,1308
6984,15/05/2018,1,17.5,78,0.6,277,13.6,0.0,0.0,0.0,Sproing,No Holiday,Yes,3179352,541
6985,6/11/2018,3,9.4,81,0.3,500,6.2,0.0,0.0,0.0,Auttumn,No Holiday,No,318370,0
6986,27/11/2018,1,4.5,82,0.4,350,1.6,0.0,0.0,0.0,Autumn,No Holiday,Yes,2666053,421
6987,14/06/2018,-1,12.7,58,1.8,1456,4.0,0.57,0.1,0.0,Wintr,Holiday,Yes,2081593,272
6988,7/7/2018,1,21.1,57,2.0,2000,12.2,0.0,,0.0,Summer,No Holiday,Yes,5999912,1001
6989,30/12/2017,11,2.0,69,1.0,257,-3.1,0.32,0.0,0.0,Winteer,No Holiday,Yes,1619011,231
6990,25/05/2018,19,22.0,40,1.6,1658,7.7,0.47,0.0,0.0,Sprng,No Holiday,Yes,12004846,2287
6991,24/12/2017,5,5.1,82,0.6,185,2.2,,0.0,0.0,Wintr,Holiday,Yes,639608,40
6992,13/05/2018,1,15.1,97,1.7,173,14.6,0.0,0.2,0.0,Sproing,No Holiday,Yes,1152346,177
6993,29/04/2018,10,17.5,35,1.8,1570,1.8,,0.0,0.0,Sproing,No Holiday,Yes,4495168,759
6994,5/11/2018,3,8.3,81,1.1,642,5.2,0.0,0.0,0.0,Autum,No Holiday,Yes,1648767,155
6995,27/05/2018,17,23.5,32,3.2,1925,0.0,1.01,0.0,0.0,Sprng,No Holiday,Yes,12547564,2353
6996,10/3/2018,22,5.0,75,2.2,1084,0.9,0.0,0.0,0.0,Spriing,No Holiday,Yes,2269749,400
6997,20/12/2017,0,-6.5,63,1.5,1666,-12.3,0.0,0.0,2.0,Winter,No Holiday,Yes,1163440,134
6998,27/12/2017,19,-5.5,31,2.1,2000,-19.9,0.0,0.0,0.0,Wintr,No Holiday,Yes,2521220,308
6999,31/10/2018,7,3.2,74,0.9,2000,-0.9,0.0,0.0,0.0,Autumn,No Holiday,Yes,5659289,1096
7000,26/09/2018,1,16.6,53,1.7,2000,6.9,0.0,0.0,0.0,Autmn,No Holiday,Yes,3341102,599
7001,5/4/2018,8,6.7,94,2.7,1127,5.7,0.05,2.0,0.0,Sproing,No Holiday,Yes,1436031,183
7002,30/04/2018,20,20.0,69,2.4,533,14.1,0.0,0.0,0.0,Sprng,No Holiday,Yes,9946594,1807
7003,21/09/2018,2,19.1,78,1.3,2000,15.1,0.0,0.0,0.0,Auttumn,No Holiday,Yes,1209401,156
7004,10/4/2018,8,9.6,38,1.4,1527,-4.0,0.58,0.0,0.0,Sproing,No Holiday,Yes,8976453,1706
7005,4/3/2018,3,8.5,96,0.4,238,7.8,0.0,0.1,0.0,Sproing,No Holiday,Yes,1071098,90
7006,18/07/2018,-5,14.4,58,1.7,1458,3.7,0.63,0.2,0.0,Spriing,Holiday,No,1520020,219
7007,4/7/2018,8,26.4,64,0.5,1909,19.0,,,0.0,Summer,No Holiday,Yes,11690627,2155
7008,27/09/2018,16,23.6,31,1.1,2000,5.4,1.37,0.0,0.0,Auttumn,No Holiday,Yes,8977181,1678
7009,25/09/2018,0,14.7,55,1.6,2000,5.7,0.0,0.0,0.0,Autmn,Holiday,Yes,3196177,584
7010,1/6/2018,16,29.9,34,3.2,1912,12.3,2.46,0.0,0.0,Sumer,No Holiday,Yes,7845221,1532
7011,13/10/2018,9,10.0,56,1.0,1761,1.6,1.03,0.0,0.0,Auttumn,No Holiday,Yes,4709337,893
7012,17/07/2018,-5,13.3,58,1.8,1396,3.9,,,0.1,Sumer,No Holiday,Yes,1304359,116
7013,21/06/2018,13,27.3,33,3.4,1921,9.6,3.42,0.0,0.0,Summmer,No Holiday,Yes,6736140,1185
7014,21/08/2018,12,25.7,74,3.4,1951,20.7,1.16,0.0,0.0,Summer,No Holiday,Yes,5161673,883
7015,18/05/2018,7,16.6,98,0.6,219,16.2,0.01,0.5,0.0,Sproing,No Holiday,Yes,1765239,229
7016,19/07/2018,18,33.0,51,2.4,1566,21.5,1.23,0.0,0.0,Summr,No Holiday,Yes,14125748,2707
7017,30/03/2018,3,10.3,68,0.7,887,4.6,0.0,0.0,0.0,Spriing,No Holiday,Yes,1712370,188
7018,13/09/2018,10,22.7,61,0.9,2000,14.7,0.82,0.0,0.0,Autmn,No Holiday,Yes,5018371,935
7019,10/12/2017,15,6.7,63,4.5,715,0.1,0.35,0.0,1.0,Winteer,No Holiday,Yes,1855682,197
7020,14/01/2018,23,2.7,60,0.6,794,-4.3,0.0,0.0,0.0,Winteer,No Holiday,Yes,980549,153
7021,26/07/2018,5,27.4,78,0.8,1301,23.2,,0.0,0.0,Summer,No Holiday,Yes,1628837,286
7022,10/3/2018,18,6.2,61,3.2,1411,-0.7,0.4,0.0,0.0,Sprng,No Holiday,Yes,3576182,684
7023,24/06/2018,6,20.2,87,2.0,255,17.9,0.01,0.0,0.0,Sumer,No Holiday,Yes,1636573,252
7024,27/02/2018,13,5.8,39,0.6,931,-7.1,0.35,0.0,0.0,Wonter,No Holiday,Yes,2485962,331
7025,31/12/2017,18,0.7,31,2.3,2000,-14.5,0.01,0.0,0.0,Winteer,Holiday,Yes,2041121,224
7026,19/02/2018,21,1.8,63,1.2,604,-4.5,0.0,0.0,0.0,Wonter,No Holiday,Yes,2244093,405
7027,23/12/2017,11,5.7,81,1.1,192,2.6,,0.0,0.0,Wintr,No Holiday,Yes,1542219,265
7028,15/04/2018,22,9.0,65,1.7,1953,2.7,0.0,0.0,0.0,Spring,No Holiday,Yes,3314335,607
7029,25/11/2018,5,2.1,94,0.4,248,1.2,0.0,,2.5,Autum,No Holiday,Yes,1355376,93
7030,18/03/2018,5,5.6,55,1.2,1008,-2.7,0.0,0.0,0.0,Sprng,No Holiday,Yes,1222428,67
7031,20/08/2018,7,25.4,60,1.4,1879,17.0,0.16,0.0,0.0,Sumer,No Holiday,Yes,7399945,1314
7032,13/08/2018,-1,14.3,59,1.8,1376,4.7,0.54,0.1,0.1,Winter,No Holiday,Yes,2448104,347
7033,18/04/2018,11,15.5,22,1.4,1762,-6.1,2.82,0.0,0.0,Spring,No Holiday,Yes,5127513,867
7034,7/9/2018,2,21.3,76,2.2,1559,16.8,0.0,0.5,0.0,Auttumn,No Holiday,Yes,1678169,250
7035,7/7/2018,4,20.0,63,1.8,2000,12.7,0.0,0.0,0.0,Summmer,No Holiday,Yes,2424029,366
7036,29/09/2018,13,24.9,40,1.4,2000,10.3,,0.0,0.0,Autmn,No Holiday,Yes,9771229,1797
7037,17/12/2017,9,-10.5,38,1.1,1950,-22.1,0.19,0.0,0.0,Wintr,No Holiday,Yes,927741,130
7038,16/03/2018,12,9.4,40,2.6,1913,-3.5,,0.0,0.0,Sproing,No Holiday,Yes,3792063,706
7039,4/6/2018,18,24.4,48,1.9,1998,12.6,,0.0,0.0,Summr,No Holiday,Yes,17685732,3344
7040,18/08/2018,15,31.7,30,1.9,1943,11.9,2.23,0.0,0.0,Sumer,No Holiday,Yes,6825448,1284
7041,3/5/2018,4,7.0,87,1.3,2000,4.9,0.0,0.0,0.0,Sproing,No Holiday,Yes,990715,108
7042,26/02/2018,14,9.9,25,1.5,1401,-9.2,,0.0,0.0,Wintr,No Holiday,Yes,2930215,493
7043,19/10/2018,10,13.8,44,1.5,1953,1.7,1.66,,0.0,Auttumn,No Holiday,Yes,4462189,853
7044,27/12/2017,0,-7.9,37,2.2,2000,-20.0,0.0,0.0,0.0,Wintr,No Holiday,Yes,1377455,139
7045,9/9/2018,8,17.4,56,0.8,2000,8.5,0.49,0.0,0.0,Auttumn,No Holiday,Yes,4060851,629
7046,22/07/2018,5,25.5,72,0.4,2000,20.0,0.0,0.0,0.0,Summer,No Holiday,Yes,1869905,240
7047,22/04/2018,23,11.3,94,1.6,368,10.3,0.0,3.0,0.0,Spring,No Holiday,Yes,643274,12
7048,20/10/2018,10,13.0,49,0.5,1685,2.5,1.61,0.0,0.0,Autum,No Holiday,Yes,5692432,1051
7049,7/5/2018,11,20.2,45,1.1,1894,7.8,2.33,0.0,0.0,Spring,No Holiday,Yes,6172599,1105
7050,22/02/2018,3,-2.8,57,0.5,1995,-10.1,0.0,,0.0,Wintr,No Holiday,Yes,1167181,64
7051,13/06/2018,8,20.7,65,1.5,1004,13.8,,,0.0,Summmer,No Holiday,Yes,5741666,1002
7052,9/11/2018,-7,13.3,58,1.7,1404,4.1,0.6,0.2,0.1,Summer,Holiday,Yes,1931215,325
7053,19/03/2018,16,8.9,63,3.0,1614,2.2,0.28,0.0,0.0,Sproing,No Holiday,Yes,1700745,254
7054,27/04/2018,-1,13.1,57,1.7,1443,3.6,0.54,0.2,0.1,Sprng,Holiday,No,1482723,192
7055,27/05/2018,15,23.9,37,2.6,1889,8.3,1.82,0.0,0.0,Spring,No Holiday,Yes,11067903,2092
7056,31/07/2018,3,29.3,57,1.6,2000,19.8,0.0,0.0,0.0,Summmer,No Holiday,Yes,1982122,350
7057,29/08/2018,8,25.3,83,3.4,1982,22.1,,0.0,0.0,Summr,No Holiday,Yes,8965861,1627
7058,23/10/2018,22,12.3,73,0.9,1392,7.5,0.0,0.0,0.0,Autumn,No Holiday,Yes,7264924,1280
7059,19/03/2018,22,7.6,48,3.1,2000,-2.7,0.0,0.0,0.0,Sproing,No Holiday,Yes,3308648,573
7060,1/2/2018,20,-2.4,36,1.0,2000,-15.4,0.0,,0.0,Wonter,No Holiday,Yes,1726493,257
7061,22/12/2017,12,4.5,56,0.8,836,-3.5,0.71,0.0,0.0,Wintr,Holiday,Yes,2029499,311
7062,5/1/2018,1,-5.1,51,1.5,1550,-13.6,0.0,0.0,0.0,Wonter,No Holiday,Yes,1519074,192
7063,3/11/2018,4,6.3,72,1.0,1104,1.6,0.0,0.0,0.0,Autum,No Holiday,No,589094,0
7064,9/7/2018,12,20.7,83,0.6,1244,17.7,0.32,0.0,0.0,Summr,No Holiday,Yes,1099495,82
7065,3/11/2018,9,7.9,58,1.3,1033,0.1,0.8,0.0,0.0,Autum,No Holiday,No,868933,0
7066,24/06/2018,14,31.6,34,2.9,1050,13.8,3.12,0.0,0.0,Summmer,No Holiday,Yes,5890344,1110
7067,1/5/2018,-2,11.7,57,1.7,1482,5.0,0.58,0.2,0.1,Sproing,Holiday,No,6153251,1057
7068,23/03/2018,4,2.0,80,0.8,474,-1.0,0.0,0.0,0.0,Spriing,No Holiday,Yes,726503,81
7069,24/03/2018,1,4.7,51,1.1,728,-4.5,0.0,0.0,0.0,Spriing,No Holiday,Yes,1959387,346
7070,25/08/2018,17,26.9,60,2.8,2000,18.4,0.77,0.0,0.0,Summr,No Holiday,Yes,10156420,1909
7071,20/10/2018,14,20.0,22,1.6,1950,-2.3,2.29,0.0,0.0,Autum,No Holiday,Yes,8661953,1705
7072,26/06/2018,22,22.4,95,4.1,222,21.5,0.0,0.0,0.0,Summr,No Holiday,Yes,2866313,431
7073,16/10/2018,-9,12.9,59,1.7,1467,3.3,0.57,0.3,0.0,Autumn,Holiday,No,5736357,1098
7074,7/11/2018,18,14.4,77,1.0,912,10.4,0.0,0.0,0.0,Auttumn,No Holiday,Yes,7275132,1427
7075,20/10/2018,-1,13.5,56,1.9,1427,5.3,0.53,0.2,0.1,Autumn,Holiday,No,12442019,2298
7076,19/05/2018,9,15.7,49,1.6,2000,5.0,2.0,0.0,0.0,Spriing,No Holiday,Yes,4996184,951
7077,11/6/2018,-8,13.2,56,1.7,1434,3.8,,0.2,0.1,Winter,No Holiday,No,5282724,866
7078,6/3/2018,21,5.5,33,3.2,1995,-9.5,0.0,0.0,0.0,Spriing,No Holiday,Yes,3561890,606
7079,18/02/2018,17,4.2,17,2.5,1990,-18.7,,0.0,0.0,Wintr,No Holiday,Yes,2630704,335
7080,9/12/2017,10,-2.2,42,1.3,1646,-13.4,0.61,0.0,0.0,Winter,No Holiday,Yes,1550027,283
7081,19/07/2018,6,23.3,83,0.2,875,20.2,0.02,0.0,0.0,Summr,No Holiday,Yes,4204185,677
7082,11/12/2017,12,-5.2,33,4.6,1973,-19.0,1.26,0.0,0.0,Winteer,No Holiday,Yes,1565843,241
7083,6/9/2018,8,21.8,77,0.9,1419,17.5,0.43,0.0,0.0,Autumn,No Holiday,Yes,13043524,2440
7084,10/2/2018,6,1.6,78,1.6,448,-1.8,,0.0,0.0,Wonter,No Holiday,Yes,893199,49
7085,2/7/2018,15,24.2,93,1.0,590,22.9,0.78,0.0,0.0,Summr,No Holiday,Yes,3471992,601
7086,1/1/2018,16,3.0,28,2.5,1864,-13.7,0.51,0.0,0.0,Winteer,Holiday,Yes,2033442,335
7087,8/9/2018,10,22.2,43,0.9,1891,9.0,2.09,0.0,0.0,Auttumn,No Holiday,Yes,6437199,1108
7088,3/4/2018,0,16.8,69,0.8,1395,11.0,0.0,0.0,0.0,Sprng,No Holiday,Yes,3731712,555
7089,24/11/2018,3,2.8,28,1.6,2000,-13.9,0.0,0.0,0.0,Autum,No Holiday,Yes,2296587,270
7090,19/01/2018,15,5.4,25,2.4,1686,-13.1,0.9,0.0,0.0,Wintr,No Holiday,Yes,2678617,353
7091,11/2/2018,12,-3.9,28,2.9,1921,-19.7,2.12,0.0,0.0,Winter,No Holiday,Yes,1250009,176
7092,4/12/2017,20,-3.6,38,3.0,2000,-15.8,0.0,,0.0,Wintr,No Holiday,Yes,2398498,410
